user,total_logons,unique_pcs,first_seen,last_seen,active_days,offhour_logons,weekend_logons
AAE0190,692,1,2010-01-04 08:09:00,2011-05-16 18:10:00,346,346,0
AAF0535,328,1,2010-01-04 08:56:00,2010-08-24 16:54:00,164,0,0
AAF0791,692,1,2010-01-04 08:06:00,2011-05-16 17:14:00,346,0,0
AAL0706,692,1,2010-01-04 07:38:00,2011-05-16 16:59:00,346,346,0
AAM0658,458,1,2010-01-04 09:14:00,2010-11-17 21:15:00,225,234,2
AAN0823,692,1,2010-01-04 08:19:00,2011-05-16 19:21:00,346,346,0
AAS0442,136,1,2010-01-04 07:46:00,2010-03-12 17:15:00,50,22,0
AAV0450,692,1,2010-01-04 07:49:00,2011-05-16 18:09:00,346,345,0
AAW0353,692,1,2010-01-04 07:57:00,2011-05-16 18:04:00,346,397,0
ABC0174,829,1,2010-01-02 07:37:00,2010-12-24 15:55:00,296,296,126
ABC0253,963,1,2010-01-04 07:34:00,2011-05-16 16:38:00,346,346,0
ABH0663,692,1,2010-01-04 07:32:00,2011-05-16 16:46:00,346,346,0
ABM0845,1002,2,2010-01-04 08:21:00,2011-05-16 19:30:00,346,349,0
ABN0239,959,1,2010-01-04 07:49:00,2011-05-16 17:59:00,346,366,0
ACC0042,2724,618,2010-01-04 02:52:25,2011-05-16 21:39:17,346,2091,0
ACV0812,1279,2,2010-01-04 08:21:00,2011-05-16 20:42:00,354,627,13
ADC0391,968,1,2010-01-04 07:50:00,2011-05-16 19:12:00,346,508,0
ADD0846,692,1,2010-01-04 08:19:00,2011-05-16 19:32:00,346,346,0
ADF0397,692,1,2010-01-04 07:52:00,2011-05-16 19:14:00,346,511,0
AES0827,692,1,2010-01-04 08:16:00,2011-05-16 19:32:00,346,346,0
AGB0186,692,1,2010-01-04 07:05:00,2011-05-16 18:11:00,346,692,0
AGB0643,692,1,2010-01-04 09:04:00,2011-05-16 21:14:00,346,346,0
AHC0142,1197,3,2010-01-02 07:13:00,2011-05-16 17:25:00,386,394,100
AHD0848,1162,22,2010-01-04 08:24:00,2011-05-16 19:29:00,382,411,87
AHG0634,465,2,2010-01-04 09:00:00,2010-08-16 21:13:00,158,164,0
AHM0410,1183,3,2010-01-04 07:52:00,2011-05-16 17:59:00,353,414,9
AIB0948,1207,34,2010-01-04 07:13:00,2011-05-16 16:15:00,346,460,0
AIH0675,692,1,2010-01-04 07:53:00,2011-05-16 15:59:00,346,162,0
AIM0627,692,1,2010-01-04 07:47:00,2011-05-16 17:15:00,346,150,0
AIP0394,1025,1,2010-01-04 07:55:00,2011-05-16 19:00:00,351,588,8
AIP0982,1000,2,2010-01-04 07:34:00,2011-05-16 17:37:00,346,357,0
AIS0405,692,1,2010-01-04 07:47:00,2011-05-16 18:58:00,346,510,0
AJC0840,692,1,2010-01-04 08:23:00,2011-05-16 19:25:00,346,346,0
AJD0074,1202,2,2010-01-04 06:45:00,2011-05-16 16:04:00,387,422,118
AJF0370,3267,661,2010-01-04 06:11:41,2011-05-16 20:46:36,373,1889,142
AJH0175,810,1,2010-01-04 07:44:00,2011-05-16 16:00:00,353,458,7
AJL0462,1034,1,2010-01-04 07:48:00,2011-05-16 17:50:00,350,423,6
AJN0607,1177,2,2010-01-04 07:51:00,2011-05-16 16:57:00,346,171,0
AJP0723,692,1,2010-01-04 07:35:00,2011-05-16 16:59:00,346,346,0
AJR0319,1258,1,2010-01-02 07:37:00,2011-05-16 15:45:00,446,446,279
AJR0932,398,1,2010-01-04 07:15:00,2010-10-07 16:16:00,196,203,1
AKC0924,692,1,2010-01-04 08:22:00,2011-05-16 19:28:00,346,346,0
AKF0709,692,1,2010-01-04 07:31:00,2011-05-16 16:43:00,346,346,0
AKH0758,692,1,2010-01-04 08:22:00,2011-05-16 16:28:00,346,0,0
AKK0329,692,1,2010-01-04 07:08:00,2011-05-16 18:05:00,346,692,0
AKR0057,662,13,2010-01-04 07:57:00,2010-11-30 18:57:00,231,365,0
AKW0167,692,1,2010-01-04 07:44:00,2011-05-16 15:45:00,346,346,0
ALB0892,470,1,2010-01-02 09:09:00,2010-09-10 18:23:00,235,235,116
ALC0788,692,1,2010-01-04 08:21:00,2011-05-16 19:43:00,346,346,0
ALD0529,968,1,2010-01-04 08:57:00,2011-05-16 16:52:00,346,0,0
ALD0544,692,1,2010-01-04 07:55:00,2011-05-16 18:10:00,346,353,0
ALH0402,692,1,2010-01-04 07:49:00,2011-05-16 18:57:00,346,500,0
AMD0077,692,1,2010-01-04 07:26:00,2011-05-16 15:32:00,346,346,0
AMH0464,692,1,2010-01-04 07:55:00,2011-05-16 17:55:00,346,344,0
AMH0794,692,1,2010-01-04 08:03:00,2011-05-16 17:12:00,346,0,0
AMJ0297,692,1,2010-01-04 08:47:00,2011-05-16 17:59:00,346,213,0
AMM0014,692,1,2010-01-04 07:31:00,2011-05-16 18:51:00,346,692,0
AMR0318,1013,1,2010-01-04 07:43:00,2011-05-16 15:45:00,349,393,5
AMR0400,692,1,2010-01-04 07:49:00,2011-05-16 19:00:00,346,503,0
AMV0036,692,1,2010-01-04 07:32:00,2011-05-16 15:45:00,346,346,0
AMW0392,1254,1,2010-01-02 07:58:00,2011-05-16 19:14:00,450,661,275
ANM0123,82,2,2010-01-04 08:15:00,2010-02-05 19:13:00,25,30,0
ANP0555,692,1,2010-01-04 07:50:00,2011-05-16 18:02:00,346,351,0
ANT0430,1022,3,2010-01-04 07:58:00,2011-05-16 16:50:00,346,157,0
AOB0019,692,1,2010-01-04 07:51:00,2011-05-16 17:54:00,346,346,0
AOK0844,1186,15,2010-01-02 08:20:00,2011-01-23 19:38:00,383,447,331
AOS0987,1149,3,2010-01-04 09:06:00,2011-05-16 18:24:00,346,371,0
APG0307,692,1,2010-01-04 09:00:00,2011-05-16 18:03:00,346,203,0
AQD0820,692,1,2010-01-04 08:29:00,2011-05-16 20:29:00,346,346,0
ARA0252,963,1,2010-01-04 07:59:00,2011-05-16 16:58:00,346,161,0
ARB0834,422,1,2010-01-04 08:16:00,2010-10-29 19:41:00,211,211,0
ARB0881,692,1,2010-01-04 09:11:00,2011-05-16 18:23:00,346,346,0
ARD0509,724,3,2010-01-04 08:53:00,2011-05-16 16:56:00,346,0,0
ARL0034,692,1,2010-01-04 07:43:00,2011-05-16 15:41:00,346,346,0
ASB0796,530,1,2010-01-04 08:05:00,2011-01-20 17:14:00,265,0,0
ASD0577,692,1,2010-01-04 08:20:00,2011-05-16 18:29:00,346,346,0
ASG0048,692,1,2010-01-04 07:50:00,2011-05-16 17:03:00,346,163,0
ASG0692,692,1,2010-01-04 08:51:00,2011-05-16 19:06:00,346,346,0
ASL0378,966,1,2010-01-04 07:45:00,2011-05-16 16:00:00,346,158,0
ASM0575,967,1,2010-01-04 08:23:00,2011-05-16 18:45:00,346,346,0
ASS0206,692,1,2010-01-04 07:41:00,2011-05-16 15:57:00,346,346,0
ASS0517,961,1,2010-01-04 08:45:00,2011-05-16 16:57:00,346,0,0
ASV0946,956,1,2010-01-04 07:12:00,2011-05-16 16:25:00,346,346,0
ATE0869,1427,4,2010-01-02 07:33:00,2011-05-16 17:53:00,486,521,391
ATF0274,692,1,2010-01-04 07:14:00,2011-05-16 17:15:00,346,346,0
ATP0662,1245,2,2010-01-04 08:51:00,2011-05-16 19:00:00,386,533,84
AVM0947,750,30,2010-01-04 07:00:00,2011-05-16 16:19:00,346,385,0
AWM0764,692,1,2010-01-04 08:23:00,2011-05-16 16:33:00,346,0,0
BAH0875,930,3,2010-01-04 07:38:00,2011-05-16 17:44:00,356,540,14
BAJ0654,776,42,2010-01-04 09:15:00,2011-05-16 21:12:00,346,415,0
BAK0964,692,1,2010-01-04 07:02:00,2011-05-16 16:30:00,346,346,0
BAL0044,3146,628,2010-01-04 05:06:15,2011-05-16 18:43:08,348,2181,4
BAM0611,957,1,2010-01-04 07:47:00,2011-05-16 16:55:00,346,161,0
BAM0636,692,1,2010-01-04 09:14:00,2011-05-16 21:23:00,346,346,0
BBG0325,1011,2,2010-01-04 07:32:00,2011-05-16 15:45:00,346,354,0
BBH0810,692,1,2010-01-04 08:26:00,2011-05-16 20:22:00,346,346,0
BBS0039,1326,385,2010-01-04 07:15:00,2010-08-13 21:30:41,157,1040,0
BBS0422,996,3,2010-01-04 07:47:00,2011-05-16 18:10:00,412,587,139
BCB0679,938,3,2010-01-04 07:50:00,2011-02-11 16:08:00,281,134,0
BCM0653,692,1,2010-01-04 09:04:00,2011-05-16 21:27:00,346,346,0
BCR0581,1110,3,2010-01-04 08:20:00,2011-05-16 18:30:00,346,396,0
BDB0453,800,1,2010-01-04 07:48:00,2011-05-16 17:59:00,349,489,3
BDI0533,1378,2,2010-01-02 09:00:00,2011-05-16 17:03:00,451,0,305
BDV0168,340,1,2010-01-04 07:44:00,2010-08-25 15:40:00,165,175,0
BEC0505,692,1,2010-01-04 08:07:00,2011-05-16 17:12:00,346,0,0
BEH0615,1096,22,2010-01-04 07:46:00,2011-05-16 17:00:00,353,181,4
BER0314,692,1,2010-01-04 07:40:00,2011-05-16 15:46:00,346,346,0
BHC0665,926,3,2010-01-04 08:25:00,2011-05-16 16:22:00,346,0,0
BHW0458,692,1,2010-01-04 07:48:00,2011-05-16 17:57:00,346,363,0
BIH0745,296,1,2010-01-04 07:56:00,2010-07-27 17:00:00,144,73,0
BIS0247,1056,1,2010-01-04 07:58:00,2011-05-16 16:51:00,354,255,14
BJH0354,692,1,2010-01-04 08:13:00,2011-05-16 17:16:00,346,0,0
BJH0811,692,1,2010-01-04 08:29:00,2011-05-16 20:33:00,346,346,0
BJM0111,884,1,2010-01-04 09:06:00,2011-05-17 06:43:35,385,500,68
BJP0134,966,6,2010-01-04 08:55:00,2011-05-16 18:01:00,346,184,0
BJW0619,692,1,2010-01-04 07:49:00,2011-05-16 17:00:00,346,148,0
BKW0374,2716,620,2010-01-04 08:04:00,2011-05-16 22:02:50,346,1705,0
BLB0114,1109,2,2010-01-04 09:09:00,2011-05-16 18:16:00,346,355,0
BLL0929,692,1,2010-01-04 07:13:00,2011-05-16 16:27:00,346,346,0
BLS0678,571,1,2010-01-04 07:55:00,2010-10-15 16:01:00,201,101,0
BMC0547,692,1,2010-01-04 07:55:00,2011-05-16 17:55:00,346,351,0
BMG0917,1005,1,2010-01-04 08:21:00,2011-05-16 19:27:00,349,388,6
BMM0112,692,1,2010-01-04 09:08:00,2011-05-16 18:11:00,346,346,0
BMS0877,252,1,2010-01-04 07:39:00,2010-06-30 17:45:00,126,129,0
BMT0528,744,2,2010-01-04 08:53:00,2011-05-16 17:00:00,346,0,0
BNG0237,955,1,2010-01-04 07:54:00,2011-05-16 17:56:00,346,363,0
BNR0965,962,1,2010-01-04 07:05:00,2011-05-16 16:24:00,346,346,0
BQS0525,112,8,2010-01-02 08:53:00,2010-02-19 17:00:00,49,0,32
BRB0355,1552,3,2010-01-02 08:54:00,2011-05-16 16:54:00,455,0,346
BRM0995,1015,4,2010-01-04 09:10:00,2011-05-16 21:17:00,346,390,0
BRS0734,220,1,2010-01-02 07:49:00,2010-05-12 17:00:00,110,57,34
BSA0431,692,1,2010-01-04 07:54:00,2011-05-16 16:59:00,346,161,0
BSB0990,692,1,2010-01-04 07:06:00,2011-05-16 15:15:00,346,346,0
BSH0445,692,1,2010-01-04 07:59:00,2011-05-16 17:04:00,346,166,0
BSS0369,1924,504,2010-01-03 00:56:15,2010-10-04 04:18:44,239,1134,360
BSS0463,728,2,2010-01-04 07:57:00,2011-05-16 17:57:00,346,379,0
BTL0226,647,20,2010-01-04 07:48:00,2010-11-02 19:10:00,213,336,0
BTL0722,692,1,2010-01-04 07:44:00,2011-05-16 16:45:00,346,346,0
BTN0061,1132,17,2010-01-04 07:56:00,2011-05-16 19:00:00,346,598,0
BTR0403,1114,21,2010-01-04 07:59:00,2011-05-16 19:00:00,346,611,0
BTS0011,692,1,2010-01-04 07:19:00,2011-05-16 15:30:00,346,346,0
BTW0005,932,2,2010-01-04 07:24:00,2011-05-16 16:37:00,346,360,0
BVC0790,1585,3,2010-01-03 09:01:00,2011-05-16 18:21:00,438,544,320
BVN0514,236,2,2010-01-04 08:48:00,2010-06-08 16:57:00,110,0,0
BWH0813,692,1,2010-01-04 08:15:00,2011-05-16 20:30:00,346,346,0
BWP0202,1335,2,2010-01-04 07:14:00,2011-05-16 17:15:00,355,507,16
BXJ0010,692,1,2010-01-04 07:57:00,2011-05-16 17:51:00,346,330,0
BYP0070,476,1,2010-01-04 07:48:00,2010-12-09 18:08:00,238,243,0
CAA0612,959,1,2010-01-04 07:55:00,2011-05-16 16:59:00,346,155,0
CAB0388,956,1,2010-01-04 08:00:00,2011-05-16 15:59:00,346,165,0
CAB0614,1112,15,2010-01-04 07:53:00,2011-05-16 16:57:00,346,166,0
CAC0889,120,1,2010-01-04 09:06:00,2010-03-26 18:15:00,60,60,0
CAH0936,567,19,2010-01-04 07:02:00,2010-09-03 16:10:00,172,216,0
CAM0102,692,1,2010-01-04 07:13:00,2011-05-16 17:15:00,346,346,0
CAM0681,959,1,2010-01-04 08:48:00,2011-05-16 19:01:00,346,346,0
CAN0842,692,1,2010-01-04 08:20:00,2011-05-16 19:27:00,346,346,0
CAS0507,1201,3,2010-01-04 08:58:00,2011-05-16 17:02:00,347,19,1
CBB0365,3256,634,2010-01-04 00:58:37,2011-05-16 22:15:16,346,1818,0
CBG0398,692,1,2010-01-04 07:48:00,2011-05-16 18:50:00,346,518,0
CBG0490,692,1,2010-01-04 08:12:00,2011-05-16 17:08:00,346,0,0
CCA0046,1608,447,2010-01-04 05:57:35,2010-10-15 22:52:13,201,1222,0
CCC0393,692,1,2010-01-04 07:48:00,2011-05-16 18:52:00,346,512,0
CCH0182,692,1,2010-01-04 07:15:00,2011-05-16 18:13:00,346,692,0
CCH0685,1007,2,2010-01-04 08:54:00,2011-05-16 18:56:00,346,348,0
CCL0068,576,1,2010-01-04 07:50:00,2011-02-22 17:49:00,288,294,0
CCM0136,997,2,2010-01-04 08:50:00,2011-05-16 17:58:00,346,191,0
CCM0467,692,1,2010-01-04 07:50:00,2011-05-16 17:57:00,346,357,0
CCM0855,692,1,2010-01-04 07:36:00,2011-05-16 17:44:00,346,358,0
CCR0863,692,1,2010-01-04 07:40:00,2011-05-16 17:44:00,346,354,0
CCW0031,692,1,2010-01-04 07:38:00,2011-05-16 15:56:00,346,346,0
CCW0524,692,1,2010-01-04 08:45:00,2011-05-16 17:06:00,346,0,0
CEB0210,692,1,2010-01-04 07:42:00,2011-05-16 15:40:00,346,346,0
CEJ0109,636,1,2010-01-04 09:06:00,2011-04-05 18:28:00,318,318,0
CEL0561,961,1,2010-01-04 08:50:00,2011-05-16 18:00:00,346,210,0
CFG0959,874,2,2010-01-04 07:14:00,2011-05-16 16:15:00,346,372,0
CFM0767,1096,7,2010-01-04 08:16:00,2011-05-16 16:28:00,350,86,4
CFW0264,120,1,2010-01-04 07:18:00,2010-03-26 15:24:00,60,60,0
CGA0629,692,1,2010-01-04 07:49:00,2011-05-16 17:06:00,346,163,0
CGB0637,956,1,2010-01-04 09:06:00,2011-05-16 21:30:00,346,346,0
CGF0337,692,1,2010-01-04 07:14:00,2011-05-16 18:15:00,346,692,0
CHG0146,692,1,2010-01-04 08:18:00,2011-05-16 16:24:00,346,0,0
CHM0821,1221,3,2010-01-04 08:20:00,2011-05-16 19:36:00,346,522,0
CIG0052,692,1,2010-01-04 08:18:00,2011-05-16 17:33:00,346,0,0
CIM0271,997,3,2010-01-04 07:00:00,2011-05-16 17:14:00,346,354,0
CIM0926,460,2,2010-01-04 08:22:00,2010-11-24 19:44:00,229,231,0
CJC0494,692,1,2010-01-04 08:04:00,2011-05-16 17:13:00,346,0,0
CJF0802,1100,2,2010-01-04 08:04:00,2011-05-16 17:25:00,352,110,10
CJG0470,692,1,2010-01-04 07:54:00,2011-05-16 18:01:00,346,384,0
CJH0702,692,1,2010-01-04 07:43:00,2011-05-16 16:42:00,346,346,0
CJK0200,692,1,2010-01-04 07:24:00,2011-05-16 15:22:00,346,346,0
CJM0138,692,1,2010-01-04 08:55:00,2011-05-16 17:58:00,346,212,0
CJM0521,928,1,2010-01-02 08:47:00,2011-05-16 16:52:00,464,0,226
CJP0952,1034,2,2010-01-04 07:00:00,2011-05-16 16:06:00,348,385,3
CJV0286,963,1,2010-01-04 09:04:00,2011-05-16 18:18:00,346,346,0
CKB0427,692,1,2010-01-04 07:57:00,2011-05-16 16:58:00,346,155,0
CKB0482,692,1,2010-01-04 08:03:00,2011-05-16 17:14:00,346,0,0
CKD0680,692,1,2010-01-04 07:47:00,2011-05-16 16:00:00,346,159,0
CKH0144,692,1,2010-01-04 07:02:00,2011-05-16 17:06:00,346,346,0
CKP0721,692,1,2010-01-04 07:44:00,2011-05-16 16:51:00,346,346,0
CLB0774,848,1,2010-01-04 08:17:00,2011-05-16 16:37:00,357,153,17
CLD0894,692,1,2010-01-04 09:05:00,2011-05-16 18:04:00,346,346,0
CLF0852,1196,3,2010-01-04 07:34:00,2011-05-16 17:48:00,346,387,0
CLH0703,692,1,2010-01-04 07:33:00,2011-05-16 16:59:00,346,346,0
CLS0296,692,1,2010-01-04 08:54:00,2011-05-16 18:00:00,346,187,0
CMB0912,1378,46,2010-01-03 07:06:00,2011-05-16 16:12:00,423,488,220
CMM0487,692,1,2010-01-04 08:05:00,2011-05-16 17:08:00,346,0,0
CMS0454,692,1,2010-01-04 07:53:00,2011-05-16 18:05:00,346,353,0
CMW0783,692,1,2010-01-04 08:29:00,2011-05-16 16:28:00,346,0,0
CNB0900,692,1,2010-01-04 09:07:00,2011-05-16 18:12:00,346,346,0
CNE0352,692,1,2010-01-04 07:53:00,2011-05-16 16:55:00,346,174,0
CNM0800,692,1,2010-01-04 08:03:00,2011-05-16 17:08:00,346,0,0
COF0120,596,1,2010-01-04 09:00:00,2011-01-14 21:12:00,266,325,10
COM0321,692,1,2010-01-04 07:42:00,2011-05-16 15:36:00,346,346,0
CPG0322,1006,35,2010-01-04 07:44:00,2011-05-16 15:37:00,346,388,0
CQH0701,963,1,2010-01-04 07:45:00,2011-05-16 16:56:00,346,346,0
CQH0730,692,1,2010-01-04 07:52:00,2011-05-16 16:49:00,346,162,0
CQW0652,654,1,2010-01-04 09:15:00,2011-04-18 21:15:00,327,327,0
CRD0624,100,1,2010-01-04 07:48:00,2010-03-05 16:58:00,45,27,0
CRK0916,997,1,2010-01-04 08:18:00,2011-05-16 19:29:00,351,394,9
CRO0027,1009,3,2010-01-04 09:05:00,2011-05-16 18:19:00,348,362,4
CRP0456,692,1,2010-01-04 07:46:00,2011-05-16 18:09:00,346,369,0
CSB0080,692,1,2010-01-04 07:54:00,2011-05-16 16:52:00,346,160,0
CSC0217,934,289,2010-01-04 02:32:51,2010-06-11 22:27:10,113,706,0
CSH0626,1294,3,2010-01-04 08:00:00,2011-05-16 17:00:00,404,344,142
CSJ0340,692,1,2010-01-04 07:01:00,2011-05-16 18:08:00,346,692,0
CSL0949,692,1,2010-01-04 07:08:00,2011-05-16 16:22:00,346,346,0
CSP0197,1208,2,2010-01-04 08:12:00,2011-05-16 18:15:00,346,353,0
CTA0020,1010,4,2010-01-04 07:49:00,2011-05-16 18:00:00,346,506,0
CTR0341,1604,3,2010-01-02 07:14:00,2011-05-16 18:15:00,491,1192,447
CTR0697,963,1,2010-01-04 07:30:00,2011-05-16 16:43:00,346,354,0
CTW0500,692,1,2010-01-04 08:01:00,2011-05-16 17:10:00,346,0,0
CUD0795,692,1,2010-01-04 08:02:00,2011-05-16 17:13:00,346,0,0
CWB0065,1188,2,2010-01-04 07:10:00,2011-05-16 15:16:00,346,376,0
CWR0502,1122,2,2010-01-04 08:13:00,2011-05-16 17:29:00,346,0,0
CXC0336,692,1,2010-01-04 07:15:00,2011-05-16 18:11:00,346,692,0
CYA0506,210,1,2010-01-04 08:45:00,2010-06-01 17:09:00,105,0,0
DAG0558,692,1,2010-01-04 08:58:00,2011-05-16 17:59:00,346,189,0
DAL0673,993,3,2010-01-04 07:52:00,2011-05-16 16:00:00,346,160,0
DAR0885,116,5,2010-01-02 09:01:00,2010-02-08 04:27:31,38,55,33
DBB0384,692,1,2010-01-04 07:56:00,2011-05-16 16:12:00,346,174,0
DBG0261,692,1,2010-01-04 07:32:00,2011-05-16 16:45:00,346,346,0
DBS0235,748,29,2010-01-04 07:50:00,2011-05-16 19:00:00,346,530,0
DBW0483,691,1,2010-01-04 08:08:00,2011-05-16 17:24:00,346,0,0
DCC0160,692,1,2010-01-04 07:30:00,2011-05-16 18:43:00,346,692,0
DCH0843,588,1,2010-01-04 08:16:00,2011-02-23 19:23:00,290,299,2
DDA0476,692,1,2010-01-04 08:14:00,2011-05-16 17:28:00,346,0,0
DDM0579,692,1,2010-01-04 08:18:00,2011-05-16 18:30:00,346,346,0
DEB0782,692,1,2010-01-04 08:29:00,2011-05-16 16:35:00,346,0,0
DFH0188,1133,3,2010-01-04 07:00:00,2011-05-16 18:11:00,346,773,0
DFR0218,2714,614,2010-01-04 05:44:26,2011-05-16 19:37:05,346,2086,0
DGF0443,692,1,2010-01-04 07:58:00,2011-05-16 17:05:00,346,163,0
DGM0754,58,1,2010-01-04 07:58:00,2010-02-11 17:15:00,29,12,0
DGN0480,658,1,2010-01-04 08:07:00,2011-04-20 17:20:00,329,0,0
DGW0752,964,1,2010-01-04 07:59:00,2011-05-16 16:59:00,346,168,0
DHM0937,692,1,2010-01-04 07:11:00,2011-05-16 16:13:00,346,346,0
DIB0081,551,3,2010-01-04 08:00:00,2010-08-20 17:15:00,162,79,0
DIB0285,368,1,2010-01-04 09:09:00,2010-09-22 18:15:00,184,184,0
DIC0988,692,1,2010-01-04 07:43:00,2011-05-16 18:45:00,346,692,0
DID0650,692,1,2010-01-04 09:03:00,2011-05-16 21:07:00,346,346,0
DIW0118,1209,3,2010-01-04 07:00:00,2011-05-16 16:16:00,346,384,0
DJB0159,1002,2,2010-01-04 07:00:00,2011-05-16 16:17:00,346,349,0
DJS0682,692,1,2010-01-04 08:47:00,2011-05-16 18:55:00,346,346,0
DKB0631,692,1,2010-01-04 09:13:00,2011-05-16 21:10:00,346,346,0
DLF0377,692,1,2010-01-04 07:55:00,2011-05-16 15:58:00,346,165,0
DLH0029,692,1,2010-01-04 07:37:00,2011-05-16 18:44:00,346,692,0
DLM0051,1367,3,2010-01-03 06:50:00,2011-05-16 15:57:00,436,477,294
DLS0383,949,1,2010-01-04 08:00:00,2011-05-16 16:03:00,346,165,0
DMG0358,3038,633,2010-01-04 05:39:40,2011-05-16 18:25:02,346,1812,0
DMK0257,1160,2,2010-01-04 07:41:00,2011-05-16 16:39:00,356,495,16
DMM0623,982,1,2010-01-04 07:54:00,2011-05-16 17:00:00,355,164,9
DOL0332,692,1,2010-01-04 07:13:00,2011-05-16 18:12:00,346,692,0
DOP0562,692,1,2010-01-04 08:49:00,2011-05-16 17:51:00,346,183,0
DPM0423,914,2,2010-01-04 07:56:00,2011-05-16 18:05:00,346,382,0
DPS0262,254,1,2010-01-04 07:35:00,2010-06-09 16:48:00,113,143,4
DRR0162,512,1,2010-01-04 07:03:00,2011-01-07 16:16:00,256,256,0
DRR0242,884,1,2010-01-03 07:54:00,2011-05-16 18:13:00,442,443,188
DSB0731,692,1,2010-01-04 07:57:00,2011-05-16 16:51:00,346,170,0
DSM0591,692,1,2010-01-04 08:30:00,2011-05-16 18:24:00,346,346,0
DTP0379,1076,4,2010-01-04 07:52:00,2011-05-16 16:09:00,346,160,0
DTT0076,692,1,2010-01-04 07:45:00,2011-05-16 16:57:00,346,346,0
DVM0265,796,3,2010-01-04 07:29:00,2011-05-16 15:30:00,346,384,0
DVW0103,692,1,2010-01-04 07:10:00,2011-05-16 17:22:00,346,346,0
DZC0228,692,1,2010-01-04 07:49:00,2011-05-16 18:59:00,346,493,0
EAH0466,104,3,2010-01-04 07:59:00,2010-02-19 18:00:00,35,37,0
EBC0390,692,1,2010-01-04 07:48:00,2011-05-16 16:07:00,346,152,0
ECF0828,422,1,2010-01-04 08:16:00,2010-10-29 19:44:00,211,211,0
ECL0930,963,1,2010-01-04 07:02:00,2011-05-16 16:17:00,346,346,0
ECR0822,692,1,2010-01-04 08:23:00,2011-05-16 19:26:00,346,346,0
EDA0684,88,2,2010-01-04 08:47:00,2010-02-19 19:04:00,35,46,0
EDB0714,484,1,2010-01-04 07:41:00,2010-12-15 16:35:00,242,242,0
EFS0882,692,1,2010-01-04 09:04:00,2011-05-16 18:15:00,346,346,0
EGD0132,378,1,2010-01-04 08:54:00,2010-09-29 18:15:00,189,118,0
EGD0409,388,1,2010-01-04 07:47:00,2010-07-21 18:01:00,140,144,0
EGK0893,692,1,2010-01-04 09:04:00,2011-05-16 18:23:00,346,346,0
EHB0420,1651,3,2010-01-03 07:51:00,2011-05-16 18:05:00,442,645,321
EHB0824,328,1,2010-01-04 08:18:00,2010-08-17 19:29:00,159,169,0
EHD0584,641,3,2010-01-04 08:21:00,2010-10-28 18:45:00,211,237,2
EHR0096,692,1,2010-01-04 07:05:00,2011-05-16 17:23:00,346,346,0
EIM0156,692,1,2010-01-04 06:56:00,2011-05-16 16:56:00,346,346,0
EIP0997,692,1,2010-01-04 08:00:00,2011-05-16 19:10:00,346,346,0
EIS0041,3052,622,2010-01-04 02:24:32,2011-05-16 22:28:35,346,2141,0
EJW0884,691,1,2010-01-04 09:11:00,2011-05-16 18:12:00,346,346,0
ELB0847,762,3,2010-01-04 08:28:00,2011-05-16 19:23:00,346,391,0
ELH0960,692,1,2010-01-04 07:13:00,2011-05-16 16:19:00,346,346,0
ELT0769,692,1,2010-01-04 08:15:00,2011-05-16 16:19:00,346,0,0
EMB0531,965,1,2010-01-04 08:50:00,2011-05-16 16:58:00,346,0,0
EMS0317,692,1,2010-01-04 07:43:00,2011-05-16 15:40:00,346,346,0
EMW0105,692,1,2010-01-04 09:05:00,2011-05-16 18:11:00,346,346,0
EMW0772,722,3,2010-01-04 08:16:00,2011-05-16 16:27:00,346,0,0
ENC0234,771,2,2010-01-04 07:49:00,2011-01-12 18:55:00,259,385,0
ENL0100,692,1,2010-01-04 07:13:00,2011-05-16 17:09:00,346,346,0
EPW0434,692,1,2010-01-04 07:58:00,2011-05-16 17:00:00,346,167,0
ERH0449,692,1,2010-01-04 08:00:00,2011-05-16 18:07:00,346,349,0
ESA0642,692,1,2010-01-04 09:06:00,2011-05-16 21:01:00,346,346,0
ESH0135,692,1,2010-01-04 08:50:00,2011-05-16 17:58:00,346,187,0
ESH0283,762,35,2010-01-04 09:03:00,2011-05-16 18:10:00,346,365,0
ESJ0670,1030,3,2010-01-02 07:56:00,2011-05-16 15:56:00,471,211,258
ESR0693,384,2,2010-01-04 08:57:00,2010-08-31 18:52:00,169,172,0
ETR0177,692,1,2010-01-04 08:45:00,2011-05-16 18:41:00,346,346,0
ETR0428,834,3,2010-01-04 07:52:00,2011-05-16 16:52:00,346,165,0
EWH0191,959,1,2010-01-04 07:20:00,2011-05-16 15:27:00,346,346,0
EZH0736,692,1,2010-01-04 07:51:00,2011-05-16 16:59:00,346,160,0
EZT0640,1197,2,2010-01-04 09:11:00,2011-05-16 21:14:00,346,462,0
FAW0032,708,1,2010-01-04 07:26:00,2011-05-16 15:30:00,346,355,0
FBA0348,696,1,2010-01-04 08:15:00,2011-05-16 16:15:00,346,4,0
FBW0747,796,3,2010-01-04 07:54:00,2011-05-16 17:10:00,366,183,40
FDE0117,692,1,2010-01-04 08:00:00,2011-05-16 19:19:00,346,346,0
FEB0306,1118,2,2010-01-04 08:50:00,2011-05-16 18:00:00,346,228,0
FFC0891,745,2,2010-01-04 09:05:00,2010-10-08 18:08:00,199,253,5
FGW0853,910,4,2010-01-04 07:38:00,2011-05-16 17:48:00,355,497,14
FHO0630,692,1,2010-01-04 07:58:00,2011-05-16 16:58:00,346,173,0
FHS0837,692,1,2010-01-04 08:30:00,2011-05-16 19:28:00,346,346,0
FIR0920,878,2,2010-01-04 08:23:00,2011-05-16 19:25:00,346,384,0
FKB0163,692,1,2010-01-04 07:14:00,2011-05-16 16:16:00,346,346,0
FKK0055,1345,3,2010-01-02 08:20:00,2011-05-16 17:17:00,464,0,335
FLM0213,691,1,2010-01-04 07:45:00,2011-05-16 15:49:00,346,345,0
FMG0527,548,1,2010-01-04 08:55:00,2011-01-27 16:59:00,271,8,0
FOB0756,1479,2,2010-01-02 08:29:00,2011-05-16 16:33:00,425,0,255
FPC0954,692,1,2010-01-04 07:11:00,2011-05-16 16:30:00,346,346,0
FQA0854,702,6,2010-01-04 07:38:00,2011-05-16 17:48:00,346,360,0
FRB0023,692,1,2010-01-04 07:28:00,2011-05-16 15:22:00,346,346,0
FRL0511,692,1,2010-01-04 08:46:00,2011-05-16 16:56:00,346,0,0
FRR0832,692,1,2010-01-04 08:30:00,2011-05-16 19:34:00,346,346,0
FSB0399,670,1,2010-01-04 07:52:00,2011-04-29 19:05:00,335,489,0
FSC0601,648,2,2010-01-04 07:47:00,2011-03-18 16:55:00,306,136,0
FTM0406,498,1,2010-01-04 07:46:00,2010-12-20 18:02:00,246,262,0
FUM0015,692,1,2010-01-04 08:22:00,2011-05-16 19:35:00,346,346,0
FWM0707,748,3,2010-01-04 07:38:00,2011-05-16 16:58:00,346,356,0
FXF0957,692,1,2010-01-04 07:07:00,2011-05-16 16:11:00,346,346,0
GAF0060,692,1,2010-01-04 07:51:00,2011-05-16 19:15:00,346,503,0
GAF0570,999,21,2010-01-04 09:00:00,2011-05-16 17:49:00,346,192,0
GBM0603,644,1,2010-01-04 07:55:00,2011-04-11 16:57:00,322,146,0
GCC0744,692,1,2010-01-04 08:00:00,2011-05-16 16:59:00,346,168,0
GCC0945,692,1,2010-01-04 07:13:00,2011-05-16 16:15:00,346,346,0
GCG0951,1035,2,2010-01-04 07:08:00,2011-05-16 16:14:00,346,355,0
GCL0016,1125,3,2010-01-04 08:00:00,2011-05-16 17:59:00,388,406,122
GCR0554,692,1,2010-01-04 07:54:00,2011-05-16 17:47:00,346,338,0
GCS0518,692,1,2010-01-04 08:55:00,2011-05-16 17:03:00,346,0,0
GCS0571,988,2,2010-01-04 08:28:00,2011-05-16 18:28:00,346,352,0
GDF0704,1012,3,2010-01-04 07:45:00,2011-05-16 16:39:00,346,350,0
GHH0288,808,3,2010-01-04 08:54:00,2011-05-16 18:10:00,348,231,4
GHL0460,464,1,2010-01-04 07:45:00,2010-11-24 18:11:00,230,243,1
GJD0298,692,1,2010-01-04 08:54:00,2011-05-16 18:05:00,346,205,0
GJT0386,692,1,2010-01-04 07:47:00,2011-05-16 15:50:00,346,159,0
GKO0078,1217,3,2010-01-04 07:03:00,2011-05-16 17:26:00,346,382,0
GLR0975,957,1,2010-01-04 07:47:00,2011-05-16 18:07:00,346,398,0
GMF0738,692,1,2010-01-04 07:49:00,2011-05-16 17:11:00,346,167,0
GNS0178,1078,2,2010-01-04 07:08:00,2011-05-16 18:21:00,349,767,5
GNZ0953,962,1,2010-01-04 07:09:00,2011-05-16 16:21:00,346,346,0
GOK0238,482,1,2010-01-04 07:47:00,2010-12-14 18:07:00,241,284,0
GQF0659,692,1,2010-01-04 09:06:00,2011-05-16 21:02:00,346,346,0
GQP0743,692,1,2010-01-04 07:48:00,2011-05-16 16:56:00,346,164,0
GRC0145,692,1,2010-01-04 08:35:00,2011-05-16 15:47:00,346,0,0
GRM0868,692,1,2010-01-04 07:43:00,2011-05-16 17:39:00,346,360,0
GTD0116,692,1,2010-01-04 09:05:00,2011-05-16 21:06:00,346,346,0
GTD0219,980,306,2010-01-04 03:37:16,2010-06-18 21:03:36,118,737,0
GTD0898,692,1,2010-01-04 09:13:00,2011-05-16 18:27:00,346,346,0
GZB0469,692,1,2010-01-04 07:47:00,2011-05-16 18:02:00,346,359,0
GZC0735,1306,2,2010-01-04 07:51:00,2011-05-16 17:01:00,399,195,144
HAC0282,692,1,2010-01-04 09:11:00,2011-05-16 18:12:00,346,346,0
HAD0246,1703,2,2010-01-02 07:46:00,2011-05-16 16:58:00,494,408,503
HAH0248,692,1,2010-01-04 07:50:00,2011-05-16 16:58:00,346,156,0
HAH0760,957,1,2010-01-04 08:20:00,2011-05-16 16:33:00,346,0,0
HAM0985,692,1,2010-01-04 07:44:00,2011-05-16 17:43:00,346,357,0
HAV0121,692,1,2010-01-04 09:13:00,2011-05-16 21:24:00,346,346,0
HBB0056,692,1,2010-01-04 08:18:00,2011-05-16 17:26:00,346,0,0
HBO0413,646,1,2010-01-04 07:51:00,2011-04-12 18:00:00,323,347,0
HCC0344,692,1,2010-01-04 07:05:00,2011-05-16 18:00:00,346,692,0
HCL0113,692,1,2010-01-04 09:08:00,2011-05-16 18:14:00,346,346,0
HCL0651,1016,2,2010-01-04 09:11:00,2011-05-16 21:14:00,346,359,0
HCM0267,692,1,2010-01-04 07:25:00,2011-05-16 15:28:00,346,346,0
HCS0003,692,1,2010-01-04 08:20:00,2011-05-16 17:30:00,346,0,0
HCV0478,957,1,2010-01-04 08:00:00,2011-05-16 17:13:00,346,0,0
HCW0419,965,1,2010-01-04 07:47:00,2011-05-16 17:49:00,346,355,0
HDD0789,692,1,2010-01-04 07:33:00,2011-05-16 17:45:00,346,351,0
HDD0806,1428,26,2010-01-02 08:18:00,2011-05-16 20:31:00,472,508,361
HDH0928,692,1,2010-01-04 08:22:00,2011-05-16 19:26:00,346,346,0
HDJ0446,692,1,2010-01-04 07:53:00,2011-05-16 17:51:00,346,347,0
HDL0748,692,1,2010-01-04 07:58:00,2011-05-16 17:02:00,346,151,0
HDS0367,3035,630,2010-01-04 08:06:00,2011-05-16 16:14:00,346,1834,0
HFB0347,528,1,2010-01-04 07:00:00,2011-01-06 18:10:00,264,528,14
HGG0240,692,1,2010-01-04 07:53:00,2011-05-16 17:57:00,346,359,0
HGH0595,692,1,2010-01-04 08:27:00,2011-05-16 18:34:00,346,346,0
HGN0287,692,1,2010-01-04 09:04:00,2011-05-16 18:10:00,346,346,0
HIA0414,692,1,2010-01-04 07:59:00,2011-05-16 18:13:00,346,377,0
HIW0536,692,1,2010-01-04 07:46:00,2011-05-16 18:00:00,346,508,0
HJA0018,955,1,2010-01-04 07:59:00,2011-05-16 18:00:00,346,389,0
HJB0742,709,2,2010-01-04 07:45:00,2010-12-14 17:15:00,242,132,0
HJS0072,73,3,2010-01-04 07:50:00,2010-02-03 18:00:00,25,31,4
HKB0418,664,1,2010-01-04 07:53:00,2011-04-26 18:13:00,332,321,0
HKF0831,692,1,2010-01-04 08:15:00,2011-05-16 19:43:00,346,346,0
HKI0171,691,1,2010-01-04 07:40:00,2011-05-16 15:51:00,346,345,0
HKR0628,1157,3,2010-01-04 07:47:00,2011-05-16 16:53:00,346,171,0
HLH0512,1002,10,2010-01-02 08:52:00,2011-05-16 16:57:00,492,0,276
HLM0933,692,1,2010-01-04 07:13:00,2011-05-16 16:22:00,346,346,0
HMM0108,200,2,2010-01-04 09:01:00,2010-03-19 18:14:00,55,57,0
HMW0713,692,1,2010-01-04 07:42:00,2011-05-16 16:38:00,346,346,0
HOB0994,692,1,2010-01-04 09:03:00,2011-05-16 21:12:00,346,346,0
HPH0075,1125,1,2010-01-02 07:50:00,2011-05-16 17:00:00,404,199,163
HPM0986,692,1,2010-01-04 07:40:00,2011-05-16 17:55:00,346,355,0
HPR0585,953,1,2010-01-04 08:27:00,2011-05-16 18:43:00,346,346,0
HRB0351,1143,38,2010-01-04 07:57:00,2011-05-16 18:12:00,383,374,103
HRD0635,352,12,2010-01-04 09:11:00,2010-05-10 21:11:00,90,116,0
HRL0540,1014,2,2010-01-04 09:02:00,2011-05-16 21:14:00,346,383,0
HRW0550,692,1,2010-01-04 07:52:00,2011-05-16 17:55:00,346,357,0
HSB0196,988,1,2010-01-02 08:05:00,2011-05-16 18:06:00,475,513,247
HSD0457,692,1,2010-01-04 07:58:00,2011-05-16 17:57:00,346,362,0
HSG0818,965,1,2010-01-04 08:22:00,2011-05-16 20:27:00,346,346,0
HSP0290,692,1,2010-01-04 08:45:00,2011-05-16 18:00:00,346,186,0
HTF0641,692,1,2010-01-04 09:04:00,2011-05-16 21:11:00,346,346,0
HTH0007,961,3,2010-01-04 06:58:00,2011-05-16 15:59:00,346,348,0
HVB0037,806,1,2010-01-02 07:34:00,2011-05-16 15:42:00,403,403,104
HVF0067,999,17,2010-01-04 07:51:00,2011-05-16 17:58:00,346,373,0
HWH0646,975,1,2010-01-04 09:04:00,2011-05-16 21:10:00,346,346,0
HWM0342,730,2,2010-01-04 07:06:00,2011-05-16 18:22:00,346,696,0
HWW0436,1215,3,2010-01-04 07:58:00,2011-05-16 17:00:00,350,203,5
HWY0038,898,285,2010-01-04 06:03:39,2010-06-04 23:17:23,108,689,0
HXL0968,422,1,2010-01-04 07:03:00,2010-10-29 16:12:00,211,211,0
IAR0694,1395,3,2010-01-02 08:54:00,2011-05-16 18:54:00,404,428,188
IAT0263,372,1,2010-01-04 07:25:00,2010-09-24 15:29:00,186,186,0
IBB0359,3086,604,2010-01-04 08:15:00,2011-05-16 23:23:35,349,1786,4
IBB0696,1004,3,2010-01-04 07:38:00,2011-05-16 16:51:00,346,349,0
IBM0671,979,2,2010-01-04 07:54:00,2011-05-16 15:58:00,346,170,0
IBP0883,1121,1,2010-01-04 09:14:00,2011-05-16 18:06:00,353,494,12
IBS0836,1141,3,2010-01-04 08:21:00,2011-05-16 19:30:00,384,440,100
ICH0294,858,3,2010-01-04 08:51:00,2011-05-16 17:54:00,346,181,0
ICS0956,502,1,2010-01-04 07:02:00,2010-12-30 16:10:00,251,251,0
IDO0176,692,1,2010-01-04 07:36:00,2011-05-16 15:49:00,346,346,0
IEB0153,766,2,2010-01-04 08:28:00,2011-05-16 18:33:00,372,374,42
IHK0841,692,1,2010-01-04 08:30:00,2011-05-16 19:21:00,346,346,0
IIA0092,692,1,2010-01-04 07:25:00,2011-05-16 15:28:00,346,346,0
IIL0513,878,1,2010-01-03 08:48:00,2011-05-16 16:54:00,439,0,176
IIW0249,870,21,2010-01-02 07:56:00,2011-05-16 16:55:00,399,230,98
IJM0139,692,1,2010-01-04 08:51:00,2011-05-16 17:55:00,346,178,0
IJM0444,1221,3,2010-01-04 07:48:00,2011-05-16 17:07:00,348,207,3
IJM0776,342,1,2010-01-04 08:21:00,2010-09-02 16:29:00,171,0,0
IJR0825,692,1,2010-01-04 08:17:00,2011-05-16 19:30:00,346,346,0
IJW0851,692,1,2010-01-04 07:45:00,2011-05-16 17:55:00,346,340,0
IKP0472,1637,2,2010-01-02 07:48:00,2011-05-16 18:12:00,495,509,465
IKR0401,574,1,2010-01-04 07:45:00,2011-02-21 19:02:00,287,426,0
ILC0838,692,1,2010-01-04 08:18:00,2011-05-16 19:45:00,346,346,0
ILH0958,1203,27,2010-01-04 07:13:00,2011-05-16 16:25:00,346,414,0
ILJ0526,1337,28,2010-01-04 08:57:00,2011-05-16 17:00:00,375,0,95
ILR0304,692,1,2010-01-04 08:57:00,2011-05-16 17:52:00,346,185,0
IMB0481,692,1,2010-01-04 08:10:00,2011-05-16 17:14:00,346,0,0
IMG0320,692,1,2010-01-04 07:32:00,2011-05-16 15:58:00,346,346,0
IMP0530,692,1,2010-01-04 08:55:00,2011-05-16 17:12:00,346,0,0
IRM0931,1747,2,2010-01-02 07:00:00,2011-05-17 06:23:48,479,607,450
IRT0491,692,1,2010-01-04 08:00:00,2011-05-16 17:21:00,346,0,0
IUB0565,468,1,2010-01-04 08:48:00,2010-12-03 18:02:00,234,137,0
IUY0279,987,3,2010-01-04 09:14:00,2011-05-16 18:13:00,346,354,0
IWM0816,968,1,2010-01-04 08:22:00,2011-05-16 20:29:00,346,346,0
IYB0918,692,1,2010-01-04 08:24:00,2011-05-16 19:25:00,346,346,0
JAD0609,876,3,2010-01-04 07:45:00,2011-05-16 17:01:00,346,177,0
JAJ0849,1465,3,2010-01-03 08:27:00,2011-05-16 19:40:00,446,568,296
JAM0382,692,1,2010-01-04 07:46:00,2011-05-16 16:15:00,346,156,0
JAV0361,2768,625,2010-01-04 01:25:06,2011-05-16 19:10:18,346,1803,0
JBD0616,1002,2,2010-01-04 07:56:00,2011-05-16 17:09:00,346,167,0
JBM0350,868,3,2010-01-04 07:56:00,2011-05-16 18:54:00,352,676,10
JCC0225,2750,639,2010-01-04 06:28:21,2011-05-16 22:35:48,346,2125,0
JCG0316,1203,2,2010-01-04 07:36:00,2011-05-16 15:45:00,346,368,0
JCR0172,1130,1,2010-01-02 07:38:00,2011-05-16 15:55:00,407,407,153
JCR0289,692,1,2010-01-04 08:58:00,2011-05-16 18:09:00,346,217,0
JCR0770,692,1,2010-01-04 08:21:00,2011-05-16 16:29:00,346,0,0
JCR0921,692,1,2010-01-04 08:20:00,2011-05-16 19:28:00,346,346,0
JCV0245,692,1,2010-01-04 07:56:00,2011-05-16 17:00:00,346,160,0
JCW0858,692,1,2010-01-04 07:41:00,2011-05-16 17:40:00,346,359,0
JDB0169,966,1,2010-01-04 07:39:00,2011-05-16 15:32:00,346,346,0
JDC0030,1406,3,2010-01-02 08:15:00,2011-05-16 19:39:00,477,494,368
JDF0593,1313,3,2010-01-04 08:26:00,2011-05-17 04:40:33,381,522,68
JER0404,692,1,2010-01-04 07:52:00,2011-05-16 18:58:00,346,497,0
JFC0557,961,1,2010-01-04 08:48:00,2011-05-16 17:47:00,346,184,0
JFC0757,692,1,2010-01-04 08:18:00,2011-05-16 16:43:00,346,0,0
JGM0934,970,1,2010-01-04 07:12:00,2011-05-16 16:26:00,346,346,0
JGT0221,1172,368,2010-01-04 00:04:43,2010-07-16 23:23:46,137,906,0
JHP0583,1391,3,2010-01-02 08:20:00,2011-05-16 18:23:00,406,515,183
JIG0128,692,1,2010-01-04 08:09:00,2011-05-16 19:13:00,346,346,0
JIM0095,692,1,2010-01-04 07:07:00,2011-05-16 17:26:00,346,346,0
JJB0127,692,1,2010-01-04 08:04:00,2011-05-16 19:11:00,346,346,0
JJB0700,742,2,2010-01-04 07:34:00,2011-05-16 16:58:00,346,350,0
JJH0292,1042,3,2010-01-04 08:45:00,2011-05-16 18:05:00,352,210,6
JJH0613,1147,2,2010-01-04 07:57:00,2011-05-16 16:52:00,346,173,0
JJM0203,686,2,2010-01-04 07:14:00,2010-10-29 17:26:00,211,234,0
JKB0126,691,1,2010-01-04 08:00:00,2011-05-16 19:11:00,346,346,0
JKF0465,840,1,2010-01-02 07:56:00,2011-05-16 17:58:00,420,433,128
JKJ0698,943,31,2010-01-02 07:37:00,2011-05-16 16:51:00,442,461,204
JKM0303,692,1,2010-01-04 08:58:00,2011-05-16 17:48:00,346,187,0
JLM0364,2628,598,2010-01-04 05:22:30,2011-04-29 22:45:15,335,1715,0
JLW0053,692,1,2010-01-04 07:59:00,2011-05-16 19:00:00,346,513,0
JMB0308,314,1,2010-01-04 07:42:00,2010-08-09 15:45:00,153,161,0
JMC0925,1284,5,2010-01-04 08:18:00,2011-05-16 19:24:00,352,474,10
JMD0520,1127,36,2010-01-04 08:58:00,2011-05-16 17:07:00,348,60,4
JMH0543,632,1,2010-01-04 07:50:00,2010-11-23 18:04:00,228,248,0
JMK0099,1200,3,2010-01-04 07:10:00,2011-05-16 17:10:00,346,381,0
JML0909,967,1,2010-01-04 09:05:00,2011-05-16 18:12:00,346,346,0
JMW0638,692,1,2010-01-04 09:04:00,2011-05-16 21:17:00,346,346,0
JNA0559,691,1,2010-01-04 08:47:00,2011-05-16 18:00:00,346,181,0
JNJ0556,691,1,2010-01-04 08:56:00,2011-05-16 18:00:00,346,234,0
JOL0024,692,1,2010-01-04 07:38:00,2011-05-16 17:44:00,346,355,0
JOM0750,692,1,2010-01-04 07:49:00,2011-05-16 16:58:00,346,147,0
JPA0667,692,1,2010-01-04 07:48:00,2011-05-16 16:04:00,346,172,0
JPW0741,692,1,2010-01-04 07:52:00,2011-05-16 17:00:00,346,163,0
JRF0835,692,1,2010-01-04 08:26:00,2011-05-16 19:39:00,346,346,0
JRG0207,574,1,2010-01-04 07:38:00,2011-02-14 15:52:00,283,291,1
JRH0455,110,1,2010-01-04 07:46:00,2010-03-19 17:50:00,55,59,0
JRL0574,692,1,2010-01-04 08:20:00,2011-05-16 18:25:00,346,346,0
JRS0362,2776,636,2010-01-04 00:35:45,2011-05-16 20:58:38,346,1773,0
JSA0775,692,1,2010-01-04 08:19:00,2011-05-16 16:31:00,346,0,0
JSH0330,692,1,2010-01-04 07:14:00,2011-05-16 18:04:00,346,692,0
JTM0223,1378,361,2010-01-04 00:24:51,2010-07-23 21:44:10,142,916,0
JTS0389,846,3,2010-01-04 07:50:00,2011-05-16 15:55:00,346,174,0
JXH0493,692,1,2010-01-04 08:15:00,2011-05-16 17:10:00,346,0,0
JZD0888,692,1,2010-01-04 09:07:00,2011-05-16 18:15:00,346,346,0
KAC0124,692,1,2010-01-04 08:10:00,2011-05-16 19:05:00,346,346,0
KAL0395,692,1,2010-01-04 07:53:00,2011-05-16 18:56:00,346,511,0
KAT0270,692,1,2010-01-04 07:12:00,2011-05-16 17:11:00,346,346,0
KAT0489,692,1,2010-01-04 08:13:00,2011-05-16 17:27:00,346,0,0
KBB0189,692,1,2010-01-04 06:49:00,2011-05-16 16:04:00,346,346,0
KBC0054,692,1,2010-01-04 08:25:00,2011-05-16 17:30:00,346,0,0
KBG0549,1019,3,2010-01-04 07:49:00,2011-05-16 18:09:00,346,348,0
KBL0260,692,1,2010-01-04 07:32:00,2011-05-16 16:52:00,346,346,0
KBP0008,1197,2,2010-01-04 06:45:00,2011-05-16 15:49:00,346,377,0
KBS0874,962,1,2010-01-04 07:42:00,2011-05-16 17:49:00,346,355,0
KCB0815,971,1,2010-01-04 08:26:00,2011-05-16 20:38:00,346,346,0
KCF0045,2780,640,2010-01-04 01:57:54,2011-05-16 15:36:00,346,2123,0
KCO0122,1161,2,2010-01-04 09:02:00,2011-05-16 21:25:00,355,505,14
KCS0173,1098,3,2010-01-04 07:33:00,2011-05-16 15:54:00,346,359,0
KDS0349,692,1,2010-01-04 08:00:00,2011-05-16 15:53:00,346,166,0
KDT0346,968,1,2010-01-04 07:07:00,2011-05-16 18:13:00,346,692,0
KES0729,998,3,2010-01-04 07:59:00,2011-05-16 16:50:00,346,163,0
KJA0152,692,1,2010-01-04 08:22:00,2011-05-16 18:30:00,346,346,0
KJG0910,692,1,2010-01-04 09:01:00,2011-05-16 18:26:00,346,346,0
KJJ0293,1115,2,2010-01-04 08:50:00,2011-05-16 17:59:00,346,211,0
KJM0887,692,1,2010-01-04 09:09:00,2011-05-16 18:24:00,346,346,0
KJP0371,2788,635,2010-01-04 08:01:00,2011-05-16 23:44:00,346,1774,0
KJS0618,692,1,2010-01-04 07:45:00,2011-05-16 16:48:00,346,158,0
KJW0416,692,1,2010-01-04 07:46:00,2011-05-16 18:02:00,346,394,0
KKC0683,692,1,2010-01-04 08:53:00,2011-05-16 18:56:00,346,346,0
KKS0119,961,1,2010-01-04 07:10:00,2011-05-16 17:13:00,346,346,0
KKW0879,902,2,2010-01-04 07:40:00,2011-05-16 17:45:00,384,438,74
KLH0596,588,1,2010-01-04 08:24:00,2011-02-25 18:44:00,292,297,2
KLM0639,692,1,2010-01-04 09:12:00,2011-05-16 21:14:00,346,346,0
KMB0922,1188,34,2010-01-04 08:24:00,2011-05-16 19:36:00,353,506,12
KMS0657,692,1,2010-01-04 09:14:00,2011-05-16 21:14:00,346,346,0
KMW0545,967,1,2010-01-04 07:47:00,2011-05-16 18:03:00,346,346,0
KNB0022,692,1,2010-01-04 07:26:00,2011-05-16 15:30:00,346,346,0
KNG0672,602,1,2010-01-04 07:59:00,2011-03-11 16:07:00,301,144,0
KNW0644,692,1,2010-01-04 09:03:00,2011-05-16 21:10:00,346,346,0
KPC0073,308,1,2010-01-04 07:55:00,2010-08-03 17:54:00,149,172,0
KPP0452,692,1,2010-01-04 07:53:00,2011-05-16 18:04:00,346,386,0
KPR0497,1200,2,2010-01-04 08:01:00,2011-05-16 17:15:00,346,0,0
KQC0708,692,1,2010-01-04 07:37:00,2011-05-16 16:48:00,346,346,0
KQS0415,692,1,2010-01-04 07:47:00,2011-05-16 17:58:00,346,360,0
KRG0158,692,1,2010-01-04 06:47:00,2011-05-16 15:56:00,346,346,0
KRL0062,692,1,2010-01-04 07:15:00,2011-05-16 15:27:00,346,346,0
KRL0501,530,1,2010-01-04 08:05:00,2011-01-20 17:28:00,265,0,0
KRM0541,728,19,2010-01-04 07:51:00,2011-05-16 17:55:00,346,354,0
KRV0372,2820,630,2010-01-04 01:34:29,2011-05-16 19:34:31,346,1858,0
KSH0569,692,1,2010-01-04 08:53:00,2011-05-16 17:56:00,346,204,0
KSP0357,1890,519,2010-01-04 03:43:20,2010-12-08 20:42:02,237,1211,0
KSP0966,692,1,2010-01-04 07:02:00,2011-05-16 16:10:00,346,346,0
KTG0091,692,1,2010-01-04 07:17:00,2011-05-16 15:39:00,346,346,0
KVS0425,692,1,2010-01-04 07:58:00,2011-05-16 18:06:00,346,331,0
KVT0028,692,1,2010-01-04 07:32:00,2011-05-16 18:41:00,346,692,0
KWC0004,692,1,2010-01-04 07:55:00,2011-05-16 16:59:00,346,161,0
KWE0082,967,1,2010-01-04 07:56:00,2011-05-16 17:08:00,346,165,0
LAF0991,959,1,2010-01-04 09:11:00,2011-05-16 21:14:00,346,346,0
LAM0911,952,1,2010-01-04 08:29:00,2011-05-16 19:28:00,346,346,0
LAP0338,1362,1,2010-01-02 07:07:00,2011-05-16 18:07:00,488,976,378
LBC0356,3053,636,2010-01-04 01:37:22,2011-05-16 16:10:00,346,1780,0
LBF0214,1673,2,2010-01-03 07:33:00,2011-05-16 15:51:00,462,630,386
LBH0942,1272,1,2010-01-03 07:13:00,2011-05-16 16:15:00,453,453,303
LCB0664,1099,2,2010-01-04 07:57:00,2011-05-16 17:15:00,346,168,0
LCC0819,314,1,2010-01-04 08:20:00,2010-08-13 20:35:00,157,157,0
LCD0622,692,1,2010-01-04 07:51:00,2011-05-16 16:54:00,346,155,0
LDB0090,692,1,2010-01-04 07:21:00,2011-05-16 15:20:00,346,346,0
LDD0560,100,3,2010-01-03 08:53:00,2010-02-17 18:01:00,40,34,19
LDG0459,1149,3,2010-01-04 07:58:00,2011-05-16 18:06:00,346,382,0
LDM0587,692,1,2010-01-04 08:15:00,2011-05-16 18:45:00,346,346,0
LEM0605,692,1,2010-01-04 07:56:00,2011-05-16 17:02:00,346,153,0
LFS0071,692,1,2010-01-04 07:45:00,2011-05-16 17:56:00,346,345,0
LHB0606,164,1,2010-01-04 07:58:00,2010-04-28 16:56:00,82,40,0
LHB0967,692,1,2010-01-04 07:09:00,2011-05-16 16:28:00,346,346,0
LHL0309,692,1,2010-01-04 07:40:00,2011-05-16 15:57:00,346,346,0
LHN0151,692,1,2010-01-04 08:25:00,2011-05-16 16:26:00,346,0,0
LIM0674,1206,2,2010-01-04 07:48:00,2011-05-16 16:05:00,357,218,35
LJB0826,692,1,2010-01-04 08:26:00,2011-05-16 19:27:00,346,346,0
LJJ0905,732,2,2010-01-04 09:11:00,2011-05-16 18:27:00,346,346,0
LJR0523,341,1,2010-01-04 08:49:00,2010-08-26 16:56:00,168,10,4
LJT0817,1021,2,2010-01-04 08:22:00,2011-05-16 20:33:00,346,357,0
LLV0602,692,1,2010-01-04 07:50:00,2011-05-16 16:56:00,346,169,0
LMF0980,962,1,2010-01-04 07:19:00,2011-05-16 15:38:00,346,346,0
LNR0656,692,1,2010-01-04 09:14:00,2011-05-16 21:14:00,346,346,0
LNS0989,1133,2,2010-01-04 07:35:00,2011-05-16 18:43:00,346,729,0
LOF0311,692,1,2010-01-04 07:35:00,2011-05-16 15:47:00,346,346,0
LOM0086,402,2,2010-01-04 07:44:00,2010-07-23 16:38:00,142,138,0
LPC0492,744,3,2010-01-04 08:04:00,2011-05-16 17:12:00,346,0,0
LPH0572,74,1,2010-01-04 08:17:00,2010-02-23 18:28:00,37,37,0
LQC0479,402,1,2010-01-04 08:09:00,2010-10-11 17:11:00,197,8,0
LQP0508,1151,3,2010-01-04 08:46:00,2011-05-16 17:00:00,346,0,0
LRR0148,1378,3,2010-01-02 06:50:00,2011-05-16 17:08:00,400,502,171
LRW0970,692,1,2010-01-04 07:09:00,2011-05-16 16:15:00,346,346,0
LTS0860,692,1,2010-01-04 07:30:00,2011-05-16 17:49:00,346,358,0
LUR0896,806,3,2010-01-04 09:11:00,2011-03-08 18:08:00,303,415,8
MAD0496,236,1,2010-01-03 08:05:00,2010-05-14 17:15:00,118,0,46
MAD0753,692,1,2010-01-04 08:00:00,2011-05-16 16:57:00,346,168,0
MAE0331,692,1,2010-01-04 07:08:00,2011-05-16 18:18:00,346,692,0
MAH0149,967,1,2010-01-04 08:15:00,2011-05-16 16:26:00,346,0,0
MAH0864,692,1,2010-01-04 07:45:00,2011-05-16 17:46:00,346,353,0
MAR0955,604,1,2010-01-04 07:09:00,2011-03-04 16:17:00,297,308,2
MAS0025,412,1,2010-01-04 07:43:00,2010-10-15 17:54:00,201,218,0
MAW0166,692,1,2010-01-04 07:30:00,2011-05-16 15:42:00,346,346,0
MBG0438,470,1,2010-01-04 07:46:00,2010-12-06 17:07:00,235,118,0
MBJ0312,1002,3,2010-01-04 07:45:00,2011-05-16 15:48:00,346,349,0
MBR0724,692,1,2010-01-04 07:38:00,2011-05-16 16:45:00,346,346,0
MBW0809,60,1,2010-01-04 08:15:00,2010-02-12 20:30:00,30,30,0
MCD0125,585,2,2010-01-03 08:15:00,2010-07-19 19:08:00,176,206,115
MCF0327,692,1,2010-01-04 07:30:00,2011-05-16 15:42:00,346,346,0
MCF0600,616,2,2010-01-03 08:22:00,2010-10-16 18:31:00,246,261,109
MCJ0324,692,1,2010-01-04 07:43:00,2011-05-16 15:35:00,346,346,0
MCS0035,692,1,2010-01-04 07:42:00,2011-05-16 15:40:00,346,346,0
MCT0720,692,1,2010-01-04 07:38:00,2011-05-16 16:52:00,346,346,0
MDH0580,592,1,2010-01-04 08:28:00,2011-03-04 18:40:00,296,296,0
MDH0686,1332,3,2010-01-03 08:52:00,2011-05-16 19:06:00,459,467,316
MDM0625,1093,2,2010-01-04 07:52:00,2011-05-16 17:00:00,346,161,0
MDM0976,692,1,2010-01-04 07:46:00,2011-05-16 17:56:00,346,378,0
MES0407,692,1,2010-01-04 07:46:00,2011-05-16 18:03:00,346,391,0
MFV0897,692,1,2010-01-04 09:01:00,2011-05-16 18:19:00,346,346,0
MGS0974,842,2,2010-01-04 07:53:00,2011-05-16 17:56:00,380,403,78
MHA0798,692,1,2010-01-04 08:05:00,2011-05-16 17:12:00,346,0,0
MHG0244,692,1,2010-01-04 07:46:00,2011-05-16 17:00:00,346,170,0
MHG0733,692,1,2010-01-04 07:58:00,2011-05-16 16:57:00,346,154,0
MHH0180,759,1,2010-01-02 07:08:00,2010-12-02 18:26:00,274,548,102
MIB0904,972,1,2010-01-04 09:01:00,2011-05-16 18:14:00,346,346,0
MIC0726,692,1,2010-01-04 08:00:00,2011-05-16 17:14:00,346,167,0
MIL0255,692,1,2010-01-04 07:31:00,2011-05-16 16:57:00,346,346,0
MIM0712,692,1,2010-01-04 07:42:00,2011-05-16 16:39:00,346,346,0
MJB0588,692,1,2010-01-04 08:15:00,2011-05-16 18:36:00,346,346,0
MJM0510,1190,4,2010-01-04 08:57:00,2011-05-16 16:58:00,346,0,0
MJS0890,692,1,2010-01-04 09:04:00,2011-05-16 18:18:00,346,346,0
MKG0711,692,1,2010-01-04 07:40:00,2011-05-16 16:41:00,346,346,0
MKL0941,692,1,2010-01-04 07:05:00,2011-05-16 16:13:00,346,346,0
MKP0861,966,1,2010-01-04 07:35:00,2011-05-16 17:44:00,346,360,0
MKS0204,692,1,2010-01-04 07:08:00,2011-05-16 17:13:00,346,346,0
MKW0441,1026,8,2010-01-04 07:48:00,2011-05-16 17:11:00,347,177,2
MLD0755,956,1,2010-01-04 07:51:00,2011-05-16 17:09:00,346,156,0
MLG0475,692,1,2010-01-04 07:59:00,2011-05-16 18:01:00,346,340,0
MLL0598,692,1,2010-01-04 08:28:00,2011-05-16 18:26:00,346,346,0
MLM0950,1349,3,2010-01-03 07:13:00,2011-05-17 05:21:58,423,476,248
MLP0668,692,1,2010-01-04 07:57:00,2011-05-16 15:56:00,346,164,0
MMB0488,620,1,2010-01-04 08:10:00,2011-03-24 17:15:00,310,0,0
MMG0943,930,3,2010-01-04 07:00:00,2011-05-16 16:16:00,346,462,0
MNC0717,1170,3,2010-01-04 07:30:00,2011-05-16 16:54:00,346,369,0
MNR0829,692,1,2010-01-04 08:17:00,2011-05-16 19:26:00,346,346,0
MNS0224,2826,659,2010-01-04 07:29:00,2011-05-16 15:29:00,346,2150,0
MOH0273,802,1,2010-01-02 07:00:00,2011-05-16 17:15:00,401,401,106
MOP0763,692,1,2010-01-04 08:28:00,2011-05-16 16:36:00,346,0,0
MOS0047,1651,416,2010-01-04 00:18:05,2010-09-10 19:40:48,176,1143,0
MPM0220,2005,456,2010-01-04 03:15:35,2010-11-05 21:48:55,218,1416,3
MPT0376,1183,3,2010-01-04 07:55:00,2011-05-16 15:57:00,365,174,59
MSD0939,692,1,2010-01-04 07:05:00,2011-05-16 16:11:00,346,346,0
MSG0839,692,1,2010-01-04 08:21:00,2011-05-16 19:28:00,346,346,0
MSH0040,2100,540,2010-01-04 03:53:40,2011-01-06 21:27:45,255,1631,0
MSO0222,1900,490,2010-01-04 06:13:28,2010-12-10 20:22:04,239,1496,0
MSS0001,960,1,2010-01-04 07:57:00,2011-05-16 15:00:00,346,157,0
MSZ0310,692,1,2010-01-04 07:43:00,2011-05-16 15:50:00,346,346,0
MTB0620,972,1,2010-01-04 07:49:00,2011-05-16 17:11:00,346,158,0
MTT0901,78,1,2010-01-04 09:09:00,2010-02-11 18:21:00,29,29,0
MVB0515,1148,21,2010-01-04 08:54:00,2011-05-16 16:46:00,346,0,0
MVF0594,692,1,2010-01-04 08:17:00,2011-05-16 18:26:00,346,346,0
MVH0373,494,165,2010-01-04 00:12:17,2010-04-06 16:28:00,66,313,0
MYD0978,510,1,2010-01-04 07:50:00,2010-12-30 18:00:00,252,287,2
NAB0801,692,1,2010-01-04 08:03:00,2011-05-16 17:13:00,346,0,0
NAB0903,692,1,2010-01-04 09:08:00,2011-05-16 18:12:00,346,346,0
NAF0033,688,1,2010-01-04 07:31:00,2011-05-12 15:51:00,344,344,0
NAF0326,1599,48,2010-01-03 07:41:00,2011-05-16 15:37:00,458,516,365
NAH0503,930,2,2010-01-02 08:13:00,2011-05-16 17:28:00,404,62,107
NAR0981,692,1,2010-01-04 07:30:00,2011-05-16 17:41:00,346,358,0
NBC0412,698,4,2010-01-04 07:59:00,2011-05-16 18:09:00,346,337,0
NBH0256,692,1,2010-01-04 07:32:00,2011-05-16 16:43:00,346,346,0
NCE0097,692,1,2010-01-04 07:14:00,2011-05-16 17:12:00,346,346,0
NCH0179,692,1,2010-01-04 07:10:00,2011-05-16 18:01:00,346,692,0
NCK0295,692,1,2010-01-04 08:57:00,2011-05-16 17:55:00,346,184,0
NCK0421,692,1,2010-01-04 07:55:00,2011-05-16 17:58:00,346,352,0
NCO0666,972,2,2010-01-04 07:56:00,2011-05-16 16:04:00,346,157,0
NDM0417,1161,2,2010-01-04 07:53:00,2011-05-16 17:56:00,346,372,0
NGC0058,984,36,2010-01-03 07:57:00,2011-05-16 19:02:00,428,668,202
NGF0157,1261,2,2010-01-02 06:49:00,2011-05-16 17:00:00,410,497,164
NGO0690,968,1,2010-01-04 08:53:00,2011-05-16 18:57:00,346,346,0
NHE0919,958,1,2010-01-04 08:19:00,2011-05-16 19:24:00,346,346,0
NHH0185,710,10,2010-01-04 07:15:00,2011-05-16 18:15:00,346,704,0
NIH0969,974,2,2010-01-04 07:03:00,2011-05-16 16:15:00,346,347,0
NJB0243,752,2,2010-01-04 07:55:00,2011-05-16 16:59:00,346,157,0
NJC0705,692,1,2010-01-04 07:30:00,2011-05-16 16:45:00,346,346,0
NKH0807,692,1,2010-01-04 08:24:00,2011-05-16 20:28:00,346,346,0
NKH0979,1163,3,2010-01-04 07:18:00,2011-05-16 15:27:00,346,415,0
NKP0236,710,1,2010-01-04 07:52:00,2011-05-16 17:58:00,346,395,0
NLO0131,692,1,2010-01-04 08:58:00,2011-05-16 18:05:00,346,184,0
NMB0972,692,1,2010-01-04 07:00:00,2011-05-16 16:11:00,346,346,0
NMC0486,692,1,2010-01-04 08:08:00,2011-05-16 17:29:00,346,0,0
NMF0780,692,1,2010-01-04 08:18:00,2011-05-16 16:26:00,346,0,0
NMG0766,692,1,2010-01-04 08:29:00,2011-05-16 16:27:00,346,0,0
NMS0280,908,19,2010-01-03 09:11:00,2011-05-16 18:13:00,436,449,178
NNA0610,692,1,2010-01-04 07:51:00,2011-05-16 16:57:00,346,168,0
NNS0059,692,1,2010-01-04 07:59:00,2011-05-16 18:53:00,346,508,0
NOB0181,1531,3,2010-01-02 07:08:00,2011-05-16 18:10:00,476,998,390
NRD0548,612,1,2010-01-04 07:58:00,2011-03-18 18:02:00,306,313,0
NRF0137,692,1,2010-01-04 08:49:00,2011-05-16 18:00:00,346,346,0
NRO0768,644,1,2010-01-04 08:19:00,2011-04-11 16:25:00,322,0,0
NSC0597,726,3,2010-01-04 08:22:00,2011-05-16 18:16:00,346,358,0
NSS0876,692,1,2010-01-04 07:33:00,2011-05-16 17:38:00,346,353,0
NUL0471,958,1,2010-01-04 07:48:00,2011-05-16 17:57:00,346,369,0
NWK0215,1356,1,2010-01-02 07:33:00,2011-05-16 15:45:00,450,556,294
NWT0098,638,1,2010-01-04 07:07:00,2011-04-06 17:17:00,319,319,0
OBH0499,1469,2,2010-01-03 08:03:00,2011-05-16 17:09:00,435,72,280
OCB0805,692,1,2010-01-04 08:11:00,2011-05-16 17:10:00,346,0,0
OCS0865,1005,2,2010-01-04 07:40:00,2011-05-16 17:50:00,346,360,0
OHC0973,692,1,2010-01-04 07:08:00,2011-05-16 16:15:00,346,346,0
OJK0233,692,1,2010-01-04 07:52:00,2011-05-16 18:59:00,346,508,0
OKB0439,692,1,2010-01-04 07:49:00,2011-05-16 16:59:00,346,166,0
OKC0107,692,1,2010-01-04 09:03:00,2011-05-16 18:14:00,346,346,0
OLB0749,196,1,2010-01-04 07:55:00,2010-05-20 16:56:00,98,54,0
OLF0504,692,1,2010-01-04 08:15:00,2011-05-16 17:15:00,346,0,0
OLW0689,959,1,2010-01-04 08:53:00,2011-05-16 18:56:00,346,346,0
OMM0944,692,1,2010-01-04 07:13:00,2011-05-16 16:25:00,346,346,0
OMS0101,692,1,2010-01-04 07:11:00,2011-05-16 17:29:00,346,346,0
ONL0276,692,1,2010-01-04 07:08:00,2011-05-16 17:30:00,346,346,0
ONW0083,692,1,2010-01-04 07:52:00,2011-05-16 17:09:00,346,157,0
OQH0183,692,1,2010-01-04 07:12:00,2011-05-16 18:14:00,346,692,0
ORB0473,692,1,2010-01-04 07:53:00,2011-05-16 17:59:00,346,399,0
ORG0339,692,1,2010-01-04 07:08:00,2011-05-16 18:14:00,346,692,0
ORM0669,870,2,2010-01-04 07:49:00,2011-05-16 15:59:00,346,176,0
OSH0655,692,1,2010-01-04 09:02:00,2011-05-16 21:17:00,346,346,0
OYM0026,754,3,2010-01-04 09:00:00,2011-05-16 18:10:00,346,355,0
PAD0773,1119,3,2010-01-04 08:30:00,2011-05-16 16:20:00,346,0,0
PBP0002,692,1,2010-01-04 07:59:00,2011-05-16 15:03:00,346,151,0
PDH0716,1024,3,2010-01-04 07:40:00,2011-05-16 17:00:00,346,354,0
PDW0259,1039,40,2010-01-04 07:33:00,2011-05-16 16:38:00,346,379,0
PES0085,960,1,2010-01-04 07:32:00,2011-05-16 16:41:00,346,346,0
PEV0323,1100,3,2010-01-04 07:38:00,2011-05-16 15:51:00,354,453,14
PGC0066,692,1,2010-01-04 07:58:00,2011-05-16 18:09:00,346,353,0
PGH0184,635,1,2010-01-04 07:01:00,2010-11-24 18:19:00,229,458,0
PGO0433,692,1,2010-01-04 07:53:00,2011-05-16 16:56:00,346,164,0
PID0426,902,19,2010-01-04 07:59:00,2011-05-16 16:59:00,355,321,15
PIS0522,1123,3,2010-01-04 08:57:00,2011-05-16 16:54:00,346,0,0
PKB0281,692,1,2010-01-04 09:10:00,2011-05-16 18:09:00,346,346,0
PKB0429,692,1,2010-01-04 07:49:00,2011-05-16 16:59:00,346,157,0
PLH0715,692,1,2010-01-04 07:42:00,2011-05-16 16:45:00,346,346,0
PLH0862,692,1,2010-01-04 07:41:00,2011-05-16 17:44:00,346,357,0
PMC0328,967,1,2010-01-04 07:10:00,2011-05-16 18:12:00,346,692,0
PMJ0564,1211,2,2010-01-04 08:56:00,2011-05-16 17:50:00,347,239,2
PMV0850,1077,3,2010-01-04 08:15:00,2011-05-16 19:39:00,346,428,0
PNH0761,870,3,2010-01-04 08:18:00,2011-05-16 16:30:00,353,102,11
PNL0301,312,1,2010-01-04 08:50:00,2010-08-12 18:06:00,156,101,0
POB0343,692,1,2010-01-04 07:00:00,2011-05-16 18:08:00,346,692,0
PPF0435,588,1,2010-01-04 07:57:00,2011-02-24 16:55:00,290,147,0
PRM0740,692,1,2010-01-04 07:51:00,2011-05-16 16:58:00,346,158,0
PSF0133,380,1,2010-01-04 08:48:00,2010-09-30 18:00:00,190,113,0
PTH0552,957,1,2010-01-04 07:49:00,2011-05-16 18:04:00,346,334,0
PTH0830,850,1,2010-01-03 08:29:00,2011-05-16 19:41:00,425,425,148
QCH0110,610,1,2010-01-04 09:12:00,2011-03-17 18:30:00,305,305,0
QJR0688,966,5,2010-01-04 08:54:00,2011-05-16 18:54:00,360,404,40
QNF0205,692,1,2010-01-04 07:13:00,2011-05-16 17:13:00,346,346,0
QNP0216,2814,639,2010-01-04 00:33:45,2011-05-16 23:49:58,346,2147,0
QOS0878,406,9,2010-01-03 07:41:00,2010-05-06 17:35:00,113,126,88
QPM0727,692,1,2010-01-04 07:46:00,2011-05-16 17:12:00,346,154,0
QRM0739,730,3,2010-01-04 07:48:00,2011-05-16 17:12:00,346,146,0
QSV0778,692,1,2010-01-04 08:16:00,2011-05-16 16:43:00,346,0,0
RAB0589,707,9,2010-01-04 08:20:00,2010-10-08 18:30:00,197,214,2
RAG0275,692,1,2010-01-04 07:02:00,2011-05-16 17:20:00,346,346,0
RAH0440,692,1,2010-01-04 07:47:00,2011-05-16 16:59:00,346,156,0
RAM0447,1255,1,2010-01-03 07:48:00,2011-05-16 17:47:00,449,447,276
RAR0725,342,1,2010-01-04 07:33:00,2010-09-02 16:42:00,171,171,0
RAS0432,949,1,2010-01-04 07:59:00,2011-05-16 17:00:00,346,163,0
RAW0915,1203,28,2010-01-02 08:22:00,2011-05-16 19:30:00,404,437,147
RBB0485,692,1,2010-01-04 08:10:00,2011-05-16 17:15:00,346,0,0
RCC0617,692,1,2010-01-04 07:46:00,2011-05-16 17:00:00,346,141,0
RCP0785,692,1,2010-01-04 08:26:00,2011-05-16 16:26:00,346,0,0
RDM0115,692,1,2010-01-04 07:19:00,2011-05-16 16:35:00,346,346,0
RDM0150,692,1,2010-01-04 08:25:00,2011-05-16 16:29:00,346,0,0
RDT0424,1108,3,2010-01-04 07:47:00,2011-05-16 17:59:00,346,405,0
RFP0380,692,1,2010-01-04 07:54:00,2011-05-16 15:58:00,346,156,0
RGG0064,627,1,2010-01-04 07:15:00,2010-11-15 15:29:00,222,230,0
RGH0728,562,1,2010-01-04 07:47:00,2011-02-11 17:14:00,281,135,0
RGN0408,691,1,2010-01-04 07:57:00,2011-05-16 17:50:00,346,354,0
RHC0335,692,1,2010-01-04 07:03:00,2011-05-16 18:30:00,346,692,0
RHL0992,504,4,2010-01-04 09:01:00,2010-09-10 21:15:00,176,182,0
RHO0732,1358,3,2010-01-04 08:00:00,2011-05-16 17:05:00,354,317,11
RHP0484,1030,3,2010-01-04 08:04:00,2011-05-16 17:30:00,346,0,0
RHY0079,716,2,2010-01-04 09:15:00,2011-05-16 18:08:00,346,350,0
RIH0777,692,1,2010-01-04 08:29:00,2011-05-16 16:28:00,346,0,0
RJB0088,692,1,2010-01-04 07:33:00,2011-05-16 16:44:00,346,346,0
RJM0381,728,3,2010-01-04 07:58:00,2011-05-16 16:04:00,346,155,0
RKD0604,308,1,2010-01-04 07:49:00,2010-08-04 17:01:00,151,89,1
RKF0164,670,1,2010-01-04 07:07:00,2011-04-29 16:21:00,335,335,0
RLB0719,728,1,2010-01-04 07:30:00,2011-05-16 16:58:00,348,382,3
RLG0856,1021,1,2010-01-04 07:33:00,2011-05-16 17:57:00,349,399,5
RMS0266,692,1,2010-01-04 07:27:00,2011-05-16 15:33:00,346,346,0
RMW0542,322,1,2010-01-04 07:56:00,2010-08-19 18:02:00,161,171,0
RNF0765,692,1,2010-01-04 08:24:00,2011-05-16 16:31:00,346,0,0
RNL0695,960,1,2010-01-04 08:46:00,2011-05-16 19:12:00,346,346,0
RNP0211,971,1,2010-01-04 07:32:00,2011-05-16 15:41:00,346,346,0
ROB0272,691,1,2010-01-04 07:02:00,2011-05-16 17:14:00,346,345,0
RRA0938,954,1,2010-01-04 07:00:00,2011-05-16 16:11:00,346,346,0
RRC0553,212,2,2010-01-02 07:46:00,2010-04-01 18:11:00,76,90,35
RRP0568,1017,2,2010-01-04 08:59:00,2011-05-16 18:00:00,346,346,0
RSC0089,1350,27,2010-01-04 07:45:00,2011-05-16 16:42:00,373,510,66
RSM0277,1205,3,2010-01-04 07:14:00,2011-05-16 17:16:00,346,410,0
RTO0313,1167,2,2010-01-04 07:35:00,2011-05-16 15:46:00,355,483,14
RUM0880,1053,2,2010-01-04 07:45:00,2011-05-16 17:45:00,350,423,8
RVC0232,692,1,2010-01-04 07:59:00,2011-05-16 19:14:00,346,503,0
RVF0201,1001,2,2010-01-04 07:09:00,2011-05-16 17:16:00,346,352,0
RYB0718,692,1,2010-01-04 07:36:00,2011-05-16 16:42:00,346,346,0
RZC0746,1453,10,2010-01-02 07:52:00,2011-05-16 17:03:00,480,222,374
SAA0999,985,2,2010-01-04 08:05:00,2011-05-16 19:23:00,346,346,0
SAB0781,968,1,2010-01-04 08:21:00,2011-05-16 16:28:00,346,0,0
SAC0592,960,1,2010-01-04 08:19:00,2011-05-16 18:29:00,346,346,0
SAC0687,692,1,2010-01-04 08:55:00,2011-05-16 19:09:00,346,346,0
SAH0599,692,1,2010-01-04 08:28:00,2011-05-16 18:24:00,346,346,0
SAK0375,2828,629,2010-01-04 03:30:53,2011-05-16 20:34:43,346,1812,0
SAP0867,292,1,2010-01-04 07:38:00,2010-07-29 17:40:00,146,153,0
SAT0194,692,1,2010-01-04 08:11:00,2011-05-16 18:05:00,346,346,0
SBD0913,692,1,2010-01-04 07:10:00,2011-05-16 16:11:00,346,346,0
SBH0537,1080,1,2010-01-04 08:55:00,2011-05-16 17:58:00,386,210,85
SBK0161,1150,3,2010-01-04 08:38:00,2011-05-16 18:37:00,346,436,0
SBN0495,692,1,2010-01-04 08:02:00,2011-05-16 17:11:00,346,0,0
SBN0866,744,1,2010-01-04 07:44:00,2011-05-16 17:45:00,348,414,3
SBN0971,898,1,2010-01-03 07:07:00,2011-05-16 16:11:00,449,449,188
SBQ0786,692,1,2010-01-04 08:05:00,2011-05-16 17:27:00,346,0,0
SCB0534,692,1,2010-01-04 08:59:00,2011-05-16 16:57:00,346,0,0
SCF0608,692,1,2010-01-04 07:50:00,2011-05-16 16:57:00,346,165,0
SCP0130,918,2,2010-01-04 09:00:00,2011-05-16 17:55:00,346,185,0
SDB0106,1120,3,2010-01-04 09:12:00,2011-05-16 18:15:00,346,389,0
SDF0017,692,1,2010-01-04 07:49:00,2011-05-16 18:03:00,346,376,0
SDO0170,953,1,2010-01-04 07:34:00,2011-05-16 15:51:00,346,346,0
SED0886,1172,2,2010-01-04 09:10:00,2011-05-16 18:08:00,350,403,6
SEJ0677,352,1,2010-01-04 07:48:00,2010-09-10 15:59:00,176,78,0
SER0165,692,1,2010-01-04 07:28:00,2011-05-16 18:23:00,346,692,0
SES0477,968,1,2010-01-04 08:07:00,2011-05-16 17:11:00,346,0,0
SGB0140,1189,3,2010-01-04 08:57:00,2011-05-16 18:05:00,346,254,0
SGG0787,948,1,2010-01-04 08:21:00,2011-05-16 20:33:00,346,346,0
SGM0021,971,1,2010-01-04 07:15:00,2011-05-16 15:23:00,346,346,0
SGS0268,692,1,2010-01-04 07:02:00,2011-05-16 17:14:00,346,346,0
SHR0334,692,1,2010-01-04 07:10:00,2011-05-16 18:13:00,346,692,0
SHW0578,692,1,2010-01-04 08:21:00,2011-05-16 18:42:00,346,346,0
SIJ0661,692,1,2010-01-04 07:58:00,2011-05-16 15:51:00,346,154,0
SJC0333,914,2,2010-01-04 07:06:00,2011-05-16 18:13:00,346,728,0
SJF0094,692,1,2010-01-04 07:15:00,2011-05-16 15:28:00,346,346,0
SJO0209,1227,3,2010-01-04 07:31:00,2011-05-16 15:43:00,353,387,0
SJW0451,692,1,2010-01-04 07:49:00,2011-05-16 18:06:00,346,366,0
SKG0759,692,1,2010-01-04 08:15:00,2011-05-16 16:20:00,346,0,0
SLB0049,692,1,2010-01-04 08:30:00,2011-05-16 17:32:00,346,0,0
SLP0762,692,1,2010-01-04 08:27:00,2011-05-16 16:43:00,346,0,0
SLT0907,346,1,2010-01-04 09:00:00,2010-09-07 18:13:00,173,173,0
SMB0804,692,1,2010-01-04 08:04:00,2011-05-16 17:25:00,346,0,0
SMH0291,1541,3,2010-01-02 08:55:00,2011-05-16 18:05:00,480,268,402
SMW0084,692,1,2010-01-04 07:50:00,2011-05-16 17:01:00,346,159,0
SMY0792,1102,20,2010-01-04 08:14:00,2011-05-16 17:13:00,346,0,0
SNC0187,600,1,2010-01-04 07:11:00,2011-03-10 18:24:00,300,600,0
SNS0129,692,1,2010-01-04 07:04:00,2011-05-16 16:05:00,346,346,0
SOB0360,1780,479,2010-01-04 08:15:00,2010-11-19 23:01:58,226,1138,0
SOB0586,692,1,2010-01-04 08:30:00,2011-05-16 18:37:00,346,346,0
SOF0808,692,1,2010-01-04 08:21:00,2011-05-16 20:42:00,346,346,0
SOG0411,692,1,2010-01-04 07:50:00,2011-05-16 18:08:00,346,345,0
SPA0141,1102,1,2010-01-04 07:06:00,2011-05-16 17:16:00,355,482,14
SRH0155,1212,3,2010-01-04 06:53:00,2011-05-16 16:56:00,365,443,45
SRS0231,692,1,2010-01-04 07:56:00,2011-05-16 19:10:00,346,517,0
SSG0250,972,1,2010-01-04 07:51:00,2011-05-16 16:57:00,346,156,0
SSH0799,1209,3,2010-01-04 08:05:00,2011-05-16 17:03:00,346,0,0
SSJ0784,1453,1,2010-01-02 08:24:00,2011-05-16 16:34:00,460,181,326
SSR0278,392,1,2010-01-04 09:14:00,2010-10-08 18:09:00,196,196,0
SSS0345,692,1,2010-01-04 07:14:00,2011-05-16 18:22:00,346,692,0
SVL0803,692,1,2010-01-04 08:00:00,2011-05-16 17:21:00,346,0,0
SVL0940,692,1,2010-01-04 07:04:00,2011-05-16 16:14:00,346,346,0
SVS0871,1208,3,2010-01-04 07:45:00,2011-05-16 17:57:00,346,378,0
SXM0895,692,1,2010-01-04 09:13:00,2011-05-16 18:14:00,346,346,0
TAC0300,692,1,2010-01-04 08:56:00,2011-05-16 18:03:00,346,220,0
TAP0551,664,3,2010-01-04 07:52:00,2010-11-18 18:12:00,226,258,2
TBT0461,692,1,2010-01-04 07:50:00,2011-05-16 18:12:00,346,385,0
TCD0009,692,1,2010-01-04 08:23:00,2011-05-16 17:35:00,346,0,0
TDG0962,1220,2,2010-01-04 07:01:00,2011-05-16 16:11:00,346,365,0
TDJ0998,968,1,2010-01-04 08:04:00,2011-05-16 19:28:00,346,346,0
TDS0984,1323,39,2010-01-03 07:45:00,2011-05-16 17:42:00,430,463,252
TEB0251,1004,2,2010-01-04 07:56:00,2011-05-16 17:00:00,346,148,0
TEM0093,494,1,2010-01-04 07:20:00,2010-12-22 15:33:00,247,247,0
TEM0977,692,1,2010-01-04 07:59:00,2011-05-16 17:58:00,346,345,0
TET0621,938,3,2010-01-04 07:54:00,2011-05-16 16:56:00,346,164,0
THD0448,692,1,2010-01-04 07:51:00,2011-05-16 17:56:00,346,351,0
THR0873,740,2,2010-01-04 07:44:00,2011-05-16 17:45:00,347,395,2
TIW0299,692,1,2010-01-04 08:48:00,2011-05-16 17:51:00,346,182,0
TJB0302,692,1,2010-01-04 08:56:00,2011-05-16 18:15:00,346,261,0
TJD0996,692,1,2010-01-04 08:00:00,2011-05-16 19:08:00,346,346,0
TJG0582,692,1,2010-01-04 08:19:00,2011-05-16 18:30:00,346,346,0
TLH0648,692,1,2010-01-04 09:14:00,2011-05-16 21:12:00,346,346,0
TLK0993,692,1,2010-01-04 09:13:00,2011-05-16 21:12:00,346,346,0
TLM0797,692,1,2010-01-04 08:08:00,2011-05-16 17:13:00,346,0,0
TMA0069,692,1,2010-01-04 07:57:00,2011-05-16 18:04:00,346,372,0
TNM0961,772,3,2010-01-04 07:04:00,2010-12-13 16:22:00,240,290,0
TOR0193,1007,3,2010-01-04 08:04:00,2011-05-16 18:16:00,346,353,0
TPH0474,692,1,2010-01-04 07:53:00,2011-05-16 17:56:00,346,379,0
TQS0212,704,7,2010-01-04 07:45:00,2011-05-16 15:44:00,346,352,0
TRK0914,691,1,2010-01-04 08:24:00,2011-05-16 19:26:00,346,346,0
TSB0437,692,1,2010-01-04 07:50:00,2011-05-16 17:00:00,346,163,0
TSG0906,954,1,2010-01-04 09:05:00,2011-05-16 18:10:00,346,346,0
TSM0363,2794,624,2010-01-04 00:33:17,2011-05-16 20:00:22,346,1814,0
TSM0927,692,1,2010-01-04 08:30:00,2011-05-16 19:28:00,346,346,0
TSR0676,965,1,2010-01-04 07:57:00,2011-05-16 16:07:00,346,159,0
TTD1000,692,1,2010-01-04 08:05:00,2011-05-16 19:11:00,346,346,0
TUC0632,692,1,2010-01-04 09:09:00,2011-05-16 21:15:00,346,346,0
TVS0006,996,3,2010-01-04 08:31:00,2011-05-16 15:43:00,346,0,0
TVS0050,1339,3,2010-01-04 07:04:00,2011-05-16 15:14:00,357,553,18
TYB0779,962,1,2010-01-04 08:27:00,2011-05-16 16:23:00,346,0,0
UAD0771,1014,2,2010-01-04 08:25:00,2011-05-16 16:28:00,346,0,0
UBF0645,692,1,2010-01-04 09:02:00,2011-05-16 21:29:00,346,346,0
UCH0519,558,1,2010-01-04 08:59:00,2011-02-09 16:57:00,279,0,0
UCS0227,692,1,2010-01-04 07:46:00,2011-05-16 18:57:00,346,510,0
UFK0208,1140,2,2010-01-04 07:35:00,2011-05-16 15:39:00,346,361,0
UIR0043,2860,631,2010-01-04 00:39:45,2011-05-16 22:30:38,346,2195,0
UJC0737,692,1,2010-01-04 07:48:00,2011-05-16 16:46:00,346,156,0
USH0199,698,4,2010-01-04 07:18:00,2011-05-16 15:27:00,346,351,0
VAA0087,1108,3,2010-01-04 07:45:00,2011-05-16 16:43:00,346,365,0
VCC0396,1138,2,2010-01-04 07:51:00,2011-05-16 18:58:00,351,607,8
VCY0751,966,1,2010-01-04 07:55:00,2011-05-16 16:51:00,346,174,0
VEB0935,692,1,2010-01-04 07:07:00,2011-05-16 16:19:00,346,346,0
VFM0814,767,2,2010-01-04 08:15:00,2010-12-13 20:29:00,240,250,0
VIA0063,692,1,2010-01-04 07:46:00,2011-05-16 17:57:00,346,378,0
VLB0647,692,1,2010-01-04 09:10:00,2011-05-16 21:13:00,346,346,0
VMJ0147,692,1,2010-01-04 08:28:00,2011-05-16 18:28:00,346,346,0
VMJ0546,962,1,2010-01-04 08:00:00,2011-05-16 17:57:00,346,354,0
VSA0230,905,3,2010-01-04 07:55:00,2011-03-04 18:58:00,296,477,0
VSS0154,427,1,2010-01-04 08:22:00,2010-11-03 18:30:00,214,214,0
VTT0385,758,32,2010-01-04 07:56:00,2011-05-16 15:54:00,346,174,0
WAB0143,508,1,2010-01-04 07:11:00,2011-01-05 17:12:00,254,254,0
WAS0254,963,1,2010-01-04 07:34:00,2011-05-16 16:45:00,346,346,0
WBC0192,1034,3,2010-01-04 07:01:00,2011-05-16 17:11:00,346,372,0
WBC0315,692,1,2010-01-04 07:32:00,2011-05-16 15:42:00,346,346,0
WDD0366,2669,570,2010-01-04 08:12:00,2011-03-22 16:24:00,308,1548,0
WDO0870,876,21,2010-01-04 07:39:00,2011-05-16 17:44:00,353,510,10
WDV0573,982,3,2010-01-04 08:23:00,2011-05-16 18:44:00,353,533,13
WGR0833,692,1,2010-01-04 08:22:00,2011-05-16 19:29:00,346,346,0
WGS0516,692,1,2010-01-04 08:56:00,2011-05-16 17:08:00,346,0,0
WIF0691,972,2,2010-01-04 08:58:00,2011-05-16 18:57:00,346,357,0
WIQ0567,1240,1,2010-01-03 08:48:00,2011-05-16 18:07:00,442,276,267
WJD0576,692,1,2010-01-04 08:21:00,2011-05-16 18:23:00,346,346,0
WKD0013,814,3,2010-01-04 09:03:00,2011-05-16 18:18:00,354,436,12
WKF0012,692,1,2010-01-04 07:39:00,2011-05-16 17:43:00,346,356,0
WLV0566,692,1,2010-01-04 08:54:00,2011-05-16 17:56:00,346,189,0
WNB0908,954,1,2010-01-04 09:05:00,2011-05-16 18:12:00,346,346,0
WPE0538,692,1,2010-01-04 08:16:00,2011-05-16 18:21:00,346,346,0
WPR0368,3470,720,2010-01-02 08:13:00,2011-05-16 21:45:28,427,2125,650
WRM0963,509,3,2010-01-04 07:13:00,2010-09-08 16:24:00,174,184,0
WSR0241,842,30,2010-01-04 08:00:00,2011-05-16 17:53:00,346,364,0
WTF0387,692,1,2010-01-04 08:00:00,2011-05-16 16:13:00,346,154,0
WTR0563,692,1,2010-01-04 08:45:00,2011-05-16 17:58:00,346,233,0
WVB0539,692,1,2010-01-04 07:50:00,2011-05-16 16:52:00,346,155,0
WXH0872,950,3,2010-01-04 07:33:00,2011-05-16 17:38:00,347,408,1
XAA0104,967,1,2010-01-04 07:03:00,2011-05-16 17:13:00,346,346,0
XBN0229,692,1,2010-01-04 07:45:00,2011-05-16 19:13:00,346,512,0
XHG0902,692,1,2010-01-04 09:08:00,2011-05-16 18:09:00,346,346,0
XHW0498,390,1,2010-01-04 08:13:00,2010-10-07 17:16:00,195,0,0
XLB0710,692,1,2010-01-04 07:37:00,2011-05-16 16:41:00,346,346,0
XRS0633,958,1,2010-01-04 09:10:00,2011-05-16 21:14:00,346,346,0
XWD0923,688,1,2010-01-04 08:20:00,2010-12-29 19:28:00,250,250,0
YCE0983,692,1,2010-01-04 07:33:00,2011-05-16 17:35:00,346,361,0
YDN0198,976,2,2010-01-04 07:19:00,2011-05-16 15:41:00,346,348,0
YEV0793,692,1,2010-01-04 08:01:00,2011-05-16 17:11:00,346,0,0
YIC0195,1174,3,2010-01-02 08:07:00,2011-02-04 18:15:00,352,375,233
YJF0532,1150,3,2010-01-04 08:51:00,2011-05-16 16:54:00,346,0,0
YJV0699,692,1,2010-01-04 07:36:00,2011-05-16 16:48:00,346,346,0
YWW0660,522,1,2010-01-04 09:06:00,2011-01-14 21:11:00,261,261,0
ZCF0590,692,1,2010-01-04 08:26:00,2011-05-16 18:30:00,346,346,0
ZDW0859,991,18,2010-01-04 07:45:00,2011-05-16 17:44:00,346,364,0
ZFM0468,692,1,2010-01-04 07:57:00,2011-05-16 17:59:00,346,345,0
ZJE0857,786,2,2010-01-04 07:35:00,2011-05-16 17:42:00,367,380,34
ZJS0269,692,1,2010-01-04 07:12:00,2011-05-16 17:13:00,346,346,0
ZKS0899,770,2,2010-01-04 09:12:00,2011-05-16 18:07:00,346,346,0
ZMC0284,692,1,2010-01-04 09:09:00,2011-05-16 18:29:00,346,346,0
ZSB0649,692,1,2010-01-04 09:01:00,2011-05-16 21:16:00,346,346,0
ZSK0258,692,1,2010-01-04 07:45:00,2011-05-16 16:59:00,346,346,0
ZSL0305,692,1,2010-01-04 08:54:00,2011-05-16 17:55:00,346,175,0
