pc,total_logons,unique_users,first_seen,last_seen,active_days
PC-0004,756,25,2010-01-04 07:53:00,2011-05-16 18:56:00,346
PC-0008,1379,25,2010-01-03 09:01:00,2011-05-16 18:21:00,438
PC-0039,530,20,2010-01-04 07:47:00,2010-12-14 18:07:00,242
PC-0044,780,27,2010-01-04 08:56:00,2011-05-16 18:15:00,346
PC-0072,778,26,2010-01-04 08:04:00,2011-05-16 17:13:00,347
PC-0092,768,26,2010-01-04 07:40:00,2011-05-16 17:55:00,346
PC-0094,1036,28,2010-01-04 09:05:00,2011-05-16 18:12:00,346
PC-0115,762,26,2010-01-04 07:04:00,2011-05-16 16:14:00,346
PC-0118,774,30,2010-01-04 08:05:00,2011-05-16 17:12:00,348
PC-0120,1025,26,2010-01-04 08:00:00,2011-05-16 16:03:00,347
PC-0132,650,22,2010-01-04 06:32:12,2011-02-25 18:44:00,293
PC-0133,770,27,2010-01-04 07:45:00,2011-05-16 16:48:00,347
PC-0141,368,16,2010-01-04 08:18:00,2010-08-17 19:29:00,160
PC-0146,1053,27,2010-01-04 07:49:00,2011-05-16 18:09:00,347
PC-0148,630,17,2010-01-04 07:14:00,2010-10-29 17:26:00,212
PC-0151,980,27,2010-01-03 07:07:00,2011-05-16 16:11:00,449
PC-0155,857,1,2010-01-04 08:12:00,2011-03-22 16:24:00,308
PC-0164,778,25,2010-01-04 08:51:00,2011-05-16 23:49:58,347
PC-0166,1293,26,2010-01-03 06:50:00,2011-05-16 15:57:00,436
PC-0174,1053,26,2010-01-04 07:00:00,2011-05-16 16:16:00,347
PC-0177,774,24,2010-01-04 08:30:00,2011-05-16 19:21:00,346
PC-0181,784,29,2010-01-04 08:25:00,2011-05-16 17:30:00,346
PC-0183,1045,26,2010-01-04 06:03:39,2011-05-16 15:51:00,346
PC-0189,774,27,2010-01-04 08:28:00,2011-05-16 18:26:00,346
PC-0191,772,27,2010-01-04 07:54:00,2011-05-16 17:47:00,348
PC-0198,386,21,2010-01-04 08:21:00,2010-09-02 16:29:00,172
PC-0202,768,24,2010-01-04 08:53:00,2011-05-16 17:00:00,346
PC-0205,1049,27,2010-01-04 07:00:00,2011-05-16 18:11:00,347
PC-0215,760,27,2010-01-04 07:32:00,2011-05-16 19:37:05,346
PC-0216,1061,29,2010-01-04 09:05:00,2011-05-16 18:19:00,348
PC-0235,762,21,2010-01-04 07:51:00,2011-05-16 16:54:00,346
PC-0246,1426,32,2010-01-02 08:15:00,2011-05-16 19:39:00,477
PC-0252,768,20,2010-01-04 08:22:00,2011-05-16 19:26:00,346
PC-0253,692,1,2010-01-04 08:12:00,2011-05-16 16:28:00,346
PC-0262,758,24,2010-01-04 07:10:00,2011-05-16 16:11:00,347
PC-0269,108,6,2010-01-02 08:53:00,2010-02-19 21:16:59,49
PC-0285,784,25,2010-01-04 07:00:00,2011-05-16 16:19:00,346
PC-0290,840,23,2010-01-04 07:50:00,2011-02-11 16:08:00,281
PC-0320,472,21,2010-01-04 08:16:00,2010-10-29 19:41:00,211
PC-0322,1023,24,2010-01-04 07:10:00,2011-05-16 17:13:00,346
PC-0330,774,27,2010-01-04 07:26:00,2011-05-16 15:32:00,347
PC-0335,759,24,2010-01-04 09:11:00,2011-05-16 18:12:00,346
PC-0351,850,31,2010-01-04 07:53:00,2011-05-16 17:56:00,380
PC-0365,866,28,2010-01-04 08:18:00,2011-05-16 16:30:00,353
PC-0369,746,21,2010-01-04 07:14:00,2011-05-16 18:15:00,346
PC-0377,1042,23,2010-01-04 07:45:00,2011-05-16 16:39:00,346
PC-0378,748,24,2010-01-04 01:25:06,2011-05-16 16:25:00,346
PC-0379,1056,29,2010-01-04 07:40:00,2011-05-16 17:00:00,346
PC-0384,1367,26,2010-01-03 07:41:00,2011-05-16 15:37:00,458
PC-0389,798,32,2010-01-04 08:56:00,2011-05-16 17:08:00,348
PC-0391,756,26,2010-01-04 08:01:00,2011-05-16 17:11:00,346
PC-0393,766,24,2010-01-04 08:45:00,2011-05-16 17:06:00,346
PC-0422,798,29,2010-01-04 07:32:00,2011-05-16 22:28:35,348
PC-0426,1043,22,2010-01-04 08:26:00,2011-05-16 20:38:00,346
PC-0427,778,25,2010-01-04 07:50:00,2011-05-16 17:03:00,346
PC-0435,1377,34,2010-01-02 08:20:00,2011-05-16 17:17:00,464
PC-0441,108,5,2010-01-04 07:48:00,2010-03-05 16:58:00,46
PC-0444,770,24,2010-01-04 09:03:00,2011-05-16 21:07:00,347
PC-0461,780,30,2010-01-04 07:45:00,2011-05-16 16:59:00,346
PC-0467,222,13,2010-01-04 07:55:00,2010-05-20 16:56:00,99
PC-0470,1041,28,2010-01-04 07:34:00,2011-05-16 16:45:00,346
PC-0474,1043,30,2010-01-04 09:00:00,2011-05-16 17:49:00,346
PC-0494,748,22,2010-01-04 08:58:00,2011-05-16 17:59:00,348
PC-0507,400,19,2010-01-04 07:48:00,2010-09-10 15:59:00,176
PC-0508,772,24,2010-01-04 07:52:00,2011-05-16 16:52:00,346
PC-0514,780,28,2010-01-04 07:15:00,2011-05-16 18:13:00,347
PC-0524,588,21,2010-01-04 07:00:00,2011-01-06 18:10:00,265
PC-0532,780,31,2010-01-04 07:52:00,2011-05-16 16:49:00,347
PC-0576,767,23,2010-01-04 08:56:00,2011-05-16 18:00:00,348
PC-0603,768,25,2010-01-04 07:52:00,2011-05-16 18:59:00,346
PC-0616,1022,24,2010-01-04 08:20:00,2011-05-16 18:30:00,346
PC-0623,472,21,2010-01-04 07:03:00,2010-10-29 16:12:00,211
PC-0642,756,22,2010-01-04 09:04:00,2011-05-16 18:15:00,346
PC-0647,1036,26,2010-01-04 07:34:00,2011-05-16 17:48:00,346
PC-0653,768,26,2010-01-04 07:42:00,2011-05-16 16:45:00,346
PC-0669,1054,32,2010-01-04 09:05:00,2011-05-16 18:10:00,346
PC-0683,772,23,2010-01-04 07:13:00,2011-05-16 17:13:00,346
PC-0692,800,36,2010-01-04 08:15:00,2011-05-16 17:10:00,347
PC-0697,1155,28,2010-01-04 07:57:00,2011-05-16 18:12:00,384
PC-0724,1057,29,2010-01-04 09:05:00,2011-05-16 18:12:00,347
PC-0728,66,4,2010-01-04 07:58:00,2010-02-11 17:15:00,29
PC-0731,784,29,2010-01-04 07:54:00,2011-05-16 16:52:00,347
PC-0741,1117,27,2010-01-04 08:56:00,2011-05-16 17:50:00,348
PC-0745,758,25,2010-01-04 07:08:00,2011-05-16 16:15:00,347
PC-0751,770,26,2010-01-04 08:30:00,2011-05-16 19:34:00,346
PC-0768,1057,27,2010-01-04 09:10:00,2011-05-16 21:17:00,348
PC-0772,764,27,2010-01-04 07:57:00,2011-05-16 15:56:00,346
PC-0777,782,27,2010-01-04 07:02:00,2011-05-16 17:14:00,347
PC-0779,752,21,2010-01-04 08:23:00,2011-05-16 19:26:00,346
PC-0780,768,29,2010-01-04 08:18:00,2011-05-16 16:24:00,348
PC-0795,1046,28,2010-01-04 07:59:00,2011-05-16 16:50:00,348
PC-0800,1057,30,2010-01-04 07:49:00,2011-05-16 18:04:00,348
PC-0814,344,13,2010-01-04 07:42:00,2010-08-09 15:45:00,153
PC-0818,796,29,2010-01-04 09:13:00,2011-05-16 21:10:00,348
PC-0836,77,5,2010-01-04 07:50:00,2010-02-03 18:00:00,25
PC-0839,754,23,2010-01-04 09:11:00,2011-05-16 18:23:00,348
PC-0840,1545,29,2010-01-02 08:24:00,2011-05-16 16:34:00,460
PC-0843,920,28,2010-01-02 07:56:00,2011-05-16 16:55:00,401
PC-0898,1024,24,2010-01-04 08:55:00,2011-05-16 18:01:00,346
PC-0902,1035,27,2010-01-04 08:05:00,2011-05-16 17:03:00,346
PC-0908,692,1,2010-01-04 07:22:00,2011-05-16 15:22:00,346
PC-0925,794,32,2010-01-04 07:24:00,2011-05-16 15:22:00,349
PC-0926,1657,28,2010-01-02 07:46:00,2011-05-16 16:58:00,494
PC-0928,772,24,2010-01-04 05:22:30,2011-05-16 18:58:00,346
PC-0967,766,23,2010-01-04 07:56:00,2011-05-16 17:02:00,346
PC-0969,766,26,2010-01-04 08:29:00,2011-05-16 20:33:00,347
PC-0982,717,21,2010-01-04 08:15:00,2010-12-13 20:29:00,240
PC-0985,766,26,2010-01-04 08:22:00,2011-05-16 19:28:00,346
PC-1005,774,24,2010-01-04 09:14:00,2011-05-16 21:12:00,346
PC-1013,768,27,2010-01-04 07:57:00,2011-05-16 18:04:00,348
PC-1017,782,28,2010-01-04 07:51:00,2011-05-16 16:58:00,346
PC-1038,1045,29,2010-01-04 08:20:00,2011-05-16 16:33:00,346
PC-1039,148,7,2010-01-04 07:46:00,2010-03-12 17:15:00,50
PC-1069,1043,27,2010-01-04 09:11:00,2011-05-16 21:14:00,347
PC-1099,1026,19,2010-01-04 09:10:00,2011-05-16 21:14:00,347
PC-1107,768,28,2010-01-04 07:31:00,2011-05-16 16:57:00,346
PC-1108,770,27,2010-01-04 07:53:00,2011-05-16 17:57:00,348
PC-1109,760,21,2010-01-04 07:13:00,2011-05-16 18:12:00,346
PC-1117,1038,26,2010-01-04 09:02:00,2011-05-16 21:14:00,347
PC-1130,590,22,2010-01-04 08:05:00,2011-01-20 17:14:00,265
PC-1165,1047,22,2010-01-04 08:23:00,2011-05-16 18:45:00,347
PC-1182,762,25,2010-01-04 07:35:00,2011-05-16 16:59:00,347
PC-1187,1052,28,2010-01-04 08:57:00,2011-05-16 16:52:00,349
PC-1208,746,21,2010-01-04 08:58:00,2011-05-16 17:48:00,347
PC-1232,770,27,2010-01-04 07:19:00,2011-05-16 15:30:00,347
PC-1243,1087,21,2010-01-04 08:58:00,2011-05-16 17:07:00,349
PC-1246,754,21,2010-01-04 07:05:00,2011-05-16 16:13:00,346
PC-1247,794,31,2010-01-04 08:55:00,2011-05-16 22:35:48,348
PC-1268,418,20,2010-01-04 09:09:00,2010-09-22 18:15:00,184
PC-1275,728,21,2010-01-04 07:52:00,2011-04-29 19:05:00,335
PC-1279,1174,25,2010-01-04 07:41:00,2011-05-16 16:39:00,356
PC-1281,754,20,2010-01-04 08:18:00,2011-05-16 17:26:00,346
PC-1282,1041,26,2010-01-04 07:30:00,2011-05-16 16:43:00,347
PC-1283,1051,26,2010-01-04 08:04:00,2011-05-16 18:16:00,346
PC-1289,1075,36,2010-01-04 07:55:00,2011-05-16 16:59:00,347
PC-1301,1035,27,2010-01-04 08:53:00,2011-05-16 18:56:00,346
PC-1307,792,32,2010-01-04 09:06:00,2011-05-16 21:02:00,346
PC-1312,92,2,2010-01-02 09:01:00,2010-02-08 04:27:31,38
PC-1313,1441,27,2010-01-02 07:33:00,2011-05-16 17:53:00,486
PC-1332,780,25,2010-01-04 08:13:00,2011-05-16 17:16:00,347
PC-1377,938,25,2010-01-04 07:38:00,2011-05-16 22:15:16,356
PC-1389,770,27,2010-01-04 08:00:00,2011-05-16 18:07:00,346
PC-1394,772,31,2010-01-04 08:18:00,2011-05-16 16:43:00,347
PC-1395,790,30,2010-01-04 08:53:00,2011-05-16 17:56:00,347
PC-1397,798,33,2010-01-04 09:04:00,2011-05-16 21:17:00,348
PC-1436,762,24,2010-01-04 08:45:00,2011-05-16 18:41:00,347
PC-1474,216,1,2010-01-04 07:15:00,2010-06-04 15:45:00,108
PC-1476,768,27,2010-01-04 07:49:00,2011-05-16 18:03:00,346
PC-1478,778,27,2010-01-04 08:00:00,2011-05-16 15:53:00,347
PC-1479,1042,23,2010-01-04 07:56:00,2011-05-16 17:09:00,346
PC-1480,760,24,2010-01-04 07:19:00,2011-05-16 16:35:00,347
PC-1485,1060,31,2010-01-04 07:19:00,2011-05-16 15:38:00,348
PC-1500,746,21,2010-01-04 07:51:00,2011-05-16 16:57:00,346
PC-1514,756,22,2010-01-04 07:58:00,2011-05-16 17:05:00,346
PC-1518,786,29,2010-01-04 07:01:00,2011-05-16 18:08:00,346
PC-1521,764,22,2010-01-04 07:49:00,2011-05-16 16:59:00,346
PC-1526,758,19,2010-01-04 07:42:00,2011-05-16 16:39:00,347
PC-1528,1043,22,2010-01-04 07:15:00,2011-05-16 15:23:00,348
PC-1532,736,17,2010-01-04 08:21:00,2011-05-16 18:23:00,346
PC-1572,770,24,2010-01-04 09:07:00,2011-05-16 18:15:00,346
PC-1586,1427,25,2010-01-03 07:51:00,2011-05-16 18:05:00,442
PC-1590,778,28,2010-01-04 07:50:00,2011-05-16 19:00:00,347
PC-1593,752,23,2010-01-04 08:14:00,2011-05-16 17:28:00,347
PC-1609,597,14,2010-01-04 08:20:00,2010-10-08 18:30:00,198
PC-1611,766,26,2010-01-04 09:03:00,2011-05-16 18:10:00,347
PC-1620,756,25,2010-01-04 07:09:00,2011-05-16 16:15:00,347
PC-1622,784,31,2010-01-04 07:37:00,2011-05-16 16:48:00,346
PC-1637,732,20,2010-01-04 08:20:00,2010-12-29 19:28:00,250
PC-1648,761,24,2010-01-04 08:00:00,2011-05-16 19:11:00,346
PC-1651,752,21,2010-01-04 07:30:00,2011-05-16 17:49:00,346
PC-1658,774,22,2010-01-04 07:34:00,2011-05-16 16:58:00,347
PC-1677,756,25,2010-01-04 08:53:00,2011-05-16 16:56:00,346
PC-1708,400,21,2010-01-04 09:00:00,2010-09-07 18:13:00,173
PC-1725,1154,25,2010-01-04 08:24:00,2011-05-16 19:36:00,353
PC-1736,1029,22,2010-01-04 07:32:00,2011-05-16 21:27:01,346
PC-1745,692,1,2010-01-04 08:13:00,2011-05-16 16:13:00,346
PC-1772,766,25,2010-01-04 08:00:00,2011-05-16 19:19:00,346
PC-1783,770,28,2010-01-04 08:54:00,2011-05-16 18:05:00,346
PC-1786,558,24,2010-01-04 07:46:00,2010-12-20 18:02:00,246
PC-1795,1066,30,2010-01-04 07:48:00,2011-05-16 17:11:00,348
PC-1805,752,23,2010-01-04 07:46:00,2011-05-16 16:15:00,347
PC-1809,660,24,2010-01-04 07:57:00,2011-02-24 16:55:00,291
PC-1813,796,28,2010-01-04 09:02:00,2011-05-16 21:29:00,346
PC-1837,864,28,2010-01-04 09:03:00,2011-05-16 18:18:00,356
PC-1841,776,27,2010-01-04 08:11:00,2011-05-16 17:10:00,347
PC-1845,758,23,2010-01-04 09:05:00,2011-05-16 18:11:00,347
PC-1849,1053,33,2010-01-04 08:22:00,2011-05-16 20:27:00,346
PC-1874,792,28,2010-01-04 06:56:00,2011-05-16 16:56:00,349
PC-1887,768,26,2010-01-04 08:21:00,2011-05-16 19:43:00,347
PC-1893,764,25,2010-01-04 07:02:00,2011-05-16 17:06:00,346
PC-1896,776,26,2010-01-04 09:15:00,2011-05-16 18:08:00,346
PC-1917,967,27,2010-01-02 07:37:00,2011-05-16 16:51:00,443
PC-1933,1031,24,2010-01-04 07:56:00,2011-05-16 17:08:00,347
PC-1940,132,1,2010-01-04 08:05:00,2010-04-06 16:28:00,66
PC-1941,142,10,2010-01-04 09:06:00,2010-03-26 18:15:00,60
PC-1949,882,28,2010-01-04 07:48:00,2011-05-16 18:08:03,349
PC-1980,772,26,2010-01-04 07:52:00,2011-05-16 17:09:00,346
PC-1998,1089,21,2010-01-04 07:33:00,2011-05-16 17:57:00,349
PC-2017,758,27,2010-01-04 07:55:00,2011-05-16 16:59:00,347
PC-2024,768,24,2010-01-04 07:45:00,2011-05-16 18:25:02,346
PC-2030,720,21,2010-01-04 07:04:00,2010-12-13 16:22:00,241
PC-2046,1032,27,2010-01-04 09:12:00,2011-05-16 18:15:00,346
PC-2057,772,24,2010-01-04 09:00:00,2011-05-16 17:55:00,347
PC-2059,788,29,2010-01-04 07:55:00,2011-05-16 17:55:00,347
PC-2064,772,25,2010-01-04 09:13:00,2011-05-16 21:12:00,347
PC-2066,1051,29,2010-01-04 07:45:00,2011-05-16 17:44:00,346
PC-2069,758,25,2010-01-04 08:05:00,2011-05-16 17:27:00,346
PC-2072,768,23,2010-01-04 07:08:00,2011-05-16 18:05:00,346
PC-2077,752,20,2010-01-04 07:48:00,2011-05-16 17:57:00,348
PC-2085,1038,28,2010-01-04 07:48:00,2011-05-16 17:57:00,347
PC-2094,786,31,2010-01-04 07:38:00,2011-05-16 17:44:00,347
PC-2110,798,33,2010-01-04 09:10:00,2011-05-16 18:09:00,347
PC-2113,1209,24,2010-01-02 08:22:00,2011-05-16 19:30:00,404
PC-2119,778,25,2010-01-04 07:49:00,2011-05-16 18:57:00,347
PC-2123,764,23,2010-01-04 09:13:00,2011-05-16 21:24:00,346
PC-2124,692,1,2010-01-04 08:01:00,2011-05-16 16:12:00,346
PC-2125,780,26,2010-01-04 08:55:00,2011-05-16 17:03:00,346
PC-2131,794,28,2010-01-04 08:56:00,2011-05-16 18:03:00,346
PC-2139,1158,27,2010-01-04 08:55:00,2011-05-16 17:58:00,387
PC-2143,762,23,2010-01-04 07:30:00,2011-05-16 15:42:00,347
PC-2164,758,21,2010-01-04 07:30:00,2011-05-16 15:42:00,347
PC-2173,1036,27,2010-01-02 14:06:32,2011-05-16 16:11:00,348
PC-2174,1193,20,2010-01-04 07:04:00,2011-05-16 15:14:00,357
PC-2177,1021,26,2010-01-04 07:54:00,2011-05-16 17:56:00,347
PC-2181,1025,25,2010-01-04 07:13:00,2011-05-16 16:25:00,346
PC-2187,774,24,2010-01-04 07:14:05,2011-05-16 16:59:00,346
PC-2191,756,25,2010-01-04 08:46:00,2011-05-16 16:56:00,346
PC-2211,338,12,2010-01-03 07:41:00,2010-05-06 17:35:00,113
PC-2231,772,26,2010-01-04 07:57:00,2011-05-16 21:39:17,346
PC-2244,270,14,2010-01-03 08:05:00,2010-05-14 17:15:00,119
PC-2266,762,26,2010-01-04 07:49:00,2011-05-16 19:00:00,346
PC-2271,1047,30,2010-01-04 08:45:00,2011-05-16 16:57:00,347
PC-2276,531,17,2010-01-04 07:02:00,2010-09-03 16:10:00,172
PC-2288,1056,24,2010-01-02 08:52:00,2011-05-16 16:57:00,492
PC-2289,770,25,2010-01-04 08:58:00,2011-05-16 18:09:00,348
PC-2321,1024,30,2010-01-02 07:56:00,2011-05-16 15:56:00,472
PC-2335,1036,28,2010-01-04 07:45:00,2011-05-16 17:57:00,347
PC-2343,790,30,2010-01-04 08:18:00,2011-05-16 16:26:00,347
PC-2344,671,1,2010-01-04 07:21:00,2010-11-05 21:48:55,218
PC-2349,806,28,2010-01-04 07:54:00,2011-05-16 17:10:00,366
PC-2363,1048,22,2010-01-04 07:10:00,2011-05-16 17:10:00,346
PC-2368,756,22,2010-01-04 07:40:00,2011-05-16 16:41:00,346
PC-2370,774,31,2010-01-04 03:37:16,2011-05-16 17:14:53,346
PC-2381,744,22,2010-01-04 07:41:00,2011-05-16 17:40:00,347
PC-2393,758,23,2010-01-04 07:14:00,2011-05-16 17:12:00,346
PC-2408,388,23,2010-01-04 08:56:00,2010-08-24 16:54:00,165
PC-2417,1207,25,2010-01-02 07:50:00,2011-05-16 17:00:00,404
PC-2422,1026,25,2010-01-04 07:05:00,2011-05-16 16:24:00,347
PC-2439,772,26,2010-01-04 08:45:00,2011-05-16 18:00:00,347
PC-2441,772,29,2010-01-04 07:58:00,2011-05-16 17:02:00,347
PC-2461,756,24,2010-01-04 09:04:00,2011-05-16 21:14:00,346
PC-2462,788,32,2010-01-04 07:46:00,2011-05-16 17:56:00,347
PC-2464,392,22,2010-01-04 07:44:00,2010-08-25 15:40:00,165
PC-2479,778,31,2010-01-04 08:17:00,2011-05-16 19:26:00,349
PC-2499,1040,24,2010-01-04 08:25:00,2011-05-16 16:28:00,347
PC-2511,1050,28,2010-01-04 08:01:00,2011-05-16 21:21:45,346
PC-2512,460,20,2010-01-04 07:43:00,2010-10-15 17:54:00,202
PC-2524,482,1,2010-01-04 07:26:00,2010-12-10 20:22:04,239
PC-2531,894,30,2010-01-04 07:40:00,2011-05-16 20:46:36,384
PC-2550,1163,24,2010-01-04 08:21:00,2011-05-16 20:42:00,354
PC-2552,778,29,2010-01-04 07:25:00,2011-05-16 15:28:00,349
PC-2559,656,24,2010-01-04 09:00:00,2011-01-14 21:12:00,266
PC-2560,1176,31,2010-01-04 07:06:00,2011-05-16 17:16:00,356
PC-2567,762,27,2010-01-04 00:33:45,2011-05-16 18:05:00,346
PC-2574,758,26,2010-01-04 08:03:00,2011-05-16 17:12:00,346
PC-2582,788,27,2010-01-04 01:34:29,2011-05-16 17:48:00,347
PC-2638,346,17,2010-01-04 07:55:00,2010-08-03 17:54:00,150
PC-2640,762,27,2010-01-04 08:54:00,2011-05-16 17:55:00,346
PC-2645,588,25,2010-01-04 09:06:00,2011-01-14 21:11:00,261
PC-2661,336,17,2010-01-04 07:56:00,2010-07-27 17:00:00,144
PC-2662,778,30,2010-01-04 08:15:00,2011-05-16 16:20:00,347
PC-2674,774,29,2010-01-04 09:11:00,2011-05-16 18:12:00,346
PC-2684,762,23,2010-01-04 07:46:00,2011-05-16 17:57:00,346
PC-2690,758,26,2010-01-04 08:53:00,2011-05-16 18:56:00,347
PC-2697,1319,23,2010-01-03 07:48:00,2011-05-16 17:47:00,449
PC-2709,788,27,2010-01-04 07:57:00,2011-05-16 16:58:00,346
PC-2725,94,6,2010-01-04 08:47:00,2010-02-19 19:04:00,35
PC-2731,1069,29,2010-01-04 07:31:00,2011-05-16 15:43:00,353
PC-2744,502,15,2010-01-02 09:09:00,2010-09-10 18:23:00,235
PC-2763,244,11,2010-01-04 08:48:00,2010-06-08 16:57:00,110
PC-2765,782,26,2010-01-04 07:54:00,2011-05-16 18:01:00,346
PC-2766,784,27,2010-01-04 07:53:00,2011-05-16 16:55:00,346
PC-2768,782,29,2010-01-04 07:05:00,2011-05-16 18:00:00,346
PC-2770,756,24,2010-01-04 08:16:00,2011-05-16 19:32:00,346
PC-2775,90,7,2010-01-04 09:09:00,2010-02-11 18:21:00,29
PC-2777,1039,28,2010-01-04 07:34:00,2011-05-16 16:38:00,347
PC-2804,1207,26,2010-01-02 08:54:00,2011-05-16 18:54:00,405
PC-2806,1042,32,2010-01-04 07:12:00,2011-05-16 16:25:00,346
PC-2813,766,25,2010-01-04 09:08:00,2011-05-16 18:09:00,349
PC-2843,754,21,2010-01-04 07:44:00,2011-05-16 16:45:00,347
PC-2879,700,21,2010-01-04 07:57:00,2010-11-30 18:57:00,231
PC-2891,750,19,2010-01-04 07:08:00,2011-05-16 17:30:00,346
PC-2896,778,29,2010-01-04 08:49:00,2011-05-16 17:51:00,346
PC-2904,274,10,2010-01-04 07:39:00,2010-06-30 17:45:00,126
PC-2915,756,20,2010-01-04 07:24:00,2011-05-16 16:37:00,347
PC-2924,766,25,2010-01-04 07:10:00,2011-05-16 18:13:00,346
PC-2930,1019,20,2010-01-04 07:14:00,2011-05-16 17:16:00,346
PC-2940,1156,28,2010-01-04 08:04:00,2011-05-16 17:25:00,352
PC-2948,278,1,2010-01-04 07:15:00,2010-07-16 22:16:28,137
PC-2996,758,22,2010-01-04 07:09:00,2011-05-16 16:28:00,346
PC-3000,754,21,2010-01-04 08:24:00,2011-05-16 20:28:00,347
PC-3005,750,24,2010-01-04 08:12:00,2011-05-16 17:08:00,346
PC-3014,768,26,2010-01-04 08:26:00,2011-05-16 20:22:00,346
PC-3020,1048,30,2010-01-04 07:45:00,2011-05-16 16:43:00,346
PC-3054,756,24,2010-01-04 01:57:54,2011-05-16 17:30:00,346
PC-3093,770,22,2010-01-04 08:10:00,2011-05-16 17:15:00,347
PC-3094,742,18,2010-01-04 04:13:48,2011-05-16 17:20:00,346
PC-3118,1020,21,2010-01-04 07:49:00,2011-05-16 18:00:00,346
PC-3120,1017,22,2010-01-04 08:22:00,2011-05-16 20:33:00,346
PC-3124,794,29,2010-01-04 07:47:00,2011-05-16 17:58:00,348
PC-3126,768,27,2010-01-04 07:06:00,2011-05-16 18:13:00,346
PC-3135,1154,27,2010-01-04 06:45:00,2011-05-16 16:04:00,387
PC-3142,742,19,2010-01-04 08:00:00,2011-05-16 17:53:00,346
PC-3196,1021,28,2010-01-04 07:57:00,2011-05-16 17:15:00,346
PC-3201,514,23,2010-01-04 08:22:00,2010-11-24 19:44:00,229
PC-3227,776,26,2010-01-04 08:21:00,2011-05-16 19:28:00,346
PC-3233,1041,22,2010-01-04 08:46:00,2011-05-16 17:00:00,346
PC-3263,420,14,2010-01-04 07:47:00,2010-07-21 18:01:00,141
PC-3268,1033,22,2010-01-04 03:30:53,2011-05-16 17:58:00,347
PC-3285,788,27,2010-01-04 08:00:00,2011-05-16 17:21:00,349
PC-3291,1023,18,2010-01-04 07:00:00,2011-05-16 17:14:00,346
PC-3296,774,27,2010-01-04 07:58:00,2011-05-16 18:06:00,347
PC-3297,800,31,2010-01-04 07:47:00,2011-05-16 17:15:00,348
PC-3301,1042,24,2010-01-04 03:15:35,2011-05-16 16:26:00,346
PC-3311,1179,24,2010-01-04 07:35:00,2011-05-16 16:44:36,355
PC-3324,778,30,2010-01-04 07:29:00,2011-05-16 15:30:00,346
PC-3343,1042,27,2010-01-04 07:35:00,2011-05-16 15:39:00,348
PC-3372,564,22,2010-01-04 07:20:00,2010-12-22 15:33:00,248
PC-3375,754,24,2010-01-04 08:07:00,2011-05-16 17:12:00,346
PC-3378,770,28,2010-01-04 07:53:00,2011-05-16 17:51:00,346
PC-3379,770,24,2010-01-04 09:03:00,2011-05-16 21:10:00,346
PC-3401,550,18,2010-01-04 07:50:00,2010-12-30 18:00:00,252
PC-3406,780,29,2010-01-04 07:46:00,2011-05-16 17:12:00,347
PC-3424,774,29,2010-01-04 05:13:08,2011-05-16 16:44:00,348
PC-3430,758,21,2010-01-04 07:05:00,2011-05-16 16:11:00,347
PC-3446,1409,22,2010-01-02 07:08:00,2011-05-16 18:10:00,476
PC-3449,736,28,2010-01-04 09:15:00,2011-04-18 21:15:00,327
PC-3451,759,26,2010-01-04 08:08:00,2011-05-16 17:24:00,346
PC-3459,776,31,2010-01-04 02:43:49,2011-05-16 20:14:58,346
PC-3465,794,27,2010-01-04 07:49:00,2011-05-16 16:59:00,346
PC-3467,788,30,2010-01-04 08:26:00,2011-05-16 16:26:00,346
PC-3469,770,27,2010-01-04 09:09:00,2011-05-16 21:15:00,346
PC-3476,1070,30,2010-01-04 08:54:00,2011-05-16 16:46:00,346
PC-3494,756,23,2010-01-04 07:13:00,2011-05-16 17:09:00,347
PC-3505,770,26,2010-01-04 09:14:00,2011-05-16 21:14:00,346
PC-3534,766,22,2010-01-04 07:07:00,2011-05-16 16:19:00,348
PC-3543,772,27,2010-01-04 07:14:00,2011-05-16 18:22:00,346
PC-3559,768,26,2010-01-04 07:15:00,2011-05-16 15:28:00,347
PC-3567,752,24,2010-01-04 07:42:00,2011-05-16 15:36:00,346
PC-3571,1403,26,2010-01-02 08:55:00,2011-05-16 18:05:00,480
PC-3579,108,7,2010-01-04 07:59:00,2010-02-19 18:00:00,35
PC-3581,750,21,2010-01-04 07:18:00,2011-05-16 15:27:00,346
PC-3587,762,29,2010-01-04 08:19:00,2011-05-16 16:31:00,347
PC-3605,1040,26,2010-01-04 07:32:00,2011-05-16 16:41:00,348
PC-3620,1049,30,2010-01-04 07:47:00,2011-05-16 23:23:35,349
PC-3622,776,26,2010-01-04 07:58:00,2011-05-16 17:57:00,346
PC-3629,778,24,2010-01-04 07:55:00,2011-05-16 17:55:00,347
PC-3640,1360,28,2010-01-03 07:13:00,2011-05-16 16:15:00,453
PC-3651,728,23,2010-01-04 07:53:00,2011-04-26 18:13:00,332
PC-3672,484,1,2010-01-03 08:13:00,2010-10-04 04:18:44,239
PC-3675,772,29,2010-01-04 08:18:00,2011-05-16 18:30:00,347
PC-3682,1020,21,2010-01-04 07:56:00,2011-05-16 19:00:00,346
PC-3683,94,2,2010-01-03 08:53:00,2010-02-17 18:01:00,40
PC-3684,768,26,2010-01-04 07:56:00,2011-05-16 19:10:00,346
PC-3686,1051,24,2010-01-04 07:52:00,2011-05-16 17:59:00,354
PC-3687,775,27,2010-01-04 07:57:00,2011-05-16 17:50:00,346
PC-3695,774,29,2010-01-04 07:10:00,2011-05-16 18:01:00,346
PC-3723,782,26,2010-01-04 07:15:00,2011-05-16 18:15:00,348
PC-3733,1038,28,2010-01-04 07:34:00,2011-05-16 17:37:00,347
PC-3735,1063,27,2010-01-04 08:59:00,2011-05-16 18:00:00,347
PC-3737,1048,26,2010-01-04 08:13:00,2011-05-16 17:29:00,347
PC-3738,784,30,2010-01-04 07:52:00,2011-05-16 17:55:00,348
PC-3742,1038,25,2010-01-04 02:32:51,2011-05-16 17:59:00,346
PC-3752,776,26,2010-01-04 07:55:00,2011-05-16 16:59:00,348
PC-3764,764,23,2010-01-04 05:38:56,2011-05-16 17:35:00,346
PC-3772,1035,25,2010-01-04 07:47:00,2011-05-16 17:49:00,346
PC-3785,724,27,2010-01-04 07:55:00,2011-04-11 16:57:00,323
PC-3791,674,1,2010-01-04 08:06:00,2011-04-29 22:45:15,335
PC-3814,1022,24,2010-01-04 00:04:43,2011-05-16 16:21:00,348
PC-3815,890,25,2010-01-04 07:44:00,2011-05-16 16:00:00,353
PC-3819,1509,27,2010-01-03 07:33:00,2011-05-16 15:51:00,462
PC-3839,780,28,2010-01-04 07:30:00,2011-05-16 18:43:00,346
PC-3842,1455,24,2010-01-02 07:48:00,2011-05-16 18:12:00,495
PC-3845,72,3,2010-01-04 08:15:00,2010-02-05 19:13:00,25
PC-3847,4264,137,2010-01-04 08:48:34,2011-05-13 10:02:26,109
PC-3851,1031,26,2010-01-04 06:45:00,2011-05-16 15:49:00,346
PC-3873,786,29,2010-01-04 08:28:00,2011-05-16 18:28:00,347
PC-3887,754,21,2010-01-04 07:47:00,2011-05-16 18:02:00,346
PC-3907,1052,27,2010-01-04 07:00:00,2011-05-16 16:17:00,349
PC-3922,764,24,2010-01-04 08:27:00,2011-05-16 16:43:00,346
PC-3932,754,20,2010-01-04 09:03:00,2011-05-16 18:14:00,346
PC-3935,780,27,2010-01-04 08:00:00,2011-05-16 16:59:00,348
PC-3942,1095,21,2010-01-04 07:55:00,2011-05-16 19:00:00,353
PC-3947,768,24,2010-01-04 09:09:00,2011-05-16 18:29:00,347
PC-3952,1042,28,2010-01-04 07:57:00,2011-05-16 15:00:00,347
PC-3953,1006,21,2010-01-04 08:21:00,2011-05-16 20:33:00,346
PC-3959,1043,29,2010-01-04 08:30:00,2011-05-16 16:20:00,346
PC-3962,1055,32,2010-01-04 07:47:00,2011-05-16 18:03:00,349
PC-3978,1046,29,2010-01-04 07:03:00,2011-05-16 16:15:00,347
PC-3985,1023,28,2010-01-04 07:59:00,2011-05-16 18:00:00,347
PC-3989,768,26,2010-01-04 07:53:00,2011-05-16 18:04:00,347
PC-3998,770,28,2010-01-04 09:02:00,2011-05-16 21:17:00,346
PC-4000,772,28,2010-01-04 08:09:00,2011-05-16 19:13:00,349
PC-4011,750,24,2010-01-04 07:38:00,2011-05-16 16:58:00,349
PC-4024,491,20,2010-01-04 09:00:00,2010-08-16 21:13:00,158
PC-4030,782,28,2010-01-04 07:36:00,2011-05-16 16:42:00,347
PC-4032,434,24,2010-01-04 07:25:00,2010-09-24 15:29:00,186
PC-4040,826,25,2010-01-04 08:28:00,2011-05-16 18:33:00,372
PC-4071,750,22,2010-01-04 07:59:00,2011-05-16 15:03:00,347
PC-4109,768,29,2010-01-04 08:19:00,2011-05-16 19:32:00,347
PC-4124,25514,264,2010-01-02 06:53:04,2011-05-16 14:41:45,498
PC-4127,1293,28,2010-01-04 08:51:00,2011-05-16 22:30:38,386
PC-4136,768,30,2010-01-04 08:35:00,2011-05-16 15:47:00,349
PC-4155,782,27,2010-01-04 07:53:00,2011-05-16 18:05:00,347
PC-4159,382,16,2010-01-04 07:33:00,2010-09-02 16:42:00,171
PC-4176,774,28,2010-01-04 00:12:17,2011-05-16 22:55:24,346
PC-4195,1018,1,2010-01-04 08:15:00,2011-05-16 16:09:00,349
PC-4204,764,27,2010-01-04 07:49:00,2011-05-16 17:11:00,347
PC-4209,756,22,2010-01-04 07:51:00,2011-05-16 16:59:00,346
PC-4211,422,20,2010-01-04 08:54:00,2010-09-29 18:15:00,189
PC-4233,1051,30,2010-01-04 07:03:00,2011-05-16 17:26:00,347
PC-4243,786,29,2010-01-04 07:56:00,2011-05-16 16:12:00,346
PC-4246,280,11,2010-01-04 09:11:00,2010-05-10 21:11:00,90
PC-4256,630,24,2010-01-04 08:55:00,2011-01-27 16:59:00,272
PC-4259,1120,23,2010-01-04 08:16:00,2011-05-16 16:28:00,350
PC-4275,1162,21,2010-01-02 06:50:00,2011-05-16 17:08:00,400
PC-4289,1020,21,2010-01-04 07:38:00,2011-05-16 16:51:00,346
PC-4328,770,27,2010-01-04 07:46:00,2011-05-16 18:09:00,346
PC-4368,778,29,2010-01-04 07:55:00,2011-05-16 15:58:00,346
PC-4386,748,18,2010-01-04 08:20:00,2011-05-16 18:25:00,349
PC-4390,180,8,2010-01-04 07:58:00,2010-04-28 16:56:00,83
PC-4405,664,23,2010-01-04 07:59:00,2011-03-11 16:07:00,301
PC-4411,784,29,2010-01-04 07:43:00,2011-05-16 15:50:00,346
PC-4418,732,24,2010-01-04 07:07:00,2011-04-29 16:21:00,336
PC-4436,770,25,2010-01-04 07:06:00,2011-05-16 18:22:00,347
PC-4455,754,21,2010-01-04 08:08:00,2011-05-16 17:29:00,346
PC-4469,768,26,2010-01-04 07:59:00,2011-05-16 19:14:00,347
PC-4479,778,29,2010-01-04 07:51:00,2011-05-16 17:54:00,347
PC-4486,766,24,2010-01-04 08:26:00,2011-05-16 18:30:00,348
PC-4518,758,23,2010-01-04 07:33:00,2011-05-16 17:45:00,346
PC-4524,774,27,2010-01-04 06:49:00,2011-05-16 16:04:00,347
PC-4527,678,26,2010-01-04 07:58:00,2011-03-18 18:02:00,306
PC-4534,651,22,2010-01-04 07:48:00,2010-11-02 19:10:00,214
PC-4545,1035,22,2010-01-04 07:20:00,2011-05-16 15:27:00,347
PC-4547,1045,27,2010-01-04 08:15:00,2011-05-16 19:39:00,349
PC-4551,1022,27,2010-01-04 07:47:00,2011-05-16 18:10:00,412
PC-4556,754,21,2010-01-04 07:32:00,2011-05-16 16:46:00,348
PC-4559,1055,26,2010-01-04 08:05:00,2011-05-16 19:23:00,346
PC-4560,792,29,2010-01-04 07:58:00,2011-05-16 17:00:00,347
PC-4577,788,30,2010-01-04 08:08:00,2011-05-16 17:13:00,346
PC-4579,676,29,2010-01-04 08:28:00,2011-03-04 18:40:00,296
PC-4582,1116,26,2010-01-04 07:51:00,2011-05-16 18:58:00,351
PC-4600,760,21,2010-01-04 08:25:00,2011-05-16 16:29:00,346
PC-4621,1040,26,2010-01-04 07:10:00,2011-05-16 15:16:00,349
PC-4633,1043,30,2010-01-04 07:54:00,2011-05-16 15:58:00,347
PC-4659,1154,16,2010-01-02 08:20:00,2011-01-23 19:38:00,383
PC-4667,708,22,2010-01-04 07:07:00,2011-04-06 17:17:00,320
PC-4679,764,26,2010-01-04 07:50:00,2011-05-16 18:12:00,347
PC-4686,792,25,2010-01-04 08:54:00,2011-05-16 18:10:00,348
PC-4690,918,27,2010-01-04 00:42:24,2011-05-16 17:44:00,354
PC-4704,1069,29,2010-01-04 07:08:00,2011-05-16 16:14:00,348
PC-4707,786,28,2010-01-04 07:45:00,2011-05-16 15:44:00,348
PC-4711,134,7,2010-01-04 07:18:00,2010-03-26 15:24:00,60
PC-4722,802,36,2010-01-04 07:51:00,2011-05-16 17:55:00,347
PC-4729,1038,25,2010-01-04 05:57:35,2011-05-16 19:12:00,347
PC-4736,1350,31,2010-01-02 07:37:00,2011-05-16 15:45:00,446
PC-4748,458,22,2010-01-04 07:15:00,2010-10-07 16:16:00,197
PC-4753,672,22,2010-01-04 07:11:00,2011-03-10 18:24:00,300
PC-4761,760,27,2010-01-04 09:14:00,2011-05-16 21:14:00,349
PC-4785,236,9,2010-01-02 07:49:00,2010-05-12 17:00:00,111
PC-4804,812,28,2010-01-04 07:44:00,2011-05-16 17:45:00,347
PC-4835,788,26,2010-01-04 08:54:00,2011-05-16 18:54:00,360
PC-4860,772,28,2010-01-04 07:49:00,2011-05-16 15:59:00,347
PC-4861,1032,24,2010-01-04 07:52:00,2011-05-16 16:09:00,346
PC-4886,1031,22,2010-01-04 07:59:00,2011-05-16 17:14:57,346
PC-4895,782,27,2010-01-04 08:57:00,2011-05-16 17:55:00,349
PC-4905,752,24,2010-01-04 07:44:00,2011-05-16 15:37:00,347
PC-4911,772,23,2010-01-04 07:51:00,2011-05-16 19:15:00,346
PC-4925,428,17,2010-01-04 07:58:54,2010-09-30 18:00:00,191
PC-4952,782,28,2010-01-04 07:38:00,2011-05-16 16:52:00,349
PC-4953,1053,33,2010-01-04 08:48:00,2011-05-16 19:01:00,348
PC-4955,774,28,2010-01-04 07:46:00,2011-05-16 18:02:00,346
PC-4973,1023,23,2010-01-04 09:11:00,2011-05-16 21:14:00,346
PC-4983,882,19,2010-01-04 08:23:00,2011-05-16 18:44:00,354
PC-4984,1041,28,2010-01-04 07:52:00,2011-05-16 17:00:00,346
PC-5002,980,27,2010-01-03 07:54:00,2011-05-16 18:13:00,444
PC-5010,792,25,2010-01-04 07:52:00,2011-05-16 17:58:00,346
PC-5012,780,27,2010-01-04 08:15:00,2011-05-16 18:45:00,346
PC-5015,752,21,2010-01-04 08:22:00,2011-05-16 18:16:00,347
PC-5016,762,23,2010-01-04 09:04:00,2011-05-16 18:18:00,346
PC-5027,760,22,2010-01-04 07:17:08,2011-05-16 15:54:00,346
PC-5028,774,28,2010-01-04 08:24:00,2011-05-16 16:31:00,347
PC-5031,1074,30,2010-01-04 07:45:00,2011-05-16 16:00:00,347
PC-5046,762,24,2010-01-04 08:23:00,2011-05-16 19:25:00,346
PC-5053,692,1,2010-01-04 08:10:00,2011-05-16 16:20:00,346
PC-5061,764,22,2010-01-04 09:08:00,2011-05-16 18:11:00,347
PC-5066,794,30,2010-01-04 09:13:00,2011-05-16 21:38:56,347
PC-5078,8,4,2010-08-12 10:24:02,2010-08-18 14:41:21,2
PC-5081,786,28,2010-01-04 07:59:00,2011-05-16 18:53:00,347
PC-5082,513,12,2010-01-04 07:13:00,2010-09-08 16:24:00,174
PC-5083,450,24,2010-01-04 07:13:56,2010-10-08 18:09:00,196
PC-5087,762,23,2010-01-04 07:14:00,2011-05-16 16:16:00,346
PC-5090,1044,24,2010-01-04 07:59:00,2011-05-16 16:59:00,347
PC-5102,764,25,2010-01-04 07:08:00,2011-05-16 17:13:00,347
PC-5106,1042,26,2010-01-04 07:42:00,2011-05-16 17:49:00,347
PC-5110,758,22,2010-01-04 08:15:00,2011-05-16 20:30:00,347
PC-5117,1048,26,2010-01-04 07:33:00,2011-05-16 15:54:00,346
PC-5118,64,3,2010-01-04 08:15:00,2010-02-12 20:30:00,30
PC-5133,952,1,2010-01-04 08:03:00,2011-05-16 16:09:00,346
PC-5156,889,22,2010-01-02 07:37:00,2010-12-24 15:55:00,296
PC-5162,391,23,2010-01-04 08:49:00,2010-08-26 16:56:00,168
PC-5168,590,26,2010-01-04 07:03:00,2011-01-07 16:16:00,256
PC-5179,1014,1,2010-01-04 07:17:00,2011-05-16 15:28:00,348
PC-5186,692,1,2010-01-04 08:04:00,2011-05-16 16:29:00,346
PC-5242,770,33,2010-01-04 07:13:00,2011-05-16 16:22:00,347
PC-5250,1044,21,2010-01-04 07:45:00,2011-05-16 15:48:00,346
PC-5252,770,26,2010-01-04 07:54:00,2011-05-16 16:56:00,348
PC-5258,1048,32,2010-01-04 08:27:00,2011-05-16 16:23:00,346
PC-5276,748,23,2010-01-04 07:41:00,2011-05-16 15:57:00,347
PC-5282,780,27,2010-01-04 07:38:00,2011-05-16 16:59:00,346
PC-5289,764,24,2010-01-04 07:40:00,2011-05-16 15:57:00,346
PC-5299,746,19,2010-01-04 08:55:00,2011-05-16 19:09:00,346
PC-5312,750,21,2010-01-04 09:05:00,2011-05-16 21:06:00,348
PC-5329,788,27,2010-01-04 07:36:00,2011-05-16 16:48:00,346
PC-5337,1030,24,2010-01-04 07:55:00,2011-05-16 16:51:00,346
PC-5338,784,28,2010-01-04 08:00:00,2011-05-16 16:57:00,347
PC-5343,780,24,2010-01-04 09:01:00,2011-05-16 21:16:00,346
PC-5368,774,24,2010-01-04 07:47:00,2011-05-16 15:50:00,346
PC-5376,1044,25,2010-01-04 07:19:00,2011-05-16 15:41:00,346
PC-5382,770,27,2010-01-04 07:36:00,2011-05-16 17:44:00,346
PC-5383,1048,23,2010-01-04 07:54:00,2011-05-16 17:00:00,355
PC-5388,780,26,2010-01-04 07:53:00,2011-05-16 17:59:00,346
PC-5391,1061,28,2010-01-04 09:09:00,2011-05-16 18:16:00,346
PC-5423,754,21,2010-01-04 07:14:00,2011-05-16 18:04:00,346
PC-5425,780,26,2010-01-04 07:46:00,2011-05-16 20:00:22,347
PC-5454,778,24,2010-01-04 07:43:00,2011-05-16 18:45:00,347
PC-5456,762,23,2010-01-04 07:30:00,2011-05-16 16:45:00,346
PC-5468,1029,24,2010-01-04 07:47:00,2011-05-16 18:07:00,347
PC-5480,770,24,2010-01-04 08:57:00,2011-05-16 17:52:00,346
PC-5502,762,26,2010-01-04 07:15:00,2011-05-16 18:11:00,346
PC-5508,758,22,2010-01-04 02:24:32,2011-05-16 17:23:00,348
PC-5518,754,19,2010-01-04 08:30:00,2011-05-16 18:24:00,346
PC-5552,772,29,2010-01-04 07:45:00,2011-05-16 17:55:00,347
PC-5562,776,28,2010-01-04 07:50:00,2011-05-16 16:56:00,346
PC-5595,772,21,2010-01-04 07:15:00,2011-05-16 15:27:00,346
PC-5599,1006,20,2010-01-04 08:38:00,2011-05-16 18:37:00,346
PC-5611,340,13,2010-01-04 08:50:00,2010-08-12 18:06:00,157
PC-5621,1067,31,2010-01-04 07:58:00,2011-05-16 18:06:00,346
PC-5635,747,23,2010-01-04 07:45:00,2010-12-14 17:15:00,243
PC-5647,1011,24,2010-01-04 08:57:00,2011-05-16 18:05:00,346
PC-5648,1033,26,2010-01-04 08:57:00,2011-05-16 16:54:00,346
PC-5660,764,28,2010-01-04 07:49:00,2011-05-16 17:06:00,347
PC-5673,776,28,2010-01-04 09:13:00,2011-05-16 18:14:00,347
PC-5702,1053,27,2010-01-04 09:06:00,2011-05-16 18:24:00,349
PC-5717,772,24,2010-01-04 09:04:00,2011-05-16 21:27:00,347
PC-5735,692,1,2010-01-04 08:00:00,2011-05-16 16:15:00,346
PC-5758,1440,25,2010-01-02 07:07:00,2011-05-16 18:07:00,488
PC-5762,808,30,2010-01-04 07:52:00,2011-05-16 17:00:00,346
PC-5764,782,26,2010-01-04 08:59:00,2011-05-16 16:57:00,346
PC-5775,524,23,2010-01-04 08:48:00,2010-12-03 18:02:00,236
PC-5781,766,27,2010-01-04 08:48:00,2011-05-16 17:51:00,347
PC-5785,776,29,2010-01-04 08:16:00,2011-05-16 18:21:00,346
PC-5799,510,1,2010-01-04 07:30:00,2011-01-06 15:29:00,255
PC-5820,491,1,2010-01-04 07:28:00,2010-09-10 15:37:00,176
PC-5833,768,22,2010-01-04 05:06:15,2011-05-16 19:00:00,347
PC-5843,651,18,2010-01-04 09:05:00,2010-10-08 18:08:00,199
PC-5845,718,28,2010-01-04 08:19:00,2011-04-11 16:25:00,322
PC-5852,760,25,2010-01-04 07:32:00,2011-05-16 16:43:00,348
PC-5864,756,22,2010-01-04 07:00:00,2011-05-16 18:33:42,347
PC-5866,820,31,2010-01-04 07:26:00,2011-05-16 15:30:00,347
PC-5873,1028,26,2010-01-04 08:31:00,2011-05-16 15:43:00,346
PC-5883,1318,26,2010-01-02 09:00:00,2011-05-16 17:03:00,451
PC-5909,770,25,2010-01-04 00:18:05,2011-05-16 18:55:00,349
PC-5910,782,27,2010-01-04 07:33:00,2011-05-16 17:38:00,346
PC-5920,764,22,2010-01-04 07:04:00,2011-05-16 16:05:00,348
PC-5923,1056,29,2010-01-04 08:14:00,2011-05-16 17:13:00,346
PC-5927,760,23,2010-01-04 07:48:00,2011-05-16 18:50:00,346
PC-5941,1046,25,2010-01-04 08:45:00,2011-05-16 18:05:00,352
PC-5952,786,34,2010-01-04 08:16:00,2011-05-16 16:43:00,346
PC-5977,1035,24,2010-01-04 08:00:00,2011-05-16 17:13:00,346
PC-6009,758,23,2010-01-04 05:29:09,2011-05-16 15:59:00,346
PC-6016,1328,26,2010-01-04 08:00:00,2011-05-16 17:00:00,404
PC-6020,760,26,2010-01-04 08:00:00,2011-05-16 17:21:00,346
PC-6027,796,26,2010-01-04 07:50:00,2011-05-16 16:58:00,346
PC-6031,627,18,2010-01-04 07:55:00,2010-10-15 16:01:00,202
PC-6032,1394,25,2010-01-02 08:18:00,2011-05-16 20:31:00,472
PC-6034,766,24,2010-01-04 07:48:00,2011-05-16 16:04:00,346
PC-6035,774,30,2010-01-04 08:16:00,2011-05-16 16:27:00,346
PC-6055,495,23,2010-01-04 08:22:00,2010-11-03 18:30:00,214
PC-6056,1311,29,2010-01-02 06:49:00,2011-05-16 17:00:00,410
PC-6101,784,26,2010-01-04 08:22:00,2011-05-16 19:29:00,346
PC-6103,552,28,2010-01-04 07:41:00,2010-12-15 16:35:00,243
PC-6105,782,28,2010-01-04 07:35:00,2011-05-16 15:47:00,347
PC-6112,762,24,2010-01-04 08:15:00,2011-05-16 18:36:00,346
PC-6113,1312,27,2010-01-03 08:48:00,2011-05-16 18:07:00,442
PC-6119,772,26,2010-01-04 08:24:00,2011-05-16 19:25:00,347
PC-6156,782,31,2010-01-04 08:04:00,2011-05-16 17:12:00,347
PC-6157,520,22,2010-01-04 07:46:00,2010-12-06 17:07:00,235
PC-6159,776,29,2010-01-04 08:00:00,2011-05-16 16:13:00,347
PC-6163,1316,26,2010-01-02 07:58:00,2011-05-16 19:14:00,450
PC-6165,1024,25,2010-01-04 08:00:00,2011-05-16 15:59:00,346
PC-6173,778,25,2010-01-04 07:50:00,2011-05-16 18:02:00,348
PC-6175,788,30,2010-01-04 07:58:00,2011-05-16 15:51:00,346
PC-6183,758,22,2010-01-04 07:30:00,2011-05-16 17:41:00,346
PC-6184,1640,27,2010-01-02 07:14:00,2011-05-16 18:15:00,491
PC-6194,768,27,2010-01-04 07:59:00,2011-05-16 17:04:00,347
PC-6204,1273,25,2010-01-02 08:29:00,2011-05-16 16:33:00,425
PC-6215,768,25,2010-01-04 08:15:00,2011-05-16 19:43:00,346
PC-6221,1098,29,2010-01-04 09:10:00,2011-05-16 18:08:00,351
PC-6232,1166,23,2010-01-04 08:00:00,2011-05-16 17:05:00,355
PC-6233,1036,26,2010-01-04 07:51:00,2011-05-16 17:09:00,346
PC-6239,1105,26,2010-01-04 07:43:00,2011-05-16 15:45:00,351
PC-6247,770,28,2010-01-04 07:13:00,2011-05-16 17:15:00,346
PC-6249,996,25,2010-01-02 08:47:00,2011-05-16 16:52:00,464
PC-6250,963,1,2010-01-04 08:02:00,2011-05-16 16:10:00,346
PC-6251,690,28,2010-01-04 08:10:00,2011-03-24 17:15:00,310
PC-6255,528,23,2010-01-04 07:45:00,2010-11-24 18:11:00,230
PC-6258,772,29,2010-01-04 08:29:00,2011-05-16 16:27:00,346
PC-6260,772,28,2010-01-04 09:05:00,2011-05-16 18:04:00,347
PC-6263,770,26,2010-01-04 00:39:45,2011-05-16 17:35:00,346
PC-6264,770,24,2010-01-04 09:11:00,2011-05-16 18:27:00,347
PC-6266,758,21,2010-01-04 08:21:00,2011-05-16 20:42:00,347
PC-6269,1037,27,2010-01-04 07:47:00,2011-05-16 16:53:00,347
PC-6282,776,26,2010-01-04 07:47:00,2011-05-16 16:00:00,347
PC-6286,752,24,2010-01-04 07:38:00,2011-05-16 15:56:00,347
PC-6288,768,22,2010-01-04 08:03:00,2011-05-16 17:13:00,347
PC-6301,1235,25,2010-01-04 08:26:00,2011-05-17 04:40:33,382
PC-6305,770,27,2010-01-04 08:25:00,2011-05-16 16:26:00,347
PC-6310,774,27,2010-01-04 07:46:00,2011-05-16 18:57:00,346
PC-6324,812,33,2010-01-04 08:58:00,2011-05-16 18:05:00,346
PC-6349,1056,28,2010-01-04 07:01:00,2011-05-16 17:11:00,347
PC-6377,230,1,2010-01-04 07:24:00,2010-06-11 22:27:10,113
PC-6380,488,27,2010-01-04 08:09:00,2010-10-11 17:11:00,198
PC-6381,772,30,2010-01-04 09:00:00,2011-05-16 18:03:00,347
PC-6382,1175,22,2010-01-04 08:21:00,2011-05-16 19:30:00,384
PC-6390,1054,28,2010-01-04 08:58:00,2011-05-16 18:57:00,346
PC-6402,768,27,2010-01-04 08:30:00,2011-05-16 17:32:00,347
PC-6417,1079,29,2010-01-04 08:18:00,2011-05-16 19:29:00,351
PC-6419,770,27,2010-01-04 07:49:00,2011-05-16 18:09:00,347
PC-6425,240,1,2010-01-04 07:18:00,2010-06-18 21:03:36,118
PC-6477,766,30,2010-01-04 08:30:00,2011-05-16 18:37:00,346
PC-6478,760,23,2010-01-04 07:57:00,2011-05-16 17:59:00,346
PC-6498,766,26,2010-01-04 08:29:00,2011-05-16 16:35:00,346
PC-6499,1044,25,2010-01-04 08:04:00,2011-05-16 17:30:00,347
PC-6519,1068,30,2010-01-04 07:56:00,2011-05-16 16:04:00,346
PC-6523,765,26,2010-01-04 08:24:00,2011-05-16 19:26:00,347
PC-6538,232,10,2010-01-04 08:45:00,2010-06-01 17:09:00,105
PC-6539,1286,28,2010-01-03 07:06:00,2011-05-16 16:12:00,424
PC-6544,762,25,2010-01-04 07:08:00,2011-05-16 16:22:00,347
PC-6566,1023,23,2010-01-04 09:04:00,2011-05-16 18:18:00,347
PC-6581,1030,25,2010-01-04 08:46:00,2011-05-16 19:12:00,346
PC-6601,766,25,2010-01-04 08:20:00,2011-05-16 20:34:43,346
PC-6602,758,24,2010-01-04 07:12:00,2011-05-16 18:14:00,347
PC-6609,1041,28,2010-01-04 07:32:00,2011-05-16 15:45:00,346
PC-6610,772,28,2010-01-04 07:47:00,2011-05-16 16:59:00,346
PC-6612,1034,24,2010-01-04 08:57:00,2011-05-16 16:58:00,347
PC-6621,516,15,2010-01-04 07:48:00,2010-12-09 18:08:00,238
PC-6632,772,25,2010-01-04 08:15:00,2011-05-16 16:19:00,346
PC-6634,692,1,2010-01-04 07:29:00,2011-05-16 15:18:00,346
PC-6637,780,29,2010-01-04 07:37:00,2011-05-16 16:41:00,346
PC-6638,1034,28,2010-01-04 07:53:00,2011-05-16 16:57:00,348
PC-6643,1065,30,2010-01-04 07:18:00,2011-05-16 15:27:00,346
PC-6665,744,21,2010-01-04 08:47:00,2011-05-16 17:59:00,347
PC-6672,226,9,2010-01-02 07:46:00,2010-04-01 18:11:00,76
PC-6681,1030,23,2010-01-04 08:07:00,2011-05-16 17:11:00,348
PC-6688,1081,27,2010-01-04 06:28:21,2011-05-16 19:27:00,349
PC-6692,768,21,2010-01-04 07:32:00,2011-05-16 16:45:00,346
PC-6694,784,30,2010-01-04 07:13:00,2011-05-16 16:15:00,346
PC-6699,874,25,2010-01-02 07:00:00,2011-05-16 17:15:00,401
PC-6706,772,31,2010-01-04 08:25:00,2011-05-16 16:22:00,348
PC-6711,692,1,2010-01-04 07:18:00,2011-05-16 15:29:00,346
PC-6713,1222,28,2010-01-02 07:38:00,2011-05-16 15:55:00,407
PC-6720,452,1,2010-01-04 08:15:00,2010-11-19 16:18:00,226
PC-6741,652,27,2010-01-04 07:45:00,2011-02-21 19:02:00,289
PC-6755,770,27,2010-01-04 07:02:00,2011-05-16 16:30:00,347
PC-6756,1053,27,2010-01-04 08:15:00,2011-05-16 16:26:00,346
PC-6776,802,25,2010-01-04 06:25:02,2011-05-16 16:58:00,348
PC-6779,770,26,2010-01-04 09:08:00,2011-05-16 18:14:00,348
PC-6786,762,22,2010-01-04 08:23:00,2011-05-16 16:33:00,346
PC-6789,790,29,2010-01-04 09:10:00,2011-05-16 21:13:00,346
PC-6793,662,23,2010-01-04 07:09:00,2011-03-04 16:17:00,297
PC-6797,910,27,2010-01-02 07:56:00,2011-05-16 17:58:00,420
PC-6807,784,28,2010-01-04 07:50:00,2011-05-16 17:00:00,347
PC-6809,1062,29,2010-01-04 07:51:00,2011-05-16 16:57:00,346
PC-6824,762,24,2010-01-04 04:44:28,2011-05-16 15:20:00,347
PC-6846,1106,26,2010-01-04 07:08:00,2011-05-16 18:21:00,350
PC-6866,944,23,2010-01-04 09:06:00,2011-05-17 06:43:35,385
PC-6913,1024,22,2010-01-04 07:56:00,2011-05-16 17:00:00,346
PC-6933,765,25,2010-01-04 07:02:00,2011-05-16 18:10:14,346
PC-6956,744,23,2010-01-04 07:42:28,2011-05-16 18:30:00,347
PC-6960,778,31,2010-01-04 07:55:00,2011-05-16 17:58:00,346
PC-6971,770,26,2010-01-04 07:59:00,2011-05-16 18:13:00,348
PC-6980,710,24,2010-01-04 09:06:00,2011-04-05 18:28:00,319
PC-6985,770,27,2010-01-04 07:02:00,2011-05-16 16:10:00,347
PC-6988,776,27,2010-01-04 08:04:00,2011-05-16 17:25:00,346
PC-7007,778,27,2010-01-04 08:13:00,2011-05-16 17:27:00,346
PC-7019,776,24,2010-01-04 07:12:00,2011-05-16 17:13:00,348
PC-7029,954,31,2010-01-04 08:17:00,2011-05-16 16:37:00,358
PC-7031,1040,24,2010-01-04 08:53:00,2011-05-16 18:57:00,347
PC-7039,1041,22,2010-01-04 08:54:00,2011-05-16 18:56:00,346
PC-7052,770,24,2010-01-04 02:42:38,2011-05-16 18:51:00,346
PC-7082,786,28,2010-01-04 09:01:00,2011-05-16 18:26:00,347
PC-7088,1295,29,2010-01-03 07:45:00,2011-05-16 17:42:00,430
PC-7091,768,31,2010-01-04 08:21:00,2011-05-16 18:42:00,347
PC-7102,774,26,2010-01-04 08:29:00,2011-05-16 16:28:00,347
PC-7107,770,24,2010-01-04 08:00:00,2011-05-16 19:08:00,349
PC-7109,786,28,2010-01-04 07:44:00,2011-05-16 15:45:00,346
PC-7145,787,25,2010-01-04 07:49:00,2011-01-12 18:55:00,261
PC-7146,766,24,2010-01-04 07:12:00,2011-05-16 17:11:00,346
PC-7160,768,25,2010-01-04 08:26:00,2011-05-16 19:27:00,346
PC-7162,754,22,2010-01-04 08:54:00,2011-05-16 17:56:00,346
PC-7174,770,30,2010-01-04 07:10:00,2011-05-16 17:22:00,346
PC-7188,1487,26,2010-01-02 07:00:00,2011-05-17 06:23:48,479
PC-7206,604,29,2010-01-04 08:05:00,2011-01-20 17:28:00,265
PC-7207,772,23,2010-01-04 07:59:00,2011-05-16 18:09:00,348
PC-7219,1055,33,2010-01-04 07:10:00,2011-05-16 19:12:53,346
PC-7236,1140,22,2010-01-04 07:38:00,2011-05-16 15:51:00,355
PC-7238,1030,22,2010-01-04 07:07:00,2011-05-16 18:13:00,348
PC-7243,760,23,2010-01-04 07:50:00,2011-05-16 16:52:00,348
PC-7264,772,27,2010-01-04 07:53:00,2011-05-16 17:56:00,347
PC-7275,1125,26,2010-01-04 06:11:41,2011-05-16 17:00:00,375
PC-7295,541,18,2010-01-03 08:15:00,2010-07-19 19:08:00,176
PC-7309,780,30,2010-01-04 07:28:00,2011-05-16 18:23:00,347
PC-7310,1048,28,2010-01-04 08:19:00,2011-05-16 18:29:00,346
PC-7311,766,29,2010-01-04 00:24:51,2011-05-16 18:34:00,347
PC-7342,788,25,2010-01-04 07:40:00,2011-05-16 17:44:00,347
PC-7343,768,25,2010-01-04 07:48:00,2011-05-16 17:12:00,347
PC-7345,686,20,2010-01-04 07:50:00,2010-11-23 18:04:00,229
PC-7357,762,22,2010-01-04 08:06:00,2011-05-16 17:14:00,346
PC-7375,750,19,2010-01-04 07:13:00,2011-05-16 18:54:41,346
PC-7384,744,32,2010-01-04 07:51:00,2011-04-12 18:00:00,324
PC-7387,752,24,2010-01-04 09:12:00,2011-05-16 21:14:00,347
PC-7399,762,25,2010-01-04 07:59:00,2011-05-16 18:01:00,346
PC-7400,774,29,2010-01-04 08:18:00,2011-05-16 19:45:00,346
PC-7401,768,24,2010-01-04 07:59:00,2011-05-16 17:58:00,347
PC-7408,1097,25,2010-01-04 07:55:00,2011-05-16 15:57:00,365
PC-7416,1088,20,2010-01-04 07:48:00,2011-05-16 17:50:00,350
PC-7425,1039,27,2010-01-04 08:50:00,2011-05-16 17:59:00,346
PC-7435,1031,23,2010-01-04 07:03:00,2011-05-16 17:13:00,347
PC-7445,1179,25,2010-01-04 07:14:00,2011-05-16 17:15:00,355
PC-7470,684,24,2010-01-04 09:12:00,2011-03-17 18:30:00,305
PC-7478,748,21,2010-01-04 07:49:00,2011-05-16 18:59:00,346
PC-7500,1443,28,2010-01-02 07:52:00,2011-05-16 17:03:00,480
PC-7502,1040,24,2010-01-04 07:39:00,2011-05-16 15:32:00,346
PC-7508,1044,20,2010-01-04 08:04:00,2011-05-16 19:28:00,346
PC-7525,1062,23,2010-01-04 07:00:00,2011-05-16 16:06:00,349
PC-7527,784,26,2010-01-04 07:52:00,2011-05-16 19:14:00,346
PC-7528,778,28,2010-01-04 08:03:00,2011-05-16 17:14:00,347
PC-7539,124,8,2010-01-04 07:46:00,2010-03-19 17:50:00,55
PC-7543,354,14,2010-01-04 07:56:00,2010-08-19 18:02:00,161
PC-7552,784,24,2010-01-04 07:55:00,2011-05-16 18:10:00,347
PC-7558,948,26,2010-01-03 07:57:00,2011-05-16 19:02:00,428
PC-7560,772,26,2010-01-04 08:22:00,2011-05-16 16:28:00,347
PC-7572,766,27,2010-01-04 08:45:00,2011-05-16 17:58:00,346
PC-7595,784,26,2010-01-04 07:43:00,2011-05-16 15:35:00,348
PC-7609,780,29,2010-01-04 07:31:00,2011-05-12 15:51:00,344
PC-7614,1042,24,2010-01-04 07:35:00,2011-05-16 17:44:00,346
PC-7623,690,19,2010-01-04 07:52:00,2010-11-18 18:12:00,226
PC-7651,754,23,2010-01-04 07:25:00,2011-05-16 15:28:00,346
PC-7655,790,28,2010-01-04 07:45:00,2011-05-16 19:13:00,346
PC-7695,750,24,2010-01-04 09:09:00,2011-05-16 18:24:00,347
PC-7699,610,16,2010-01-04 07:50:00,2011-02-22 17:49:00,288
PC-7702,572,29,2010-01-04 05:46:17,2010-12-30 16:10:00,252
PC-7708,776,27,2010-01-04 08:19:00,2011-05-16 19:21:00,346
PC-7733,788,27,2010-01-04 08:30:00,2011-05-16 19:28:00,348
PC-7751,1124,23,2010-01-04 08:24:00,2011-05-16 19:29:00,382
PC-7756,697,24,2010-01-04 07:01:00,2010-11-24 18:19:00,230
PC-7757,1046,22,2010-01-04 08:50:00,2011-05-16 18:00:00,348
PC-7770,768,22,2010-01-04 07:53:00,2011-05-16 16:56:00,346
PC-7774,764,25,2010-01-04 08:15:00,2011-05-16 17:15:00,347
PC-7775,772,25,2010-01-04 07:13:00,2011-05-16 16:19:00,348
PC-7779,790,28,2010-01-04 08:02:00,2011-05-16 17:13:00,347
PC-7811,1048,31,2010-01-04 09:01:00,2011-05-16 18:14:00,346
PC-7827,758,25,2010-01-04 07:58:00,2011-05-16 16:57:00,348
PC-7839,760,25,2010-01-04 07:11:00,2011-05-16 16:30:00,346
PC-7843,754,23,2010-01-04 07:36:13,2011-05-16 18:12:00,346
PC-7865,778,30,2010-01-04 09:04:00,2011-05-16 18:10:00,347
PC-7879,768,24,2010-01-04 07:45:00,2011-05-16 17:01:00,347
PC-7880,770,27,2010-01-04 09:03:00,2011-05-16 21:12:00,346
PC-7886,786,26,2010-01-04 07:36:00,2011-05-16 15:49:00,346
PC-7899,1047,30,2010-01-04 07:09:00,2011-05-16 17:59:34,346
PC-7902,774,24,2010-01-04 07:49:00,2011-05-16 18:06:00,346
PC-7903,794,29,2010-01-04 08:18:00,2011-05-16 17:33:00,347
PC-7913,778,27,2010-01-04 07:17:00,2011-05-16 15:39:00,347
PC-7931,756,25,2010-01-04 08:04:00,2011-05-16 19:11:00,346
PC-7933,1057,24,2010-01-04 08:20:00,2011-05-16 19:36:00,346
PC-7941,754,20,2010-01-04 07:11:00,2011-05-16 16:13:00,346
PC-7964,1042,24,2010-01-04 07:30:00,2011-05-16 16:54:00,347
PC-7965,794,37,2010-01-04 09:04:00,2011-05-16 21:11:00,347
PC-7973,762,26,2010-01-04 08:54:00,2011-05-16 18:00:00,347
PC-7974,770,28,2010-01-04 07:42:00,2011-05-16 16:38:00,347
PC-7979,886,24,2010-01-02 07:34:00,2011-05-16 15:42:00,403
PC-7989,1359,27,2010-01-03 08:03:00,2011-05-16 17:09:00,436
PC-7998,1059,28,2010-01-04 08:50:00,2011-05-16 16:58:00,346
PC-8001,1060,23,2010-01-02 08:05:00,2011-05-16 18:06:00,477
PC-8014,562,23,2010-01-04 07:11:00,2011-01-05 17:12:00,255
PC-8052,158,5,2010-01-04 09:01:00,2010-03-19 18:14:00,55
PC-8055,908,28,2010-01-04 07:38:00,2011-05-16 17:48:00,355
PC-8067,958,26,2010-01-03 08:48:00,2011-05-16 22:02:50,439
PC-8087,1069,33,2010-01-04 09:04:00,2011-05-16 21:10:00,346
PC-8089,762,24,2010-01-04 08:51:00,2011-05-16 17:55:00,346
PC-8097,754,22,2010-01-04 07:44:00,2011-05-16 16:51:00,346
PC-8105,774,29,2010-01-04 07:47:00,2011-05-16 18:58:00,346
PC-8118,942,28,2010-01-03 08:29:00,2011-05-16 19:41:00,425
PC-8127,1031,27,2010-01-04 07:02:00,2011-05-16 16:17:00,348
PC-8138,768,26,2010-01-04 09:14:00,2011-05-16 21:23:00,346
PC-8144,758,25,2010-01-04 07:03:00,2011-05-16 18:30:00,346
PC-8148,758,22,2010-01-04 08:11:00,2011-05-16 18:05:00,347
PC-8149,328,13,2010-01-04 07:38:00,2010-07-29 17:40:00,146
PC-8164,1047,26,2010-01-04 07:45:00,2011-05-16 16:56:00,346
PC-8190,752,23,2010-01-04 08:10:00,2011-05-16 19:05:00,346
PC-8192,350,13,2010-01-04 08:20:00,2010-08-13 20:35:00,157
PC-8211,766,24,2010-01-04 08:28:00,2011-05-16 18:24:00,347
PC-8214,756,26,2010-01-04 07:46:00,2011-05-16 17:00:00,346
PC-8219,1174,21,2010-01-04 07:51:00,2011-05-16 17:01:00,399
PC-8239,760,20,2010-01-04 09:08:00,2011-05-16 18:12:00,346
PC-8245,1033,26,2010-01-04 07:13:00,2011-05-16 16:15:00,346
PC-8252,782,30,2010-01-04 07:08:00,2011-05-16 18:14:00,349
PC-8262,952,24,2010-01-03 09:11:00,2011-05-16 19:34:31,436
PC-8267,946,27,2010-01-02 08:13:00,2011-05-16 17:28:00,404
PC-8277,1024,20,2010-01-04 07:59:00,2011-05-16 19:11:35,346
PC-8290,1048,26,2010-01-04 08:28:00,2011-05-16 18:28:00,347
PC-8296,758,24,2010-01-04 07:58:00,2011-05-16 18:09:00,346
PC-8303,1025,25,2010-01-04 07:51:00,2011-05-16 16:57:00,346
PC-8309,1041,25,2010-01-04 07:40:00,2011-05-16 17:50:00,347
PC-8314,1040,24,2010-01-04 09:11:00,2011-05-16 21:14:00,346
PC-8318,772,28,2010-01-04 09:04:00,2011-05-16 18:23:00,346
PC-8330,778,28,2010-01-04 07:00:00,2011-05-16 16:11:00,348
PC-8331,474,1,2010-01-04 08:13:00,2010-12-08 16:21:00,237
PC-8354,758,22,2010-01-04 07:48:00,2011-05-16 16:56:00,346
PC-8370,1432,22,2010-01-02 07:33:00,2011-05-16 15:45:00,450
PC-8391,1055,21,2010-01-04 07:58:00,2011-05-16 17:00:00,350
PC-8396,782,29,2010-01-04 07:50:00,2011-05-16 17:01:00,346
PC-8397,756,22,2010-01-04 07:32:00,2011-05-16 15:45:00,347
PC-8404,742,21,2010-01-04 08:00:00,2011-05-16 19:10:00,346
PC-8410,776,24,2010-01-04 07:05:00,2011-05-16 18:11:00,348
PC-8422,772,28,2010-01-04 08:29:00,2011-05-16 22:06:52,346
PC-8443,780,27,2010-01-04 07:43:00,2011-05-16 17:39:00,348
PC-8453,783,27,2010-01-04 07:45:00,2011-05-16 15:49:00,346
PC-8457,1014,23,2010-01-04 08:19:00,2011-05-16 19:24:00,348
PC-8462,1053,34,2010-01-04 08:50:00,2011-05-16 18:00:00,348
PC-8466,1040,23,2010-01-04 08:21:00,2011-05-16 16:28:00,346
PC-8486,784,27,2010-01-04 08:15:00,2011-05-16 16:15:00,346
PC-8493,756,25,2010-01-04 09:01:00,2011-05-16 18:19:00,347
PC-8494,1203,27,2010-01-04 09:14:00,2011-05-16 18:06:00,354
PC-8501,494,24,2010-01-04 08:16:00,2010-10-29 19:44:00,212
PC-8505,1041,27,2010-01-04 08:27:00,2011-05-16 18:43:00,346
PC-8507,80,3,2010-01-04 08:17:00,2010-02-23 18:28:00,37
PC-8508,1042,30,2010-01-04 09:06:00,2011-05-16 21:30:00,346
PC-8517,774,25,2010-01-04 09:12:00,2011-05-16 18:07:00,348
PC-8526,750,21,2010-01-04 00:58:37,2011-05-16 17:54:00,346
PC-8541,778,32,2010-01-04 07:43:00,2011-05-16 16:42:00,346
PC-8556,772,28,2010-01-04 07:40:00,2011-05-16 15:46:00,347
PC-8560,772,25,2010-01-04 08:17:00,2011-05-16 21:05:24,346
PC-8568,618,21,2010-01-04 07:47:00,2011-02-11 17:14:00,281
PC-8591,762,24,2010-01-04 07:08:00,2011-05-16 18:18:00,348
PC-8592,1109,26,2010-01-04 07:45:00,2011-05-16 17:45:00,351
PC-8610,770,29,2010-01-04 07:48:00,2011-05-16 18:52:00,347
PC-8619,750,22,2010-01-04 08:55:00,2011-05-16 17:58:00,346
PC-8632,782,27,2010-01-04 07:33:00,2011-05-16 16:59:00,347
PC-8651,1033,1,2010-01-04 08:09:00,2011-05-16 16:24:00,373
PC-8654,772,23,2010-01-04 07:32:00,2011-05-16 18:41:00,347
PC-8669,653,25,2010-01-04 08:21:00,2010-10-28 18:45:00,211
PC-8680,967,1,2010-01-04 08:06:00,2011-05-16 16:14:00,346
PC-8711,792,32,2010-01-04 08:21:00,2011-05-16 16:29:00,346
PC-8714,808,23,2010-01-04 00:35:45,2011-05-16 17:45:00,348
PC-8720,662,23,2010-01-04 08:16:00,2011-02-23 19:23:00,290
PC-8724,772,32,2010-01-04 07:38:00,2011-05-16 16:45:00,346
PC-8732,788,32,2010-01-04 07:57:00,2011-05-16 18:04:00,347
PC-8733,757,23,2010-01-04 07:40:00,2011-05-16 15:51:00,347
PC-8734,1047,22,2010-01-04 07:48:00,2011-05-16 17:07:00,350
PC-8739,1063,27,2010-01-04 08:58:00,2011-05-16 17:02:00,347
PC-8758,772,27,2010-01-04 08:05:00,2011-05-16 19:11:00,347
PC-8761,792,32,2010-01-04 08:10:00,2011-05-16 17:14:00,347
PC-8782,776,28,2010-01-04 08:49:00,2011-05-16 18:00:00,346
PC-8790,548,19,2010-01-03 08:22:00,2010-10-16 18:31:00,247
PC-8793,768,29,2010-01-04 07:42:00,2011-05-16 15:40:00,348
PC-8800,780,28,2010-01-04 07:58:00,2011-05-16 16:04:00,348
PC-8804,1029,23,2010-01-04 07:33:00,2011-05-16 16:38:00,346
PC-8806,774,30,2010-01-04 07:31:00,2011-05-16 16:43:00,346
PC-8816,772,24,2010-01-04 08:50:00,2011-05-16 17:58:00,347
PC-8827,764,25,2010-01-04 07:46:00,2011-05-16 18:03:00,346
PC-8830,768,25,2010-01-04 07:48:00,2011-05-16 16:07:00,346
PC-8845,692,1,2010-01-04 07:26:00,2011-05-16 15:36:00,346
PC-8851,1029,25,2010-01-04 06:58:00,2011-05-16 15:59:00,346
PC-8853,1030,27,2010-01-04 08:22:00,2011-05-16 20:29:00,346
PC-8859,689,26,2010-01-04 07:15:00,2010-11-15 18:30:52,222
PC-8863,390,20,2010-01-04 08:57:00,2010-08-31 18:52:00,169
PC-8864,764,23,2010-01-04 07:50:00,2011-05-16 16:57:00,347
PC-8865,406,1,2010-01-04 07:19:00,2010-10-15 22:25:49,201
PC-8871,1012,22,2010-01-04 08:29:00,2011-05-16 19:28:00,346
PC-8874,692,1,2010-01-04 07:29:00,2011-05-16 15:29:00,346
PC-8884,1055,32,2010-01-03 00:56:15,2011-05-16 18:43:00,348
PC-8893,1161,29,2010-01-02 07:13:00,2011-05-16 17:25:00,387
PC-8908,648,27,2010-01-04 07:38:00,2011-02-14 15:52:00,283
PC-8915,762,27,2010-01-04 08:09:00,2011-05-16 18:10:00,346
PC-8916,278,13,2010-01-04 07:35:00,2010-06-09 16:48:00,113
PC-8932,796,31,2010-01-04 07:06:00,2011-05-16 15:15:00,346
PC-8989,780,30,2010-01-04 07:49:00,2011-05-16 16:58:00,346
PC-9000,1052,32,2010-01-04 08:00:00,2011-05-16 17:57:00,346
PC-9010,776,24,2010-01-04 07:44:00,2011-05-16 20:58:38,347
PC-9028,1082,31,2010-01-04 07:58:00,2011-05-16 16:50:00,346
PC-9040,528,16,2010-01-04 09:01:00,2010-09-10 21:15:00,176
PC-9066,674,23,2010-01-04 07:47:00,2011-03-18 16:55:00,306
PC-9067,782,27,2010-01-04 09:11:00,2011-03-08 18:08:00,303
PC-9080,756,21,2010-01-04 07:43:00,2011-05-16 15:41:00,347
PC-9083,1297,26,2010-01-02 08:20:00,2011-05-16 18:23:00,407
PC-9087,432,18,2010-01-04 07:44:00,2010-07-23 16:38:00,142
PC-9094,788,25,2010-01-04 07:14:00,2011-05-16 16:15:00,346
PC-9108,1021,26,2010-01-04 07:59:00,2011-05-16 17:00:00,347
PC-9110,692,1,2010-01-04 07:23:00,2011-05-16 15:29:00,346
PC-9134,1051,24,2010-01-04 07:53:00,2011-05-16 17:56:00,346
PC-9136,772,26,2010-01-04 07:56:00,2011-05-16 17:00:00,347
PC-9140,1019,22,2010-01-04 09:14:00,2011-05-16 18:13:00,346
PC-9156,1029,25,2010-01-04 07:52:00,2011-05-16 16:00:00,346
PC-9166,780,29,2010-01-04 07:57:00,2011-05-16 17:57:00,346
PC-9171,1061,29,2010-01-04 07:57:00,2011-05-16 16:52:00,346
PC-9174,1207,25,2010-01-04 09:02:00,2011-05-16 21:25:00,355
PC-9179,1013,21,2010-01-04 08:48:00,2011-05-16 17:47:00,347
PC-9183,782,26,2010-01-04 07:27:00,2011-05-16 15:33:00,347
PC-9184,764,24,2010-01-04 08:23:00,2011-05-16 19:25:00,348
PC-9196,750,22,2010-01-04 07:10:54,2011-05-16 21:45:28,348
PC-9208,762,23,2010-01-04 08:22:00,2011-05-16 19:35:00,347
PC-9219,754,24,2010-01-04 07:54:00,2011-05-16 15:58:00,346
PC-9227,1035,23,2010-01-04 07:57:00,2011-05-16 16:07:00,347
PC-9245,1049,27,2010-01-04 07:36:00,2011-05-16 15:45:00,346
PC-9254,758,21,2010-01-04 07:57:00,2011-05-16 16:51:00,346
PC-9255,962,1,2010-01-04 07:25:00,2011-05-16 15:28:00,346
PC-9261,744,21,2010-01-04 09:00:00,2011-05-16 18:10:00,346
PC-9268,764,27,2010-01-04 09:15:00,2011-05-16 21:12:00,348
PC-9292,796,32,2010-01-04 07:45:00,2011-05-16 17:56:00,346
PC-9304,794,28,2010-01-04 09:06:00,2011-05-16 21:01:00,347
PC-9311,758,25,2010-01-04 08:19:00,2011-05-16 18:30:00,346
PC-9324,1130,26,2010-01-04 07:58:00,2011-05-16 16:51:00,354
PC-9328,748,22,2010-01-04 07:07:00,2011-05-16 17:26:00,346
PC-9348,1070,29,2010-01-04 07:49:00,2011-05-16 17:11:00,346
PC-9353,1044,21,2010-01-02 08:07:00,2011-02-04 18:15:00,352
PC-9358,1032,24,2010-01-04 08:12:00,2011-05-16 18:15:00,346
PC-9367,744,17,2010-01-04 07:42:00,2011-05-16 15:40:00,347
PC-9379,342,17,2010-01-04 07:49:00,2010-08-04 17:01:00,152
PC-9390,762,23,2010-01-04 07:50:00,2011-05-16 18:08:00,346
PC-9403,770,27,2010-01-04 08:03:00,2011-05-16 17:08:00,347
PC-9408,1155,22,2010-01-04 04:54:47,2011-05-16 17:59:00,389
PC-9423,769,24,2010-01-04 08:47:00,2011-05-16 18:00:00,346
PC-9427,896,21,2010-01-04 07:59:00,2011-05-16 16:59:00,355
PC-9436,318,1,2010-01-04 07:15:00,2010-08-13 21:30:41,157
PC-9460,806,26,2010-01-04 07:33:00,2011-05-16 17:38:00,347
PC-9461,1052,20,2010-01-04 03:29:26,2011-05-16 17:00:00,354
PC-9473,770,27,2010-01-04 08:20:00,2011-05-16 19:28:00,346
PC-9489,720,24,2010-01-04 08:07:00,2011-04-20 17:20:00,329
PC-9507,774,25,2010-01-04 07:11:00,2011-05-16 17:29:00,346
PC-9508,766,26,2010-01-04 08:29:00,2011-05-16 16:28:00,346
PC-9523,1069,33,2010-01-04 07:49:00,2011-05-16 17:59:00,346
PC-9524,501,21,2010-01-04 08:00:00,2010-08-20 17:15:00,163
PC-9547,863,22,2010-01-04 07:55:00,2011-03-04 18:58:00,296
PC-9549,1040,24,2010-01-04 08:51:00,2011-05-16 16:54:00,348
PC-9564,692,1,2010-01-04 07:27:00,2011-05-16 15:27:00,346
PC-9582,1114,27,2010-01-04 07:48:00,2011-05-16 16:05:00,357
PC-9586,1042,27,2010-01-04 07:00:00,2011-05-16 16:11:00,346
PC-9612,766,28,2010-01-04 07:48:00,2011-05-16 16:46:00,346
PC-9627,758,23,2010-01-04 08:26:00,2011-05-16 19:39:00,346
PC-9643,768,26,2010-01-04 08:17:00,2011-05-16 18:26:00,346
PC-9647,778,32,2010-01-04 07:43:00,2011-05-16 15:40:00,346
PC-9653,762,21,2010-01-04 07:49:00,2011-05-16 17:00:00,346
PC-9658,762,22,2010-01-04 08:02:00,2011-05-16 17:11:00,346
PC-9661,752,20,2010-01-04 08:12:41,2011-05-16 19:23:00,347
PC-9669,758,23,2010-01-04 07:41:00,2011-05-16 17:44:00,346
PC-9681,406,1,2010-01-04 07:29:00,2010-07-23 21:44:10,142
PC-9687,964,1,2010-01-04 08:03:00,2011-05-16 16:15:00,346
PC-9706,766,26,2010-01-04 04:53:59,2011-05-16 16:52:00,346
PC-9711,792,30,2010-01-04 07:37:00,2011-05-16 18:44:00,347
PC-9714,1046,33,2010-01-04 08:21:00,2011-05-16 19:30:00,347
PC-9744,916,22,2010-01-04 07:56:00,2011-05-16 18:54:00,352
PC-9747,750,23,2010-01-04 08:30:00,2011-05-16 23:44:00,347
PC-9770,776,29,2010-01-04 06:47:00,2011-05-16 15:56:00,346
PC-9777,756,23,2010-01-04 08:01:00,2011-05-16 17:10:00,346
PC-9782,784,33,2010-01-04 08:28:00,2011-05-16 16:36:00,346
PC-9787,1275,24,2010-01-03 07:13:00,2011-05-17 05:21:58,423
PC-9791,790,28,2010-01-04 08:00:00,2011-05-16 17:14:00,347
PC-9800,776,28,2010-01-04 08:05:00,2011-05-16 18:43:08,347
PC-9819,1415,30,2010-01-03 08:27:00,2011-05-16 19:40:00,446
PC-9822,817,20,2010-01-02 07:08:00,2010-12-02 18:26:00,274
PC-9827,602,17,2010-01-04 08:59:00,2011-02-09 16:57:00,280
PC-9840,438,19,2010-01-04 08:13:00,2010-10-07 17:16:00,196
PC-9842,854,1,2010-01-02 08:13:00,2011-05-16 16:25:00,427
PC-9850,764,25,2010-01-04 07:50:00,2011-05-16 19:10:18,347
PC-9873,768,27,2010-01-04 02:52:25,2011-05-16 15:30:00,347
PC-9874,768,30,2010-01-04 07:28:00,2011-05-16 18:52:53,346
PC-9881,1188,29,2010-01-04 08:18:00,2011-05-16 19:24:00,353
PC-9896,1320,25,2010-01-02 08:54:00,2011-05-16 16:54:00,455
PC-9901,1354,29,2010-01-03 08:52:00,2011-05-16 19:06:00,459
PC-9919,1128,29,2010-01-04 06:53:00,2011-05-16 16:56:00,366
PC-9923,508,16,2010-01-04 09:14:00,2010-11-17 21:15:00,225
PC-9926,814,24,2010-01-04 03:53:40,2011-05-16 17:42:00,369
PC-9929,1188,22,2010-01-04 07:45:00,2011-05-16 16:42:00,373
PC-9931,748,23,2010-01-04 07:50:00,2011-05-16 15:55:00,346
PC-9939,1043,25,2010-01-04 07:51:00,2011-05-16 17:58:00,347
PC-9947,692,1,2010-01-04 08:09:00,2011-05-16 16:17:00,346
PC-9966,754,23,2010-01-04 07:39:00,2011-05-16 17:43:00,346
PC-9973,766,24,2010-01-04 07:45:00,2011-05-16 16:57:00,346
PC-9979,760,23,2010-01-04 07:51:00,2011-05-16 17:56:00,346
PC-9988,782,26,2010-01-04 01:37:22,2011-05-16 17:00:00,348
PC-9999,780,28,2010-01-04 07:58:00,2011-05-16 16:58:00,346
