pc,total_requests,unique_users,unique_urls,unique_content_type,first_request,last_request,active_days,offhours_requests,weekdays_requests
PC-0004,32775,1,138,32775,2010-01-04,2011-05-16,345,703,0
PC-0008,41135,1,181,41135,2010-01-03,2011-05-16,433,300,8075
PC-0039,22895,1,224,22895,2010-01-04,2010-12-14,241,243,0
PC-0044,3460,1,69,3460,2010-01-04,2011-05-16,346,0,0
PC-0072,56052,1,163,56052,2010-01-04,2011-05-16,346,0,0
PC-0092,49478,1,206,49478,2010-01-04,2011-05-16,346,1865,0
PC-0094,10034,1,215,10034,2010-01-04,2011-05-16,346,0,0
PC-0115,32870,1,247,32870,2010-01-04,2011-05-16,346,3612,0
PC-0118,32870,1,217,32870,2010-01-04,2011-05-16,346,0,0
PC-0120,31140,1,218,31140,2010-01-04,2011-05-16,346,301,0
PC-0132,2911,1,101,2911,2010-01-04,2011-02-25,292,5,2
PC-0133,56052,1,176,56052,2010-01-04,2011-05-16,346,521,0
PC-0141,1594,1,59,1594,2010-01-04,2010-08-17,159,150,0
PC-0146,32870,1,310,32870,2010-01-04,2011-05-16,346,295,0
PC-0148,20181,1,181,20181,2010-01-04,2010-10-29,211,2208,0
PC-0151,4490,1,66,4490,2010-01-03,2011-05-16,449,647,940
PC-0155,34850,1,231,34850,2010-01-04,2011-03-22,306,102,0
PC-0164,32870,1,224,32870,2010-01-04,2011-05-16,346,278,0
PC-0166,82840,1,285,82840,2010-01-03,2011-05-16,436,12858,16720
PC-0174,49478,1,172,49478,2010-01-04,2011-05-16,346,6014,0
PC-0177,3460,1,121,3460,2010-01-04,2011-05-16,346,293,0
PC-0181,32870,1,164,32870,2010-01-04,2011-05-16,346,0,0
PC-0183,55728,1,234,55728,2010-01-04,2011-05-16,344,3521,0
PC-0189,3450,1,158,3450,2010-01-04,2011-05-16,345,0,0
PC-0191,32870,1,105,32870,2010-01-04,2011-05-16,346,286,0
PC-0198,5093,1,108,5093,2010-01-04,2010-09-02,171,0,0
PC-0202,10034,1,136,10034,2010-01-04,2011-05-16,346,0,0
PC-0205,10034,1,102,10034,2010-01-04,2011-05-16,346,1043,0
PC-0215,55728,1,158,55728,2010-01-04,2011-05-16,344,2672,0
PC-0216,34600,1,159,34600,2010-01-04,2011-05-16,346,11,0
PC-0235,55890,1,117,55890,2010-01-04,2011-05-16,345,629,0
PC-0246,54378,1,365,54378,2010-01-02,2011-05-16,477,3437,14592
PC-0252,32870,1,119,32870,2010-01-04,2011-05-16,346,2248,0
PC-0253,39377,1,245,39377,2010-01-04,2011-05-16,346,0,0
PC-0262,10034,1,216,10034,2010-01-04,2011-05-16,346,1152,0
PC-0269,1323,1,97,1323,2010-01-02,2010-02-19,49,0,378
PC-0285,3114,1,53,3114,2010-01-04,2011-05-16,346,423,0
PC-0290,26695,1,357,26695,2010-01-04,2011-02-11,281,351,0
PC-0320,2110,1,136,2110,2010-01-04,2010-10-29,211,203,0
PC-0322,49478,1,409,49478,2010-01-04,2011-05-16,346,5197,0
PC-0330,65740,1,200,65740,2010-01-04,2011-05-16,346,5373,0
PC-0335,10034,1,126,10034,2010-01-04,2011-05-16,346,0,0
PC-0351,43320,1,173,43320,2010-01-04,2011-05-16,380,399,3876
PC-0365,9342,1,206,9342,2010-01-04,2011-05-16,346,113,0
PC-0369,10034,1,172,10034,2010-01-04,2011-05-16,346,1011,0
PC-0377,3460,1,76,3460,2010-01-04,2011-05-16,346,174,0
PC-0378,3460,1,180,3460,2010-01-04,2011-05-16,346,458,0
PC-0379,3460,1,189,3460,2010-01-04,2011-05-16,346,201,0
PC-0384,74034,1,81,74034,2010-01-03,2011-05-16,457,3658,16524
PC-0389,10034,1,169,10034,2010-01-04,2011-05-16,346,0,0
PC-0391,32870,1,175,32870,2010-01-04,2011-05-16,346,0,0
PC-0393,10005,1,103,10005,2010-01-04,2011-05-16,345,0,0
PC-0422,55890,1,243,55890,2010-01-04,2011-05-16,345,2458,0
PC-0426,32870,1,202,32870,2010-01-04,2011-05-16,346,4944,0
PC-0427,39444,1,222,39444,2010-01-04,2011-05-16,346,374,0
PC-0435,46400,1,310,46400,2010-01-02,2011-05-16,464,0,11500
PC-0441,7290,1,146,7290,2010-01-04,2010-03-05,45,125,0
PC-0444,10005,1,268,10005,2010-01-04,2011-05-16,345,2117,0
PC-0461,32870,1,210,32870,2010-01-04,2011-05-16,346,1510,0
PC-0467,15876,1,128,15876,2010-01-04,2010-05-20,98,150,0
PC-0470,32870,1,304,32870,2010-01-04,2011-05-16,346,1708,0
PC-0474,34600,1,214,34600,2010-01-04,2011-05-16,346,0,0
PC-0494,32870,1,304,32870,2010-01-04,2011-05-16,346,0,0
PC-0507,16720,1,122,16720,2010-01-04,2010-09-10,176,215,0
PC-0508,34600,1,363,34600,2010-01-04,2011-05-16,346,394,0
PC-0514,10034,1,125,10034,2010-01-04,2011-05-16,346,1048,0
PC-0524,7656,1,87,7656,2010-01-04,2011-01-06,264,758,203
PC-0532,56052,1,106,56052,2010-01-04,2011-05-16,346,654,0
PC-0576,32870,1,264,32870,2010-01-04,2011-05-16,346,0,0
PC-0603,32870,1,187,32870,2010-01-04,2011-05-16,346,551,0
PC-0616,3460,1,133,3460,2010-01-04,2011-05-16,346,0,0
PC-0623,2225,1,179,2225,2010-01-04,2010-10-29,210,322,0
PC-0642,10034,1,121,10034,2010-01-04,2011-05-16,346,0,0
PC-0647,56052,1,366,56052,2010-01-04,2011-05-16,346,2469,0
PC-0653,3460,1,165,3460,2010-01-04,2011-05-16,346,180,0
PC-0669,10005,1,68,10005,2010-01-04,2011-05-16,345,0,0
PC-0683,39444,1,174,39444,2010-01-04,2011-05-16,346,3942,0
PC-0692,56052,1,169,56052,2010-01-04,2011-05-16,346,0,0
PC-0697,72770,1,116,72770,2010-01-04,2011-05-16,383,769,6270
PC-0724,10034,1,171,10034,2010-01-04,2011-05-16,346,0,0
PC-0728,4698,1,188,4698,2010-01-04,2010-02-11,29,31,0
PC-0731,39444,1,288,39444,2010-01-04,2011-05-16,346,396,0
PC-0741,32870,1,162,32870,2010-01-04,2011-05-16,346,247,0
PC-0745,3460,1,211,3460,2010-01-04,2011-05-16,346,475,0
PC-0751,3460,1,85,3460,2010-01-04,2011-05-16,346,326,0
PC-0768,34600,1,201,34600,2010-01-04,2011-05-16,346,7243,0
PC-0772,32870,1,207,32870,2010-01-04,2011-05-16,346,316,0
PC-0777,32870,1,167,32870,2010-01-04,2011-05-16,346,3214,0
PC-0779,3460,1,112,3460,2010-01-04,2011-05-16,346,304,0
PC-0780,49478,1,327,49478,2010-01-04,2011-05-16,346,0,0
PC-0795,56052,1,136,56051,2010-01-04,2011-05-16,346,512,0
PC-0800,32870,1,174,32870,2010-01-04,2011-05-16,346,261,0
PC-0814,24789,1,134,24789,2010-01-04,2010-08-09,153,1434,0
PC-0818,10034,1,116,10034,2010-01-04,2011-05-16,346,2230,0
PC-0836,2375,1,97,2375,2010-01-04,2010-02-03,25,30,190
PC-0839,10034,1,167,10034,2010-01-04,2011-05-16,346,0,0
PC-0840,13137,1,148,13137,2010-01-02,2011-05-16,453,310,2987
PC-0843,37145,1,337,37145,2010-01-02,2011-05-16,391,602,3800
PC-0898,3460,1,114,3460,2010-01-04,2011-05-16,346,0,0
PC-0902,32870,1,166,32870,2010-01-04,2011-05-16,346,0,0
PC-0908,39336,1,238,39336,2010-01-04,2011-05-16,346,3431,0
PC-0925,39444,1,182,39444,2010-01-04,2011-05-16,346,3526,0
PC-0926,46740,1,124,46740,2010-01-02,2011-05-16,492,1353,13300
PC-0928,32870,1,188,32870,2010-01-04,2011-05-16,346,516,0
PC-0967,56052,1,294,56052,2010-01-04,2011-05-16,346,501,0
PC-0969,32870,1,337,32870,2010-01-04,2011-05-16,346,4680,0
PC-0982,22800,1,266,22800,2010-01-04,2010-12-13,240,3513,0
PC-0985,32870,1,165,32870,2010-01-04,2011-05-16,346,2405,0
PC-1005,10034,1,182,10034,2010-01-04,2011-05-16,346,2144,0
PC-1013,32870,1,301,32870,2010-01-04,2011-05-16,346,227,0
PC-1017,56052,1,134,56052,2010-01-04,2011-05-16,346,567,0
PC-1038,10034,1,91,10034,2010-01-04,2011-05-16,346,0,0
PC-1039,1450,1,59,1450,2010-01-04,2010-03-12,50,13,0
PC-1069,10034,1,186,10034,2010-01-04,2011-05-16,346,2146,0
PC-1099,10034,1,130,10034,2010-01-04,2011-05-16,346,2236,0
PC-1107,32870,1,259,32870,2010-01-04,2011-05-16,346,1540,0
PC-1108,32775,1,328,32775,2010-01-04,2011-05-16,345,342,0
PC-1109,10034,1,138,10034,2010-01-04,2011-05-16,346,1058,0
PC-1117,34400,1,190,34400,2010-01-04,2011-05-16,344,7388,0
PC-1130,25175,1,254,25175,2010-01-04,2011-01-20,265,0,0
PC-1165,3450,1,129,3450,2010-01-04,2011-05-16,345,0,0
PC-1182,3460,1,102,3460,2010-01-04,2011-05-16,346,199,0
PC-1187,9976,1,158,9976,2010-01-04,2011-05-16,344,0,0
PC-1208,3450,1,128,3450,2010-01-04,2011-05-16,345,0,0
PC-1232,65740,1,164,65740,2010-01-04,2011-05-16,346,6122,0
PC-1243,10034,1,108,10034,2010-01-04,2011-05-16,346,95,0
PC-1246,32870,1,173,32870,2010-01-04,2011-05-16,346,3587,0
PC-1247,10034,1,135,10034,2010-01-04,2011-05-16,346,0,0
PC-1268,17596,1,162,17596,2010-01-04,2010-09-22,184,0,0
PC-1275,31825,1,329,31825,2010-01-04,2011-04-29,335,519,0
PC-1279,32870,1,107,32870,2010-01-04,2011-05-16,346,1942,0
PC-1281,32870,1,277,32870,2010-01-04,2011-05-16,346,0,0
PC-1282,3460,1,115,3460,2010-01-04,2011-05-16,346,186,0
PC-1283,39330,1,240,39330,2010-01-04,2011-05-16,345,0,0
PC-1289,58820,1,138,58820,2010-01-04,2011-05-16,346,527,0
PC-1301,32870,1,142,32870,2010-01-04,2011-05-16,346,306,0
PC-1307,10034,1,137,10034,2010-01-04,2011-05-16,346,2149,0
PC-1312,1073,1,161,1073,2010-01-02,2010-02-07,37,14,348
PC-1313,74205,1,304,74205,2010-01-02,2011-05-16,485,3200,20349
PC-1332,49478,1,116,49478,2010-01-04,2011-05-16,346,0,0
PC-1377,56052,1,151,56052,2010-01-04,2011-05-16,346,3187,0
PC-1389,3450,1,126,3450,2010-01-04,2011-05-16,345,42,0
PC-1394,10034,1,186,10034,2010-01-04,2011-05-16,346,0,0
PC-1395,32870,1,260,32870,2010-01-04,2011-05-16,346,0,0
PC-1397,10034,1,93,10034,2010-01-04,2011-05-16,346,2113,0
PC-1436,39330,1,109,39330,2010-01-04,2011-05-16,345,0,0
PC-1474,12312,1,218,12312,2010-01-04,2010-06-04,108,1191,0
PC-1476,39444,1,111,39444,2010-01-04,2011-05-16,346,363,0
PC-1478,49478,1,303,49478,2010-01-04,2011-05-16,346,526,0
PC-1479,56052,1,280,56052,2010-01-04,2011-05-16,346,624,0
PC-1480,39330,1,211,39330,2010-01-04,2011-05-16,345,3081,0
PC-1485,39444,1,187,39444,2010-01-04,2011-05-16,346,3982,0
PC-1500,55890,1,337,55890,2010-01-04,2011-05-16,345,691,0
PC-1514,32870,1,159,32870,2010-01-04,2011-05-16,346,336,0
PC-1518,10034,1,156,10034,2010-01-04,2011-05-16,346,938,0
PC-1521,32870,1,210,32870,2010-01-04,2011-05-16,346,318,0
PC-1526,3460,1,53,3460,2010-01-04,2011-05-16,346,209,0
PC-1528,39444,1,266,39444,2010-01-04,2011-05-16,346,3286,0
PC-1532,3460,1,179,3460,2010-01-04,2011-05-16,346,0,0
PC-1572,10034,1,93,10034,2010-01-04,2011-05-16,346,0,0
PC-1586,38880,1,280,38880,2010-01-03,2011-05-16,432,771,7200
PC-1590,32870,1,367,32870,2010-01-04,2011-05-16,346,556,0
PC-1593,56052,1,194,56052,2010-01-04,2011-05-16,346,0,0
PC-1609,1766,1,47,1766,2010-01-04,2010-10-08,197,6,1
PC-1611,32870,1,183,32870,2010-01-04,2011-05-16,346,0,0
PC-1620,3460,1,85,3460,2010-01-04,2011-05-16,346,473,0
PC-1622,3460,1,121,3460,2010-01-04,2011-05-16,346,198,0
PC-1637,23750,1,249,23750,2010-01-04,2010-12-29,250,1644,0
PC-1648,32870,1,238,32870,2010-01-04,2011-05-16,346,1241,0
PC-1651,56052,1,237,56052,2010-01-04,2011-05-16,346,2103,0
PC-1658,3460,1,81,3460,2010-01-04,2011-05-16,346,221,0
PC-1677,10380,1,88,10380,2010-01-04,2011-05-16,346,0,0
PC-1708,5017,1,145,5017,2010-01-04,2010-09-07,173,0,0
PC-1725,32775,1,291,32775,2010-01-04,2011-05-16,345,2481,0
PC-1736,49478,1,177,49478,2010-01-04,2011-05-16,346,2470,0
PC-1745,39444,1,307,39444,2010-01-04,2011-05-16,346,0,0
PC-1772,49478,1,196,49478,2010-01-04,2011-05-16,346,1976,0
PC-1783,3460,1,167,3460,2010-01-04,2011-05-16,346,0,0
PC-1786,23277,1,259,23277,2010-01-04,2010-12-20,246,235,0
PC-1795,9342,1,139,9342,2010-01-04,2011-05-16,346,89,0
PC-1805,32870,1,174,32870,2010-01-04,2011-05-16,346,455,0
PC-1809,27551,1,260,27551,2010-01-04,2011-02-24,290,372,0
PC-1813,10005,1,164,10005,2010-01-04,2011-05-16,345,2091,0
PC-1837,65740,1,189,65740,2010-01-04,2011-05-16,346,693,0
PC-1841,32870,1,222,32870,2010-01-04,2011-05-16,346,0,0
PC-1845,39216,1,366,39216,2010-01-04,2011-05-16,344,0,0
PC-1849,32870,1,253,32870,2010-01-04,2011-05-16,346,4945,0
PC-1874,32870,1,100,32870,2010-01-04,2011-05-16,346,4067,0
PC-1887,10034,1,234,10034,2010-01-04,2011-05-16,346,724,0
PC-1893,32775,1,141,32775,2010-01-04,2011-05-16,345,3369,0
PC-1896,65740,1,274,65740,2010-01-04,2011-05-16,346,0,0
PC-1917,4420,1,121,4420,2010-01-02,2011-05-16,442,266,930
PC-1933,32870,1,235,32870,2010-01-04,2011-05-16,346,354,0
PC-1940,7524,1,201,7524,2010-01-04,2010-04-06,66,0,0
PC-1941,1740,1,74,1740,2010-01-04,2010-03-26,60,0,0
PC-1949,3460,1,146,3460,2010-01-04,2011-05-16,346,90,0
PC-1980,32870,1,178,32870,2010-01-04,2011-05-16,346,302,0
PC-1998,58650,1,174,58650,2010-01-04,2011-05-16,345,3118,0
PC-2017,98610,1,329,98610,2010-01-04,2011-05-16,346,944,0
PC-2024,56052,1,152,56052,2010-01-04,2011-05-16,346,2386,0
PC-2030,2525,1,129,2525,2010-01-04,2010-12-13,240,399,0
PC-2046,32870,1,213,32870,2010-01-04,2011-05-16,346,0,0
PC-2057,10034,1,158,10034,2010-01-04,2011-05-16,346,0,0
PC-2059,3460,1,90,3460,2010-01-04,2011-05-16,346,53,0
PC-2064,32870,1,149,32870,2010-01-04,2011-05-16,346,6880,0
PC-2066,52938,1,158,52938,2010-01-04,2011-05-16,346,2418,0
PC-2069,49335,1,318,49335,2010-01-04,2011-05-16,345,0,0
PC-2072,10034,1,311,10034,2010-01-04,2011-05-16,346,900,0
PC-2077,3460,1,159,3460,2010-01-04,2011-05-16,346,38,0
PC-2085,3460,1,89,3460,2010-01-04,2011-05-16,346,46,0
PC-2094,39330,1,59,39330,2010-01-04,2011-05-16,345,1675,0
PC-2110,32870,1,105,32870,2010-01-04,2011-05-16,346,0,0
PC-2113,40300,1,336,40300,2010-01-02,2011-05-16,403,3022,4900
PC-2119,32870,1,183,32870,2010-01-04,2011-05-16,346,558,0
PC-2123,32775,1,269,32775,2010-01-04,2011-05-16,345,6828,0
PC-2124,39403,1,202,39403,2010-01-04,2011-05-16,346,0,0
PC-2125,10034,1,158,10034,2010-01-04,2011-05-16,346,0,0
PC-2131,3450,1,96,3450,2010-01-04,2011-05-16,345,0,0
PC-2139,55198,1,251,55198,2010-01-04,2011-05-16,386,0,4576
PC-2143,49478,1,96,49478,2010-01-04,2011-05-16,346,2395,0
PC-2164,56052,1,259,56052,2010-01-04,2011-05-16,346,2928,0
PC-2173,3450,1,164,3450,2010-01-04,2011-05-16,345,488,0
PC-2174,65740,1,162,65740,2010-01-04,2011-05-16,346,10997,0
PC-2177,32870,1,80,32870,2010-01-04,2011-05-16,346,292,0
PC-2181,3460,1,109,3460,2010-01-04,2011-05-16,346,489,0
PC-2187,32870,1,299,32870,2010-01-04,2011-05-16,346,332,0
PC-2191,10005,1,79,10005,2010-01-04,2011-05-16,345,0,0
PC-2211,18306,1,124,18306,2010-01-03,2010-05-06,113,791,4050
PC-2231,65740,1,168,65740,2010-01-04,2011-05-16,346,525,0
PC-2244,19116,1,120,19116,2010-01-03,2010-05-14,118,0,3726
PC-2266,32870,1,212,32870,2010-01-04,2011-05-16,346,512,0
PC-2271,10034,1,98,10034,2010-01-04,2011-05-16,346,0,0
PC-2276,17202,1,230,17202,2010-01-04,2010-09-03,172,2204,0
PC-2288,14268,1,143,14268,2010-01-02,2011-05-16,492,0,3944
PC-2289,3460,1,112,3460,2010-01-04,2011-05-16,346,0,0
PC-2321,44650,1,260,44650,2010-01-02,2011-05-16,470,457,11305
PC-2335,56052,1,214,56052,2010-01-04,2011-05-16,346,2042,0
PC-2343,10034,1,159,10034,2010-01-04,2011-05-16,346,0,0
PC-2344,24551,1,214,24551,2010-01-04,2010-11-05,216,2704,0
PC-2349,59292,1,187,59292,2010-01-04,2011-05-16,366,534,3078
PC-2363,32870,1,331,32870,2010-01-04,2011-05-16,346,3424,0
PC-2368,3460,1,161,3460,2010-01-04,2011-05-16,346,175,0
PC-2370,32775,1,245,32775,2010-01-04,2011-05-16,345,3686,0
PC-2381,56052,1,292,56052,2010-01-04,2011-05-16,346,2346,0
PC-2393,34600,1,308,34600,2010-01-04,2011-05-16,346,3381,0
PC-2408,4878,1,109,4878,2010-01-04,2010-08-24,164,0,0
PC-2417,72720,1,238,72720,2010-01-02,2011-05-16,404,767,10440
PC-2422,3460,1,185,3460,2010-01-04,2011-05-16,346,508,0
PC-2439,3450,1,154,3450,2010-01-04,2011-05-16,345,0,0
PC-2441,55890,1,260,55890,2010-01-04,2011-05-16,345,570,0
PC-2461,10034,1,220,10034,2010-01-04,2011-05-16,346,2164,0
PC-2462,39444,1,131,39444,2010-01-04,2011-05-16,346,376,0
PC-2464,26733,1,176,26733,2010-01-04,2010-08-25,165,1563,0
PC-2479,3460,1,149,3460,2010-01-04,2011-05-16,346,320,0
PC-2499,10034,1,181,10034,2010-01-04,2011-05-16,346,0,0
PC-2511,56052,1,229,56052,2010-01-04,2011-05-16,346,0,0
PC-2512,28745,1,210,28745,2010-01-04,2010-10-15,201,1032,0
PC-2524,27086,1,158,27086,2010-01-04,2010-12-10,239,2469,0
PC-2531,61722,1,180,61722,2010-01-04,2011-05-16,381,2972,4374
PC-2550,31140,1,142,31140,2010-01-04,2011-05-16,346,4917,0
PC-2552,32870,1,183,32870,2010-01-04,2011-05-16,346,2885,0
PC-2559,29754,1,143,29753,2010-01-04,2011-01-14,261,6226,0
PC-2560,37368,1,106,37368,2010-01-04,2011-05-16,346,4561,0
PC-2567,32870,1,149,32870,2010-01-04,2011-05-16,346,319,0
PC-2574,32870,1,127,32870,2010-01-04,2011-05-16,346,0,0
PC-2582,56052,1,260,56052,2010-01-04,2011-05-16,346,2287,0
PC-2638,14158,1,153,14158,2010-01-04,2010-08-03,149,183,0
PC-2640,3450,1,198,3450,2010-01-04,2011-05-16,345,0,0
PC-2645,7569,1,159,7569,2010-01-04,2011-01-14,261,1568,0
PC-2661,23329,1,371,23329,2010-01-04,2010-07-27,144,273,0
PC-2662,10034,1,113,10034,2010-01-04,2011-05-16,346,0,0
PC-2674,32870,1,137,32870,2010-01-04,2011-05-16,346,0,0
PC-2684,49478,1,246,49478,2010-01-04,2011-05-16,346,439,0
PC-2690,32870,1,121,32870,2010-01-04,2011-05-16,346,327,0
PC-2697,4490,1,136,4490,2010-01-03,2011-05-16,449,59,980
PC-2709,32870,1,221,32870,2010-01-04,2011-05-16,346,298,0
PC-2725,3325,1,141,3325,2010-01-04,2010-02-19,35,112,0
PC-2731,50479,1,153,50479,2010-01-04,2011-05-16,353,2757,0
PC-2744,6815,1,92,6815,2010-01-02,2010-09-10,235,0,1682
PC-2763,3190,1,74,3190,2010-01-04,2010-06-08,110,0,0
PC-2765,3460,1,84,3460,2010-01-04,2011-05-16,346,45,0
PC-2766,65740,1,70,65740,2010-01-04,2011-05-16,346,659,0
PC-2768,10034,1,153,10034,2010-01-04,2011-05-16,346,912,0
PC-2770,3450,1,257,3450,2010-01-04,2011-05-16,345,320,0
PC-2775,841,1,58,841,2010-01-04,2010-02-11,29,0,0
PC-2777,32680,1,211,32680,2010-01-04,2011-05-16,344,1408,0
PC-2804,38380,1,174,38380,2010-01-02,2011-05-16,404,317,5415
PC-2806,3450,1,116,3450,2010-01-04,2011-05-16,345,456,0
PC-2813,10034,1,167,10034,2010-01-04,2011-05-16,346,0,0
PC-2843,3460,1,197,3460,2010-01-04,2011-05-16,346,233,0
PC-2879,26463,1,217,26463,2010-01-04,2010-11-30,231,508,0
PC-2891,32870,1,202,32870,2010-01-04,2011-05-16,346,3434,0
PC-2896,32870,1,225,32870,2010-01-04,2011-05-16,346,0,0
PC-2904,20412,1,112,20412,2010-01-04,2010-06-30,126,973,0
PC-2915,98610,1,339,98610,2010-01-04,2011-05-16,346,8689,0
PC-2924,10034,1,117,10034,2010-01-04,2011-05-16,346,978,0
PC-2930,32775,1,169,32775,2010-01-04,2011-05-16,345,3430,0
PC-2940,34600,1,147,34600,2010-01-04,2011-05-16,346,350,0
PC-2948,15438,1,255,15438,2010-01-04,2010-07-16,136,1492,0
PC-2996,3460,1,72,3460,2010-01-04,2011-05-16,346,497,0
PC-3000,32870,1,168,32870,2010-01-04,2011-05-16,346,5078,0
PC-3005,56052,1,164,56052,2010-01-04,2011-05-16,346,0,0
PC-3014,32870,1,212,32870,2010-01-04,2011-05-16,346,4842,0
PC-3020,32870,1,176,32870,2010-01-04,2011-05-16,346,1869,0
PC-3054,98610,1,415,98610,2010-01-04,2011-05-16,346,0,0
PC-3093,56052,1,166,56052,2010-01-04,2011-05-16,346,0,0
PC-3094,32870,1,164,32870,2010-01-04,2011-05-16,346,3399,0
PC-3118,37368,1,225,37368,2010-01-04,2011-05-16,346,347,0
PC-3120,32870,1,211,32870,2010-01-04,2011-05-16,346,4848,0
PC-3124,32775,1,192,32775,2010-01-04,2011-05-16,345,280,0
PC-3126,10034,1,153,10034,2010-01-04,2011-05-16,346,986,0
PC-3135,44118,1,208,44118,2010-01-04,2011-05-16,387,7160,4332
PC-3142,32870,1,184,32870,2010-01-04,2011-05-16,346,266,0
PC-3196,46710,1,139,46710,2010-01-04,2011-05-16,346,473,0
PC-3201,21755,1,151,21755,2010-01-04,2010-11-24,229,1440,0
PC-3227,3450,1,155,3450,2010-01-04,2011-05-16,345,309,0
PC-3233,10034,1,169,10034,2010-01-04,2011-05-16,346,0,0
PC-3263,13300,1,115,13300,2010-01-04,2010-07-21,140,81,0
PC-3268,3096,1,117,3096,2010-01-04,2011-05-16,344,0,0
PC-3285,56052,1,121,56052,2010-01-04,2011-05-16,346,0,0
PC-3291,32870,1,115,32870,2010-01-04,2011-05-16,346,3395,0
PC-3296,32775,1,179,32775,2010-01-04,2011-05-16,345,306,0
PC-3297,55890,1,252,55890,2010-01-04,2011-05-16,345,525,0
PC-3301,32870,1,325,32870,2010-01-04,2011-05-16,346,3779,0
PC-3311,56052,1,297,56052,2010-01-04,2011-05-16,346,4131,0
PC-3324,34600,1,76,34600,2010-01-04,2011-05-16,346,3281,0
PC-3343,49478,1,256,49478,2010-01-04,2011-05-16,346,2595,0
PC-3372,23465,1,155,23465,2010-01-04,2010-12-22,247,2181,0
PC-3375,52938,1,174,52938,2010-01-04,2011-05-16,346,0,0
PC-3378,3460,1,98,3460,2010-01-04,2011-05-16,346,54,0
PC-3379,10034,1,170,10034,2010-01-04,2011-05-16,346,2113,0
PC-3401,28617,1,227,28617,2010-01-04,2010-12-30,252,419,3
PC-3406,56052,1,191,56051,2010-01-04,2011-05-16,346,717,0
PC-3424,32870,1,122,32870,2010-01-04,2011-05-16,346,1457,0
PC-3430,32870,1,159,32870,2010-01-04,2011-05-16,346,3923,0
PC-3446,12852,1,161,12852,2010-01-02,2011-05-16,476,1372,3267
PC-3449,9603,1,176,9603,2010-01-04,2011-04-18,327,2083,0
PC-3451,56052,1,133,56052,2010-01-04,2011-05-16,346,0,0
PC-3459,32870,1,253,32870,2010-01-04,2011-05-16,346,3275,0
PC-3465,32870,1,122,32870,2010-01-04,2011-05-16,346,287,0
PC-3467,10034,1,262,10034,2010-01-04,2011-05-16,346,0,0
PC-3469,10034,1,203,10034,2010-01-04,2011-05-16,346,2151,0
PC-3476,9342,1,71,9342,2010-01-04,2011-05-16,346,0,0
PC-3494,32870,1,111,32870,2010-01-04,2011-05-16,346,3412,0
PC-3505,10034,1,235,10034,2010-01-04,2011-05-16,346,2128,0
PC-3534,32870,1,148,32870,2010-01-04,2011-05-16,346,3782,0
PC-3543,10034,1,172,10034,2010-01-04,2011-05-16,346,996,0
PC-3559,32870,1,170,32870,2010-01-04,2011-05-16,346,2803,0
PC-3567,56052,1,291,56052,2010-01-04,2011-05-16,346,2491,0
PC-3571,4800,1,151,4800,2010-01-02,2011-05-16,480,0,1270
PC-3579,350,1,67,350,2010-01-04,2010-02-19,35,3,0
PC-3581,32870,1,291,32870,2010-01-04,2011-05-16,346,3093,0
PC-3587,10034,1,314,10034,2010-01-04,2011-05-16,346,0,0
PC-3605,39444,1,171,39444,2010-01-04,2011-05-16,346,1891,0
PC-3620,56052,1,161,56052,2010-01-04,2011-05-16,346,572,0
PC-3622,3460,1,129,3460,2010-01-04,2011-05-16,346,47,0
PC-3629,32870,1,278,32870,2010-01-04,2011-05-16,346,315,0
PC-3640,43035,1,167,43035,2010-01-03,2011-05-16,453,5344,9880
PC-3651,31540,1,149,31540,2010-01-04,2011-04-26,332,288,0
PC-3672,28561,1,185,28561,2010-01-03,2010-10-03,238,87,5280
PC-3675,3460,1,111,3460,2010-01-04,2011-05-16,346,0,0
PC-3682,32870,1,150,32870,2010-01-04,2011-05-16,346,588,0
PC-3683,3800,1,104,3800,2010-01-03,2010-02-17,40,44,665
PC-3684,32870,1,210,32870,2010-01-04,2011-05-16,346,494,0
PC-3686,33440,1,64,33440,2010-01-04,2011-05-16,352,314,285
PC-3687,32870,1,122,32870,2010-01-04,2011-05-16,346,253,0
PC-3695,39444,1,312,39444,2010-01-04,2011-05-16,346,3637,0
PC-3723,9342,1,134,9342,2010-01-04,2011-05-16,346,952,0
PC-3733,34500,1,93,34500,2010-01-04,2011-05-16,345,1398,0
PC-3735,32870,1,339,32870,2010-01-04,2011-05-16,346,0,0
PC-3737,56052,1,279,56052,2010-01-04,2011-05-16,346,0,0
PC-3738,32870,1,122,32870,2010-01-04,2011-05-16,346,336,0
PC-3742,32870,1,172,32870,2010-01-04,2011-05-16,346,325,0
PC-3752,32870,1,210,32870,2010-01-04,2011-05-16,346,384,0
PC-3764,32870,1,176,32870,2010-01-04,2011-05-16,346,1240,0
PC-3772,32870,1,117,32870,2010-01-04,2011-05-16,346,277,0
PC-3785,52164,1,270,52164,2010-01-04,2011-04-11,322,442,0
PC-3791,38165,1,194,38165,2010-01-04,2011-04-29,335,78,0
PC-3814,3460,1,146,3460,2010-01-04,2011-05-16,346,478,0
PC-3815,52938,1,164,52938,2010-01-04,2011-05-16,346,3642,0
PC-3819,68400,1,178,68400,2010-01-03,2011-05-16,456,5310,15450
PC-3839,65740,1,122,65740,2010-01-04,2011-05-16,346,4557,0
PC-3842,4446,1,170,4446,2010-01-02,2011-05-16,494,57,1287
PC-3845,2850,1,117,2850,2010-01-04,2010-02-05,25,116,0
PC-3851,103800,1,297,103800,2010-01-04,2011-05-16,346,15744,0
PC-3873,49478,1,191,49478,2010-01-04,2011-05-16,346,0,0
PC-3887,3450,1,81,3450,2010-01-04,2011-05-16,345,47,0
PC-3907,65550,1,219,65550,2010-01-04,2011-05-16,345,8527,0
PC-3922,10034,1,213,10034,2010-01-04,2011-05-16,346,0,0
PC-3932,32680,1,206,32680,2010-01-04,2011-05-13,344,0,0
PC-3935,56052,1,253,56052,2010-01-04,2011-05-16,346,500,0
PC-3942,32775,1,250,32775,2010-01-04,2011-05-16,345,740,0
PC-3947,32870,1,118,32870,2010-01-04,2011-05-16,346,0,0
PC-3952,138000,1,255,138000,2010-01-04,2011-05-16,345,1977,0
PC-3953,49478,1,201,49478,2010-01-04,2011-05-16,346,7429,0
PC-3959,10380,1,155,10380,2010-01-04,2011-05-16,346,0,0
PC-3962,31140,1,218,31140,2010-01-04,2011-05-16,346,261,0
PC-3978,3460,1,143,3460,2010-01-04,2011-05-16,346,498,0
PC-3985,39444,1,137,39444,2010-01-04,2011-05-16,346,416,0
PC-3989,3460,1,71,3460,2010-01-04,2011-05-16,346,33,0
PC-3998,10034,1,107,10034,2010-01-04,2011-05-16,346,2191,0
PC-4000,32775,1,207,32775,2010-01-04,2011-05-16,345,1404,0
PC-4011,3460,1,131,3460,2010-01-04,2011-05-16,346,206,0
PC-4024,4740,1,210,4740,2010-01-04,2010-08-16,158,1084,0
PC-4030,3460,1,120,3460,2010-01-04,2011-05-16,346,208,0
PC-4032,17670,1,102,17670,2010-01-04,2010-09-24,186,1748,0
PC-4040,17856,1,225,17856,2010-01-04,2011-05-16,372,0,1008
PC-4071,39330,1,116,39330,2010-01-04,2011-05-16,345,538,0
PC-4109,3460,1,114,3460,2010-01-04,2011-05-16,346,306,0
PC-4127,53339,1,250,53339,2010-01-04,2011-05-16,373,1254,2860
PC-4136,39444,1,212,39444,2010-01-04,2011-05-16,346,0,0
PC-4155,3450,1,65,3450,2010-01-04,2011-05-16,345,37,0
PC-4159,1859,1,66,1859,2010-01-04,2010-09-02,171,85,0
PC-4176,3460,1,130,3460,2010-01-04,2011-05-16,346,463,0
PC-4195,39444,1,278,39444,2010-01-04,2011-05-16,346,488,0
PC-4204,56052,1,182,56052,2010-01-04,2011-05-16,346,453,0
PC-4209,56052,1,127,56052,2010-01-04,2011-05-16,346,492,0
PC-4211,2037,1,68,2037,2010-01-04,2010-09-29,189,0,0
PC-4233,65550,1,229,65550,2010-01-04,2011-05-16,345,7238,0
PC-4243,32870,1,165,32870,2010-01-04,2011-05-16,346,349,0
PC-4246,2610,1,47,2610,2010-01-04,2010-05-10,90,571,0
PC-4256,7832,1,91,7832,2010-01-04,2011-01-27,270,23,0
PC-4259,10034,1,108,10034,2010-01-04,2011-05-16,346,156,0
PC-4275,57200,1,237,57200,2010-01-02,2011-05-16,400,7594,7007
PC-4289,3460,1,76,3460,2010-01-04,2011-05-16,346,173,0
PC-4328,3460,1,116,3460,2010-01-04,2011-05-16,346,30,0
PC-4368,32870,1,127,32870,2010-01-04,2011-05-16,346,341,0
PC-4386,3450,1,180,3450,2010-01-04,2011-05-13,345,0,0
PC-4390,13284,1,264,13284,2010-01-04,2010-04-28,82,131,0
PC-4405,28595,1,235,28595,2010-01-04,2011-03-11,301,286,0
PC-4411,56052,1,357,56052,2010-01-04,2011-05-16,346,3017,0
PC-4418,31730,1,355,31730,2010-01-04,2011-04-29,334,3543,0
PC-4436,10034,1,150,10034,2010-01-04,2011-05-16,346,988,0
PC-4455,55728,1,109,55728,2010-01-04,2011-05-16,344,0,0
PC-4469,32870,1,196,32870,2010-01-04,2011-05-16,346,691,0
PC-4479,39444,1,115,39444,2010-01-04,2011-05-16,346,376,0
PC-4486,3450,1,122,3450,2010-01-04,2011-05-16,345,0,0
PC-4518,49478,1,164,49478,2010-01-04,2011-05-16,346,2178,0
PC-4524,39444,1,161,39444,2010-01-04,2011-05-16,346,5610,0
PC-4527,29070,1,272,29070,2010-01-04,2011-03-18,306,229,0
PC-4534,20238,1,178,20238,2010-01-04,2010-11-02,213,364,0
PC-4545,49478,1,270,49478,2010-01-04,2011-05-16,346,4863,0
PC-4547,3450,1,139,3450,2010-01-04,2011-05-16,345,315,0
PC-4551,37525,1,121,37525,2010-01-04,2011-05-16,395,815,4275
PC-4556,10034,1,202,10034,2010-01-04,2011-05-16,346,506,0
PC-4559,31140,1,237,31140,2010-01-04,2011-05-16,346,1208,0
PC-4560,32870,1,388,32870,2010-01-04,2011-05-16,346,361,0
PC-4577,32870,1,246,32870,2010-01-04,2011-05-16,346,0,0
PC-4579,3089,1,151,3089,2010-01-04,2011-03-04,296,0,0
PC-4582,32870,1,363,32870,2010-01-04,2011-05-16,346,857,0
PC-4600,16560,1,199,16560,2010-01-04,2011-05-16,345,0,0
PC-4621,32775,1,287,32775,2010-01-04,2011-05-16,345,4401,0
PC-4633,32775,1,259,32775,2010-01-04,2011-05-16,345,330,0
PC-4659,3830,1,137,3830,2010-01-02,2011-01-23,383,376,1120
PC-4667,30435,1,260,30435,2010-01-04,2011-04-06,319,3068,0
PC-4679,3460,1,120,3460,2010-01-04,2011-05-16,346,44,0
PC-4686,3460,1,56,3460,2010-01-04,2011-05-16,346,9,0
PC-4690,58820,1,296,58820,2010-01-04,2011-05-16,346,3094,0
PC-4704,3460,1,81,3460,2010-01-04,2011-05-16,346,479,0
PC-4707,49478,1,179,49478,2010-01-04,2011-05-16,346,2673,0
PC-4711,5700,1,119,5700,2010-01-04,2010-03-26,60,514,0
PC-4722,31050,1,228,31050,2010-01-04,2011-05-16,345,274,0
PC-4729,32870,1,192,32870,2010-01-04,2011-05-16,346,604,0
PC-4736,72252,1,189,72252,2010-01-02,2011-05-16,446,3265,15876
PC-4748,18527,1,217,18527,2010-01-04,2010-10-07,195,2119,96
PC-4753,8700,1,135,8700,2010-01-04,2011-03-10,300,865,0
PC-4761,10034,1,72,10034,2010-01-04,2011-05-16,346,2148,0
PC-4785,17820,1,114,17820,2010-01-02,2010-05-12,110,177,2754
PC-4804,58820,1,293,58820,2010-01-04,2011-05-16,346,2804,0
PC-4835,34200,1,282,34200,2010-01-04,2011-05-16,360,390,1235
PC-4860,32775,1,212,32775,2010-01-04,2011-05-16,345,353,0
PC-4861,32775,1,200,32775,2010-01-04,2011-05-16,345,326,0
PC-4886,32870,1,189,32870,2010-01-04,2011-05-16,346,293,0
PC-4895,3460,1,230,3460,2010-01-04,2011-05-16,346,0,0
PC-4905,52938,1,147,52938,2010-01-04,2011-05-16,346,2257,0
PC-4911,32870,1,135,32870,2010-01-04,2011-05-16,346,504,0
PC-4925,2028,1,101,2028,2010-01-04,2010-09-30,190,0,0
PC-4952,3460,1,57,3460,2010-01-04,2011-05-16,346,175,0
PC-4953,34600,1,178,34600,2010-01-04,2011-05-16,346,307,0
PC-4955,32775,1,237,32775,2010-01-04,2011-05-16,345,304,0
PC-4973,32870,1,157,32870,2010-01-04,2011-05-16,346,7055,0
PC-4983,3114,1,91,3114,2010-01-04,2011-05-16,346,52,0
PC-4984,55890,1,153,55890,2010-01-04,2011-05-16,345,592,0
PC-5002,39600,1,164,39600,2010-01-03,2011-05-16,440,338,8460
PC-5010,32870,1,175,32870,2010-01-04,2011-05-16,346,385,0
PC-5012,3460,1,229,3460,2010-01-04,2011-05-16,346,0,0
PC-5015,3450,1,80,3450,2010-01-04,2011-05-16,345,0,0
PC-5016,10034,1,206,10034,2010-01-04,2011-05-16,346,0,0
PC-5027,32870,1,265,32870,2010-01-04,2011-05-16,346,437,0
PC-5028,10034,1,71,10034,2010-01-04,2011-05-16,346,0,0
PC-5031,32870,1,115,32870,2010-01-04,2011-05-16,346,356,0
PC-5046,32870,1,108,32870,2010-01-04,2011-05-16,346,2043,0
PC-5053,39444,1,156,39444,2010-01-04,2011-05-16,346,0,0
PC-5061,10034,1,109,10034,2010-01-04,2011-05-16,346,0,0
PC-5066,10034,1,174,10034,2010-01-04,2011-05-16,346,0,0
PC-5081,32870,1,220,32870,2010-01-04,2011-05-16,346,536,0
PC-5082,1740,1,96,1740,2010-01-04,2010-09-08,174,266,0
PC-5083,18620,1,284,18620,2010-01-04,2010-10-08,196,0,0
PC-5087,32870,1,293,32870,2010-01-04,2011-05-16,346,3813,0
PC-5090,56052,1,361,56052,2010-01-04,2011-05-16,346,615,0
PC-5102,37368,1,109,37368,2010-01-04,2011-05-16,346,3732,0
PC-5106,56052,1,211,56052,2010-01-04,2011-05-16,346,2593,0
PC-5110,32870,1,178,32870,2010-01-04,2011-05-16,346,4909,0
PC-5117,52938,1,161,52938,2010-01-04,2011-05-16,346,2645,0
PC-5118,2850,1,106,2850,2010-01-04,2010-02-12,30,452,0
PC-5133,39444,1,88,39444,2010-01-04,2011-05-16,346,0,0
PC-5156,48095,1,271,48095,2010-01-02,2010-12-24,296,3181,6987
PC-5162,4818,1,213,4818,2010-01-04,2010-08-26,168,19,5
PC-5168,29293,1,154,29293,2010-01-04,2011-01-07,256,3501,0
PC-5179,41379,1,278,41379,2010-01-04,2011-05-16,346,4194,0
PC-5186,39388,1,166,39388,2010-01-04,2011-05-16,346,0,0
PC-5242,32870,1,141,32870,2010-01-04,2011-05-16,346,3430,0
PC-5250,56052,1,140,56052,2010-01-04,2011-05-16,346,3270,0
PC-5252,56052,1,195,56052,2010-01-04,2011-05-16,346,521,0
PC-5258,10034,1,117,10034,2010-01-04,2011-05-16,346,0,0
PC-5276,49335,1,210,49335,2010-01-04,2011-05-16,345,2120,0
PC-5282,3460,1,203,3460,2010-01-04,2011-05-16,346,184,0
PC-5289,55728,1,187,55728,2010-01-04,2011-05-16,344,2750,0
PC-5299,32870,1,224,32870,2010-01-04,2011-05-16,346,264,0
PC-5312,49478,1,135,49478,2010-01-04,2011-05-16,346,10133,0
PC-5329,3460,1,237,3460,2010-01-04,2011-05-16,346,204,0
PC-5337,56052,1,112,56052,2010-01-04,2011-05-16,346,504,0
PC-5338,56052,1,327,56052,2010-01-04,2011-05-16,346,511,0
PC-5343,10034,1,112,10034,2010-01-04,2011-05-16,346,2191,0
PC-5368,32870,1,238,32870,2010-01-04,2011-05-16,346,435,0
PC-5376,39444,1,92,39444,2010-01-04,2011-05-16,346,3871,0
PC-5382,56052,1,270,56052,2010-01-04,2011-05-16,346,2176,0
PC-5383,57510,1,209,57510,2010-01-04,2011-05-16,355,608,486
PC-5388,3460,1,123,3460,2010-01-04,2011-05-16,346,45,0
PC-5391,31140,1,179,31140,2010-01-04,2011-05-16,346,0,0
PC-5423,10034,1,137,10034,2010-01-04,2011-05-16,346,1001,0
PC-5425,49335,1,164,49335,2010-01-04,2011-05-16,345,471,0
PC-5454,32870,1,112,32870,2010-01-04,2011-05-16,346,1294,0
PC-5456,3460,1,157,3460,2010-01-04,2011-05-16,346,223,0
PC-5468,39444,1,135,39444,2010-01-04,2011-05-16,346,320,0
PC-5480,3460,1,120,3460,2010-01-04,2011-05-16,346,0,0
PC-5502,10005,1,85,10005,2010-01-04,2011-05-16,345,988,0
PC-5508,32870,1,186,32870,2010-01-04,2011-05-16,346,3046,0
PC-5518,3460,1,138,3460,2010-01-04,2011-05-16,346,0,0
PC-5552,56052,1,207,56052,2010-01-04,2011-05-16,346,1840,0
PC-5562,56052,1,141,56052,2010-01-04,2011-05-16,346,581,0
PC-5595,39444,1,285,39444,2010-01-04,2011-05-16,346,4552,0
PC-5599,65740,1,206,65740,2010-01-04,2011-05-16,346,0,0
PC-5611,1674,1,63,1674,2010-01-04,2010-08-12,156,0,0
PC-5621,3460,1,139,3460,2010-01-04,2011-05-16,346,61,0
PC-5635,40972,1,179,40972,2010-01-04,2010-12-14,242,472,0
PC-5647,3460,1,142,3460,2010-01-04,2011-05-16,346,0,0
PC-5648,10034,1,140,10034,2010-01-04,2011-05-16,346,0,0
PC-5660,56052,1,160,56052,2010-01-04,2011-05-16,346,635,0
PC-5673,10034,1,132,10034,2010-01-04,2011-05-16,346,0,0
PC-5702,31140,1,251,31140,2010-01-04,2011-05-16,346,0,0
PC-5717,10034,1,276,10034,2010-01-04,2011-05-16,346,2147,0
PC-5735,39400,1,142,39400,2010-01-04,2011-05-16,346,0,0
PC-5758,14123,1,154,14123,2010-01-02,2011-05-16,487,1538,3973
PC-5762,56052,1,156,56052,2010-01-04,2011-05-16,346,612,0
PC-5764,10034,1,166,10034,2010-01-04,2011-05-16,346,0,0
PC-5775,22354,1,228,22354,2010-01-04,2010-12-03,234,0,0
PC-5781,3460,1,57,3460,2010-01-04,2011-05-16,346,0,0
PC-5785,10005,1,146,10005,2010-01-04,2011-05-16,345,0,0
PC-5799,28970,1,250,28970,2010-01-04,2011-01-06,255,2397,0
PC-5820,20118,1,174,20118,2010-01-04,2010-09-10,176,1911,0
PC-5833,49478,1,115,49478,2010-01-04,2011-05-16,346,787,0
PC-5843,5684,1,128,5684,2010-01-04,2010-10-08,196,67,0
PC-5845,9660,1,129,9660,2010-01-04,2011-04-11,322,0,0
PC-5852,32870,1,128,32870,2010-01-04,2011-05-16,346,1608,0
PC-5864,10034,1,101,10034,2010-01-04,2011-05-16,346,934,0
PC-5866,49478,1,161,49478,2010-01-04,2011-05-16,346,4424,0
PC-5873,98610,1,129,98610,2010-01-04,2011-05-16,346,0,0
PC-5883,13530,1,240,13530,2010-01-02,2011-05-16,451,0,2970
PC-5909,32870,1,244,32870,2010-01-04,2011-05-16,346,340,0
PC-5910,56052,1,133,56052,2010-01-04,2011-05-16,346,2250,0
PC-5920,39444,1,195,39444,2010-01-04,2011-05-16,346,4015,0
PC-5923,32870,1,200,32870,2010-01-04,2011-05-16,346,0,0
PC-5927,32870,1,279,32870,2010-01-04,2011-05-16,346,575,0
PC-5941,3520,1,143,3520,2010-01-04,2011-05-16,352,0,20
PC-5952,10034,1,178,10034,2010-01-04,2011-05-16,346,0,0
PC-5977,56052,1,221,56052,2010-01-04,2011-05-16,346,0,0
PC-6009,32775,1,179,32775,2010-01-04,2011-05-16,345,514,0
PC-6016,63990,1,141,63990,2010-01-04,2011-05-16,395,1890,6318
PC-6020,32870,1,271,32870,2010-01-04,2011-05-16,346,0,0
PC-6027,32775,1,122,32775,2010-01-04,2011-05-16,345,299,0
PC-6031,19097,1,262,19097,2010-01-04,2010-10-15,201,305,0
PC-6032,44840,1,223,44840,2010-01-02,2011-05-16,472,6787,11210
PC-6034,32870,1,224,32870,2010-01-04,2011-05-16,346,382,0
PC-6035,10034,1,171,10034,2010-01-04,2011-05-16,346,0,0
PC-6055,24506,1,116,24506,2010-01-04,2010-11-03,214,0,0
PC-6056,36450,1,262,36450,2010-01-02,2011-05-16,405,5316,4590
PC-6101,3460,1,92,3460,2010-01-04,2011-05-16,346,322,0
PC-6103,2548,1,158,2548,2010-01-04,2010-12-15,242,132,0
PC-6105,56052,1,230,56052,2010-01-04,2011-05-16,346,2683,0
PC-6112,3460,1,124,3460,2010-01-04,2011-05-16,346,0,0
PC-6113,41990,1,171,41990,2010-01-03,2011-05-16,442,0,8835
PC-6119,32870,1,158,32870,2010-01-04,2011-05-16,346,2255,0
PC-6156,52938,1,182,52938,2010-01-04,2011-05-16,346,0,0
PC-6157,22325,1,171,22325,2010-01-04,2010-12-06,235,250,0
PC-6159,32775,1,222,32775,2010-01-04,2011-05-16,345,376,0
PC-6163,40500,1,272,40500,2010-01-02,2011-05-16,450,640,8820
PC-6165,32775,1,155,32775,2010-01-04,2011-05-16,345,422,0
PC-6173,32870,1,189,32870,2010-01-04,2011-05-16,346,313,0
PC-6175,49335,1,240,49335,2010-01-04,2011-05-16,345,443,0
PC-6183,32870,1,308,32870,2010-01-04,2011-05-16,346,1405,0
PC-6184,14239,1,106,14239,2010-01-02,2011-05-16,491,1692,4147
PC-6194,32870,1,148,32870,2010-01-04,2011-05-16,346,292,0
PC-6204,12325,1,293,12325,2010-01-02,2011-05-16,425,0,2088
PC-6215,3460,1,123,3460,2010-01-04,2011-05-16,346,290,0
PC-6221,10034,1,118,10034,2010-01-04,2011-05-16,346,77,0
PC-6232,56052,1,169,56052,2010-01-04,2011-05-16,346,2086,0
PC-6233,56052,1,281,56052,2010-01-04,2011-05-16,346,521,0
PC-6239,56052,1,157,56052,2010-01-04,2011-05-16,346,4092,0
PC-6247,32870,1,190,32870,2010-01-04,2011-05-16,346,3369,0
PC-6249,13427,1,124,13427,2010-01-02,2011-05-16,463,0,3277
PC-6250,39444,1,350,39444,2010-01-04,2011-05-16,346,0,0
PC-6251,50220,1,114,50220,2010-01-04,2011-03-24,310,0,0
PC-6255,2291,1,124,2291,2010-01-04,2010-11-24,229,30,0
PC-6258,10034,1,209,10034,2010-01-04,2011-05-16,346,0,0
PC-6260,10034,1,170,10034,2010-01-04,2011-05-16,346,0,0
PC-6263,39444,1,212,39444,2010-01-04,2011-05-16,346,0,0
PC-6264,10005,1,122,10005,2010-01-04,2011-05-16,345,0,0
PC-6266,32870,1,195,32870,2010-01-04,2011-05-16,346,5083,0
PC-6269,56052,1,198,56052,2010-01-04,2011-05-16,346,606,0
PC-6282,32870,1,197,32870,2010-01-04,2011-05-16,346,340,0
PC-6286,49478,1,154,49478,2010-01-04,2011-05-16,346,2715,0
PC-6288,32870,1,168,32870,2010-01-04,2011-05-16,346,0,0
PC-6301,3670,1,94,3670,2010-01-04,2011-05-16,367,44,150
PC-6305,16608,1,183,16608,2010-01-04,2011-05-16,346,0,0
PC-6310,32870,1,265,32870,2010-01-04,2011-05-16,346,528,0
PC-6324,3460,1,173,3460,2010-01-04,2011-05-16,346,0,0
PC-6349,51900,1,81,51900,2010-01-04,2011-05-16,346,5396,0
PC-6377,12885,1,223,12885,2010-01-04,2010-06-11,113,1162,0
PC-6380,31917,1,353,31917,2010-01-04,2010-10-11,197,116,0
PC-6381,3460,1,151,3460,2010-01-04,2011-05-16,346,0,0
PC-6382,3402,1,202,3402,2010-01-04,2011-05-16,378,314,261
PC-6390,34600,1,388,34600,2010-01-04,2011-05-16,346,382,0
PC-6402,65740,1,279,65740,2010-01-04,2011-05-16,346,0,0
PC-6417,32870,1,214,32870,2010-01-04,2011-05-16,346,2440,0
PC-6419,3460,1,120,3460,2010-01-04,2011-05-16,346,54,0
PC-6425,13442,1,269,13442,2010-01-04,2010-06-18,118,1328,0
PC-6477,3460,1,106,3460,2010-01-04,2011-05-16,346,0,0
PC-6478,3460,1,145,3460,2010-01-04,2011-05-16,346,56,0
PC-6498,10005,1,107,10005,2010-01-04,2011-05-16,345,0,0
PC-6499,55890,1,179,55890,2010-01-04,2011-05-16,345,0,0
PC-6519,32870,1,198,32870,2010-01-04,2011-05-16,346,353,0
PC-6523,32870,1,83,32870,2010-01-04,2011-05-16,346,2241,0
PC-6538,3045,1,123,3045,2010-01-04,2010-06-01,105,0,0
PC-6539,60489,1,360,60489,2010-01-03,2011-05-16,423,7425,10010
PC-6544,3460,1,165,3460,2010-01-04,2011-05-16,346,502,0
PC-6566,10034,1,158,10034,2010-01-04,2011-05-16,346,0,0
PC-6581,32870,1,256,32870,2010-01-04,2011-05-16,346,219,0
PC-6601,3450,1,235,3450,2010-01-04,2011-05-16,345,0,0
PC-6602,10034,1,117,10034,2010-01-04,2011-05-16,346,991,0
PC-6609,56052,1,225,56052,2010-01-04,2011-05-16,346,3212,0
PC-6610,32870,1,143,32870,2010-01-04,2011-05-16,346,372,0
PC-6612,10034,1,134,10034,2010-01-04,2011-05-16,346,0,0
PC-6621,22610,1,192,22610,2010-01-04,2010-12-09,238,219,0
PC-6632,10034,1,111,10034,2010-01-04,2011-05-16,346,0,0
PC-6634,39354,1,244,39354,2010-01-04,2011-05-16,346,3502,0
PC-6637,3460,1,52,3460,2010-01-04,2011-05-16,346,214,0
PC-6638,56052,1,238,56052,2010-01-04,2011-05-16,346,615,0
PC-6643,39444,1,163,39444,2010-01-04,2011-05-16,346,4072,0
PC-6665,3460,1,142,3460,2010-01-04,2011-05-16,346,0,0
PC-6672,7220,1,131,7220,2010-01-02,2010-04-01,76,81,1140
PC-6681,56052,1,94,56052,2010-01-04,2011-05-16,346,0,0
PC-6688,34600,1,140,34600,2010-01-04,2011-05-16,346,2489,0
PC-6692,32870,1,97,32870,2010-01-04,2011-05-16,346,1550,0
PC-6694,3460,1,103,3460,2010-01-04,2011-05-16,346,468,0
PC-6699,38095,1,166,38095,2010-01-02,2011-05-16,401,3796,5035
PC-6706,32775,1,132,32775,2010-01-04,2011-05-16,345,0,0
PC-6711,39408,1,204,39408,2010-01-04,2011-05-16,346,3732,0
PC-6713,65934,1,174,65934,2010-01-02,2011-05-16,407,3673,8910
PC-6720,25764,1,199,25764,2010-01-04,2010-11-19,226,0,0
PC-6741,27375,1,254,27375,2010-01-04,2011-02-21,287,424,0
PC-6755,3460,1,84,3460,2010-01-04,2011-05-16,346,458,0
PC-6756,39444,1,142,39444,2010-01-04,2011-05-16,346,0,0
PC-6776,3460,1,107,3460,2010-01-04,2011-05-16,346,229,0
PC-6779,32870,1,197,32870,2010-01-04,2011-05-16,346,0,0
PC-6786,10034,1,208,10034,2010-01-04,2011-05-16,346,0,0
PC-6789,10034,1,115,10034,2010-01-04,2011-05-16,346,2200,0
PC-6793,2963,1,171,2963,2010-01-04,2011-03-04,297,405,1
PC-6797,4200,1,111,4200,2010-01-02,2011-05-16,420,57,640
PC-6807,10034,1,139,10034,2010-01-04,2011-05-16,346,112,0
PC-6809,32775,1,176,32775,2010-01-04,2011-05-16,345,325,0
PC-6824,39444,1,303,39444,2010-01-04,2011-05-16,346,3342,0
PC-6846,32870,1,198,32870,2010-01-04,2011-05-16,346,3144,0
PC-6866,10672,1,109,10672,2010-01-04,2011-05-16,368,97,464
PC-6913,32870,1,181,32870,2010-01-04,2011-05-16,346,278,0
PC-6933,32870,1,106,32870,2010-01-04,2011-05-16,346,3267,0
PC-6956,39444,1,232,39444,2010-01-04,2011-05-16,346,0,0
PC-6960,32870,1,245,32870,2010-01-04,2011-05-16,346,259,0
PC-6971,32870,1,217,32870,2010-01-04,2011-05-16,346,278,0
PC-6980,30330,1,153,30330,2010-01-04,2011-04-05,318,0,0
PC-6985,3460,1,166,3460,2010-01-04,2011-05-16,346,470,0
PC-6988,32870,1,97,32870,2010-01-04,2011-05-16,346,0,0
PC-7007,56052,1,133,56052,2010-01-04,2011-05-16,346,0,0
PC-7019,32870,1,101,32870,2010-01-04,2011-05-16,346,3193,0
PC-7029,10034,1,230,10034,2010-01-04,2011-05-16,346,293,0
PC-7031,32775,1,284,32775,2010-01-04,2011-05-16,345,281,0
PC-7039,32870,1,246,32870,2010-01-04,2011-05-16,346,376,0
PC-7052,65740,1,345,65740,2010-01-04,2011-05-16,346,2498,0
PC-7082,10034,1,255,10034,2010-01-04,2011-05-16,346,0,0
PC-7088,40850,1,210,40850,2010-01-03,2011-05-16,430,1928,7600
PC-7091,3460,1,99,3460,2010-01-04,2011-05-16,346,0,0
PC-7102,10034,1,135,10034,2010-01-04,2011-05-16,346,0,0
PC-7107,32870,1,145,32870,2010-01-04,2011-05-16,346,1193,0
PC-7109,39444,1,201,39444,2010-01-04,2011-05-16,346,2048,0
PC-7145,24605,1,114,24605,2010-01-04,2011-01-12,259,414,0
PC-7146,32870,1,296,32870,2010-01-04,2011-05-16,346,3201,0
PC-7160,3450,1,78,3450,2010-01-04,2011-05-16,345,282,0
PC-7162,32870,1,177,32870,2010-01-04,2011-05-16,346,0,0
PC-7174,32870,1,228,32870,2010-01-04,2011-05-16,346,3419,0
PC-7188,45315,1,252,45315,2010-01-02,2011-05-16,477,6098,11590
PC-7206,43049,1,329,43049,2010-01-04,2011-01-20,265,0,0
PC-7207,34600,1,238,34600,2010-01-04,2011-05-16,346,241,0
PC-7219,10034,1,124,10034,2010-01-04,2011-05-16,346,1018,0
PC-7236,56052,1,216,56052,2010-01-04,2011-05-16,346,4171,0
PC-7238,10034,1,102,10034,2010-01-04,2011-05-16,346,1031,0
PC-7243,49478,1,285,49478,2010-01-04,2011-05-16,346,471,0
PC-7264,3460,1,104,3460,2010-01-04,2011-05-16,346,47,0
PC-7275,10875,1,140,10875,2010-01-04,2011-05-16,375,0,783
PC-7295,16720,1,175,16720,2010-01-03,2010-07-19,176,621,3325
PC-7309,39330,1,115,39330,2010-01-04,2011-05-16,345,2548,0
PC-7310,3460,1,199,3460,2010-01-04,2011-05-16,346,0,0
PC-7311,3460,1,154,3460,2010-01-04,2011-05-16,346,0,0
PC-7342,56052,1,356,56052,2010-01-04,2011-05-16,346,2023,0
PC-7343,56052,1,82,56052,2010-01-04,2011-05-16,346,497,0
PC-7345,21660,1,80,21660,2010-01-04,2010-11-23,228,206,0
PC-7357,32870,1,357,32870,2010-01-04,2011-05-16,346,0,0
PC-7375,32870,1,271,32870,2010-01-04,2011-05-16,346,3662,0
PC-7384,30812,1,393,30812,2010-01-04,2011-04-12,323,352,0
PC-7387,10005,1,148,10005,2010-01-04,2011-05-16,345,2122,0
PC-7399,3460,1,150,3460,2010-01-04,2011-05-16,346,44,0
PC-7400,3460,1,170,3460,2010-01-04,2011-05-16,346,312,0
PC-7401,39444,1,121,39444,2010-01-04,2011-05-16,346,348,0
PC-7408,32760,1,196,32760,2010-01-04,2011-05-16,364,360,1530
PC-7416,3114,1,107,3114,2010-01-04,2011-05-16,346,72,0
PC-7425,3460,1,119,3460,2010-01-04,2011-05-16,346,0,0
PC-7435,32870,1,171,32870,2010-01-04,2011-05-16,346,3523,0
PC-7445,39444,1,179,39444,2010-01-04,2011-05-16,346,4667,0
PC-7470,8845,1,151,8845,2010-01-04,2011-03-17,305,0,0
PC-7478,32870,1,213,32870,2010-01-04,2011-05-16,346,497,0
PC-7500,77760,1,213,77760,2010-01-02,2011-05-16,480,690,20088
PC-7502,56052,1,238,56052,2010-01-04,2011-05-16,346,2523,0
PC-7508,32870,1,138,32870,2010-01-04,2011-05-16,346,1442,0
PC-7525,3460,1,83,3460,2010-01-04,2011-05-16,346,529,0
PC-7527,32870,1,284,32870,2010-01-04,2011-05-16,346,563,0
PC-7528,56052,1,354,56052,2010-01-04,2011-05-16,346,0,0
PC-7539,550,1,57,550,2010-01-04,2010-03-19,55,6,0
PC-7543,15418,1,222,15418,2010-01-04,2010-08-19,161,153,0
PC-7552,32775,1,162,32775,2010-01-04,2011-05-16,345,329,0
PC-7558,42800,1,173,42800,2010-01-03,2011-05-16,428,714,8100
PC-7560,10005,1,75,10005,2010-01-04,2011-05-16,345,0,0
PC-7572,32870,1,203,32870,2010-01-04,2011-05-16,346,0,0
PC-7595,56052,1,157,56052,2010-01-04,2011-05-16,346,2448,0
PC-7609,49192,1,222,49192,2010-01-04,2011-05-12,344,2700,0
PC-7614,56052,1,225,56052,2010-01-04,2011-05-16,346,2559,0
PC-7623,21377,1,285,21377,2010-01-04,2010-11-18,226,271,6
PC-7651,31140,1,136,31140,2010-01-04,2011-05-16,346,2893,0
PC-7655,32870,1,169,32870,2010-01-04,2011-05-16,346,597,0
PC-7695,10034,1,138,10034,2010-01-04,2011-05-16,346,0,0
PC-7699,27464,1,211,27464,2010-01-04,2011-02-22,288,326,0
PC-7702,2510,1,88,2510,2010-01-04,2010-12-30,251,338,0
PC-7708,3450,1,115,3450,2010-01-04,2011-05-16,345,308,0
PC-7733,32870,1,224,32870,2010-01-04,2011-05-16,346,2186,0
PC-7751,3820,1,108,3820,2010-01-04,2011-05-16,382,370,310
PC-7756,6641,1,142,6641,2010-01-04,2010-11-24,229,680,0
PC-7757,3460,1,126,3460,2010-01-04,2011-05-16,346,0,0
PC-7770,32870,1,160,32870,2010-01-04,2011-05-16,346,352,0
PC-7774,56052,1,314,56052,2010-01-04,2011-05-16,346,0,0
PC-7775,3460,1,83,3460,2010-01-04,2011-05-16,346,495,0
PC-7779,32870,1,184,32870,2010-01-04,2011-05-16,346,0,0
PC-7811,10034,1,197,10034,2010-01-04,2011-05-16,346,0,0
PC-7827,56052,1,177,56052,2010-01-04,2011-05-16,346,413,0
PC-7839,3460,1,67,3460,2010-01-04,2011-05-16,346,438,0
PC-7843,10005,1,109,10005,2010-01-04,2011-05-16,345,0,0
PC-7865,31050,1,137,31050,2010-01-04,2011-05-16,345,0,0
PC-7879,56052,1,190,56052,2010-01-04,2011-05-16,346,502,0
PC-7880,32870,1,205,32870,2010-01-04,2011-05-16,346,6828,0
PC-7886,56052,1,122,56052,2010-01-04,2011-05-16,346,2873,0
PC-7899,39444,1,155,39444,2010-01-04,2011-05-16,346,4384,0
PC-7902,3460,1,133,3460,2010-01-04,2011-05-16,346,54,0
PC-7903,39444,1,222,39444,2010-01-04,2011-05-16,346,0,0
PC-7913,32870,1,253,32870,2010-01-04,2011-05-16,346,3099,0
PC-7931,32870,1,177,32870,2010-01-04,2011-05-16,346,1023,0
PC-7933,3460,1,112,3460,2010-01-04,2011-05-16,346,293,0
PC-7941,32870,1,262,32870,2010-01-04,2011-05-16,346,3528,0
PC-7964,3460,1,72,3460,2010-01-04,2011-05-16,346,210,0
PC-7965,10034,1,151,10034,2010-01-04,2011-05-16,346,2130,0
PC-7973,3460,1,98,3460,2010-01-04,2011-05-16,346,0,0
PC-7974,3460,1,67,3460,2010-01-04,2011-05-16,346,172,0
PC-7979,57629,1,234,57629,2010-01-02,2011-05-16,403,2903,7436
PC-7989,69822,1,239,69822,2010-01-03,2011-05-16,431,415,13122
PC-7998,10034,1,139,10034,2010-01-04,2011-05-16,346,0,0
PC-8001,57000,1,142,57000,2010-01-02,2011-05-16,475,180,14520
PC-8014,24130,1,190,24130,2010-01-04,2011-01-05,254,2392,0
PC-8052,5225,1,90,5225,2010-01-04,2010-03-19,55,0,0
PC-8055,56052,1,121,56052,2010-01-04,2011-05-16,346,2929,0
PC-8067,13170,1,255,13170,2010-01-03,2011-05-16,439,0,2640
PC-8087,10034,1,117,10034,2010-01-04,2011-05-16,346,2233,0
PC-8089,3460,1,100,3460,2010-01-04,2011-05-16,346,0,0
PC-8097,3460,1,137,3460,2010-01-04,2011-05-16,346,213,0
PC-8105,32870,1,338,32870,2010-01-04,2011-05-16,346,686,0
PC-8118,4250,1,129,4250,2010-01-03,2011-05-16,425,423,740
PC-8127,32870,1,147,32870,2010-01-04,2011-05-16,346,4072,0
PC-8138,10005,1,76,10005,2010-01-04,2011-05-16,345,2138,0
PC-8144,10034,1,248,10034,2010-01-04,2011-05-16,346,1025,0
PC-8148,39444,1,309,39444,2010-01-04,2011-05-16,346,0,0
PC-8149,23652,1,176,23652,2010-01-04,2010-07-29,146,931,0
PC-8164,3460,1,185,3460,2010-01-04,2011-05-16,346,224,0
PC-8190,32870,1,200,32870,2010-01-04,2011-05-16,346,1196,0
PC-8192,15028,1,211,15028,2010-01-04,2010-08-13,157,2233,0
PC-8211,3460,1,174,3460,2010-01-04,2011-05-16,346,0,0
PC-8214,56052,1,225,56052,2010-01-04,2011-05-16,346,522,0
PC-8219,61047,1,159,61047,2010-01-04,2011-05-16,399,679,6732
PC-8239,10034,1,229,10034,2010-01-04,2011-05-16,346,0,0
PC-8245,3460,1,144,3460,2010-01-04,2011-05-16,346,506,0
PC-8252,10034,1,110,10034,2010-01-04,2011-05-16,346,968,0
PC-8262,13080,1,239,13080,2010-01-03,2011-05-16,436,0,2610
PC-8267,64152,1,370,64152,2010-01-02,2011-05-16,396,666,6804
PC-8277,32870,1,312,32870,2010-01-04,2011-05-16,346,576,0
PC-8290,3460,1,65,3460,2010-01-04,2011-05-16,346,0,0
PC-8296,39444,1,108,39444,2010-01-04,2011-05-16,346,432,0
PC-8303,56052,1,217,56052,2010-01-04,2011-05-16,346,572,0
PC-8309,56052,1,413,56052,2010-01-04,2011-05-16,346,2170,0
PC-8314,10034,1,282,10034,2010-01-04,2011-05-16,346,2153,0
PC-8318,10034,1,110,10034,2010-01-04,2011-05-16,346,0,0
PC-8330,3460,1,203,3460,2010-01-04,2011-05-16,346,457,0
PC-8331,27018,1,149,27018,2010-01-04,2010-12-08,237,0,0
PC-8354,56052,1,321,56052,2010-01-04,2011-05-16,346,511,0
PC-8370,63492,1,269,63492,2010-01-02,2011-05-16,444,4234,13585
PC-8391,31050,1,181,31050,2010-01-04,2011-05-16,345,564,0
PC-8396,32870,1,113,32870,2010-01-04,2011-05-16,346,377,0
PC-8397,49478,1,302,49478,2010-01-04,2011-05-16,346,2540,0
PC-8404,32870,1,156,32870,2010-01-04,2011-05-16,346,1084,0
PC-8410,10034,1,123,10034,2010-01-04,2011-05-16,346,959,0
PC-8422,32870,1,224,32870,2010-01-04,2011-05-16,346,4788,0
PC-8443,56052,1,193,56052,2010-01-04,2011-05-16,346,2032,0
PC-8453,49335,1,138,49335,2010-01-04,2011-05-16,345,2450,0
PC-8457,32870,1,213,32870,2010-01-04,2011-05-16,346,2215,0
PC-8462,32775,1,281,32775,2010-01-04,2011-05-16,345,0,0
PC-8466,10005,1,90,10005,2010-01-04,2011-05-16,345,0,0
PC-8486,49478,1,196,49478,2010-01-04,2011-05-16,346,0,0
PC-8493,10005,1,157,10005,2010-01-04,2011-05-16,345,0,0
PC-8494,10380,1,195,10380,2010-01-04,2011-05-16,346,213,0
PC-8501,2110,1,102,2110,2010-01-04,2010-10-29,211,197,0
PC-8505,3460,1,144,3460,2010-01-04,2011-05-16,346,0,0
PC-8507,370,1,94,370,2010-01-04,2010-02-23,37,0,0
PC-8508,10034,1,216,10034,2010-01-04,2011-05-16,346,2250,0
PC-8517,9976,1,142,9976,2010-01-04,2011-05-16,344,0,0
PC-8526,3460,1,125,3460,2010-01-04,2011-05-16,346,0,0
PC-8541,3460,1,78,3460,2010-01-04,2011-05-16,346,159,0
PC-8556,56052,1,274,56052,2010-01-04,2011-05-16,346,2849,0
PC-8560,3460,1,128,3460,2010-01-04,2011-05-16,346,316,0
PC-8568,45522,1,203,45522,2010-01-04,2011-02-11,281,436,0
PC-8591,10034,1,120,10034,2010-01-04,2011-05-16,346,1028,0
PC-8592,55890,1,265,55890,2010-01-04,2011-05-16,345,2861,0
PC-8610,32870,1,276,32870,2010-01-04,2011-05-16,346,537,0
PC-8619,3460,1,79,3460,2010-01-04,2011-05-16,346,0,0
PC-8632,3460,1,177,3460,2010-01-04,2011-05-16,346,193,0
PC-8651,42445,1,360,42445,2010-01-04,2011-05-16,373,0,1992
PC-8654,32870,1,198,32870,2010-01-04,2011-05-16,346,1294,0
PC-8669,1893,1,142,1893,2010-01-04,2010-10-28,211,13,2
PC-8680,39420,1,285,39420,2010-01-04,2011-05-16,346,0,0
PC-8711,10034,1,136,10034,2010-01-04,2011-05-16,346,0,0
PC-8714,56052,1,243,56052,2010-01-04,2011-05-16,346,2709,0
PC-8720,2891,1,135,2891,2010-01-04,2011-02-23,290,297,1
PC-8724,3460,1,79,3460,2010-01-04,2011-05-16,346,212,0
PC-8732,10034,1,106,10034,2010-01-04,2011-05-16,346,99,0
PC-8733,56052,1,335,56052,2010-01-04,2011-05-16,346,2739,0
PC-8734,32870,1,111,32870,2010-01-04,2011-05-16,346,478,0
PC-8739,10005,1,306,10005,2010-01-04,2011-05-16,345,39,0
PC-8758,32870,1,265,32870,2010-01-04,2011-05-16,346,1316,0
PC-8761,56052,1,376,56052,2010-01-04,2011-05-16,346,0,0
PC-8782,3450,1,120,3450,2010-01-04,2011-05-16,345,0,0
PC-8790,2453,1,74,2453,2010-01-03,2010-10-16,245,12,419
PC-8793,49335,1,198,49335,2010-01-04,2011-05-16,345,2337,0
PC-8800,32870,1,202,32870,2010-01-04,2011-05-16,346,293,0
PC-8804,32870,1,274,32870,2010-01-04,2011-05-16,346,1568,0
PC-8806,3460,1,178,3460,2010-01-04,2011-05-16,346,202,0
PC-8816,3460,1,201,3460,2010-01-04,2011-05-16,346,0,0
PC-8827,32775,1,299,32775,2010-01-04,2011-05-16,345,295,0
PC-8830,32870,1,115,32870,2010-01-04,2011-05-16,346,392,0
PC-8845,39209,1,138,39209,2010-01-04,2011-05-16,345,3565,0
PC-8851,98610,1,165,98610,2010-01-04,2011-05-16,346,15460,0
PC-8853,32870,1,149,32870,2010-01-04,2011-05-16,346,5052,0
PC-8859,21093,1,183,21093,2010-01-04,2010-11-15,222,2788,0
PC-8863,16055,1,113,16055,2010-01-04,2010-08-31,169,151,0
PC-8864,56052,1,228,56052,2010-01-04,2011-05-16,346,641,0
PC-8865,22744,1,113,22744,2010-01-04,2010-10-15,201,2129,0
PC-8871,49478,1,320,49478,2010-01-04,2011-05-16,346,3645,0
PC-8874,39304,1,245,39304,2010-01-04,2011-05-16,346,3429,0
PC-8884,32870,1,227,32870,2010-01-04,2011-05-16,346,1363,0
PC-8893,36670,1,215,36670,2010-01-02,2011-05-16,386,3794,3135
PC-8908,40185,1,112,40185,2010-01-04,2011-02-14,281,2296,0
PC-8915,49478,1,230,49478,2010-01-04,2011-05-16,346,0,0
PC-8916,10545,1,92,10545,2010-01-04,2010-06-09,111,629,0
PC-8932,32870,1,195,32870,2010-01-04,2011-05-16,346,4329,0
PC-8989,56052,1,286,56052,2010-01-04,2011-05-16,346,560,0
PC-9000,32870,1,218,32870,2010-01-04,2011-05-16,346,256,0
PC-9010,32870,1,248,32870,2010-01-04,2011-05-16,346,1308,0
PC-9028,32870,1,123,32870,2010-01-04,2011-05-16,346,302,0
PC-9040,16859,1,151,16859,2010-01-04,2010-09-10,176,3468,0
PC-9066,49708,1,242,49708,2010-01-04,2011-03-18,306,478,0
PC-9067,8046,1,72,8046,2010-01-04,2011-03-08,298,133,0
PC-9080,49478,1,157,49478,2010-01-04,2011-05-16,346,2701,0
PC-9083,4020,1,88,4020,2010-01-02,2011-05-16,402,36,520
PC-9087,13490,1,178,13490,2010-01-04,2010-07-23,142,627,0
PC-9094,3460,1,41,3460,2010-01-04,2011-05-16,346,466,0
PC-9108,32870,1,192,32870,2010-01-04,2011-05-16,346,407,0
PC-9110,39375,1,303,39375,2010-01-04,2011-05-16,346,3736,0
PC-9134,32870,1,251,32870,2010-01-04,2011-05-16,346,319,0
PC-9136,32870,1,212,32870,2010-01-04,2011-05-16,346,347,0
PC-9140,31140,1,195,31140,2010-01-04,2011-05-16,346,0,0
PC-9156,34500,1,187,34500,2010-01-04,2011-05-16,345,351,0
PC-9166,3460,1,118,3460,2010-01-04,2011-05-16,346,40,0
PC-9171,56052,1,215,56052,2010-01-04,2011-05-16,346,568,0
PC-9174,32870,1,286,32870,2010-01-04,2011-05-16,346,6971,0
PC-9179,32870,1,119,32870,2010-01-04,2011-05-16,346,0,0
PC-9183,32775,1,332,32775,2010-01-04,2011-05-16,345,2871,0
PC-9184,3460,1,100,3460,2010-01-04,2011-05-16,346,327,0
PC-9196,3460,1,160,3460,2010-01-04,2011-05-16,346,323,0
PC-9208,65740,1,248,65740,2010-01-04,2011-05-16,346,4179,0
PC-9219,32870,1,108,32870,2010-01-04,2011-05-16,346,392,0
PC-9227,34600,1,194,34600,2010-01-04,2011-05-16,346,406,0
PC-9245,56052,1,276,56052,2010-01-04,2011-05-16,346,3191,0
PC-9254,56052,1,161,56052,2010-01-04,2011-05-16,346,588,0
PC-9255,39270,1,363,39270,2010-01-04,2011-05-16,345,3925,0
PC-9261,32870,1,249,32870,2010-01-04,2011-05-16,346,0,0
PC-9268,10034,1,66,10034,2010-01-04,2011-05-16,346,2138,0
PC-9292,32870,1,271,32870,2010-01-04,2011-05-16,346,305,0
PC-9304,10034,1,216,10034,2010-01-04,2011-05-16,346,2142,0
PC-9311,3450,1,90,3450,2010-01-04,2011-05-16,345,0,0
PC-9324,31140,1,198,31140,2010-01-04,2011-05-16,346,707,0
PC-9328,39444,1,197,39444,2010-01-04,2011-05-16,346,3836,0
PC-9348,56052,1,230,56052,2010-01-04,2011-05-16,346,471,0
PC-9353,40128,1,160,40128,2010-01-02,2011-02-04,352,0,7980
PC-9358,39444,1,230,39444,2010-01-04,2011-05-16,346,0,0
PC-9367,49478,1,291,49478,2010-01-04,2011-05-16,346,2444,0
PC-9379,24302,1,190,24302,2010-01-04,2010-08-04,150,492,0
PC-9390,32870,1,234,32870,2010-01-04,2011-05-16,346,314,0
PC-9403,32870,1,91,32870,2010-01-04,2011-05-16,346,0,0
PC-9408,44232,1,191,44232,2010-01-04,2011-05-16,388,427,4788
PC-9423,32870,1,340,32870,2010-01-04,2011-05-16,346,0,0
PC-9427,32870,1,104,32870,2010-01-04,2011-05-16,346,990,0
PC-9436,17878,1,234,17878,2010-01-04,2010-08-13,157,1897,0
PC-9460,56052,1,226,56052,2010-01-04,2011-05-16,346,2267,0
PC-9461,57024,1,122,57024,2010-01-04,2011-05-16,352,794,162
PC-9473,32870,1,238,32870,2010-01-04,2011-05-16,346,2287,0
PC-9489,53298,1,205,53298,2010-01-04,2011-04-20,329,0,0
PC-9507,32870,1,336,32870,2010-01-04,2011-05-16,346,3198,0
PC-9508,10034,1,186,10034,2010-01-04,2011-05-16,346,0,0
PC-9523,32870,1,208,32870,2010-01-04,2011-05-16,346,288,0
PC-9524,15390,1,153,15390,2010-01-04,2010-08-20,162,198,0
PC-9547,28120,1,307,28120,2010-01-04,2011-03-04,296,517,0
PC-9549,10034,1,66,10034,2010-01-04,2011-05-16,346,0,0
PC-9564,39239,1,254,39239,2010-01-04,2011-05-16,345,3397,0
PC-9582,33535,1,237,33535,2010-01-04,2011-05-16,353,903,760
PC-9586,32870,1,120,32870,2010-01-04,2011-05-16,346,3983,0
PC-9612,56052,1,196,56052,2010-01-04,2011-05-16,346,507,0
PC-9627,3460,1,187,3460,2010-01-04,2011-05-16,346,321,0
PC-9643,3460,1,253,3460,2010-01-04,2011-05-16,346,0,0
PC-9647,56052,1,305,56052,2010-01-04,2011-05-16,346,2523,0
PC-9653,56052,1,142,56052,2010-01-04,2011-05-16,346,558,0
PC-9658,56052,1,316,56052,2010-01-04,2011-05-16,346,0,0
PC-9661,3450,1,95,3450,2010-01-04,2011-05-16,345,326,0
PC-9669,56052,1,226,56052,2010-01-04,2011-05-16,346,2257,0
PC-9681,16026,1,217,16026,2010-01-04,2010-07-23,141,1668,0
PC-9687,39424,1,307,39424,2010-01-04,2011-05-16,346,0,0
PC-9706,32870,1,230,32870,2010-01-04,2011-05-16,346,1335,0
PC-9711,32870,1,155,32870,2010-01-04,2011-05-16,346,1268,0
PC-9714,3460,1,173,3460,2010-01-04,2011-05-16,346,311,0
PC-9744,49478,1,247,49478,2010-01-04,2011-05-16,346,1395,0
PC-9747,3450,1,176,3450,2010-01-04,2011-05-16,345,304,0
PC-9770,39444,1,206,39444,2010-01-04,2011-05-16,346,5891,0
PC-9777,56052,1,261,56052,2010-01-04,2011-05-16,346,0,0
PC-9782,10034,1,73,10034,2010-01-04,2011-05-16,346,0,0
PC-9787,4210,1,194,4210,2010-01-03,2011-05-16,421,598,750
PC-9791,56052,1,241,56052,2010-01-04,2011-05-16,346,577,0
PC-9800,55890,1,330,55890,2010-01-04,2011-05-16,345,0,0
PC-9819,4420,1,141,4420,2010-01-03,2011-05-16,442,420,890
PC-9822,7398,1,188,7398,2010-01-02,2010-12-02,274,784,999
PC-9827,8091,1,69,8091,2010-01-04,2011-02-09,279,0,0
PC-9840,31690,1,264,31690,2010-01-04,2010-10-07,195,0,0
PC-9842,48533,1,241,48533,2010-01-02,2011-05-16,426,0,8778
PC-9850,3460,1,70,3460,2010-01-04,2011-05-16,346,41,0
PC-9873,39444,1,184,39444,2010-01-04,2011-05-16,346,3537,0
PC-9874,39444,1,271,39444,2010-01-04,2011-05-16,346,3232,0
PC-9881,32870,1,114,32870,2010-01-04,2011-05-16,346,2312,0
PC-9896,45500,1,139,45500,2010-01-02,2011-05-16,455,0,10100
PC-9901,43605,1,289,43605,2010-01-03,2011-05-16,459,451,10260
PC-9919,41040,1,131,41040,2010-01-04,2011-05-16,360,5428,1368
PC-9923,6498,1,127,6498,2010-01-04,2010-11-17,225,1417,4
PC-9926,59454,1,270,59454,2010-01-04,2011-05-16,367,2456,2430
PC-9929,32850,1,189,32850,2010-01-04,2011-05-16,365,2209,1440
PC-9931,32870,1,200,32870,2010-01-04,2011-05-16,346,384,0
PC-9939,31140,1,228,31140,2010-01-04,2011-05-16,346,301,0
PC-9947,39444,1,349,39444,2010-01-04,2011-05-16,346,0,0
PC-9966,65740,1,217,65740,2010-01-04,2011-05-16,346,2747,0
PC-9973,65740,1,126,65740,2010-01-04,2011-05-16,346,2826,0
PC-9979,3460,1,116,3460,2010-01-04,2011-05-16,346,37,0
PC-9988,32870,1,228,32870,2010-01-04,2011-05-16,346,307,0
PC-9999,56052,1,277,56052,2010-01-04,2011-05-16,346,599,0
