employee_name,user_id,O,C,E,A,N,dominating_trait
Calvin Edan Love,CEL0561,0.2,0.2228571428571428,0.2057142857142857,0.11875,0.1333333333333333,2
Christine Reagan Deleon,CRD0624,0.13,0.1257142857142857,0.0971428571428571,0.24375,0.1066666666666666,4
Jade Felicia Caldwell,JFC0557,0.11,0.0914285714285714,0.1314285714285714,0.25,0.11,4
Aquila Stewart Dejesus,ASD0577,0.2,0.2742857142857143,0.2057142857142857,0.0875,0.1233333333333333,2
Micah Abdul Rojas,MAR0955,0.18,0.2514285714285714,0.1314285714285714,0.275,0.0833333333333333,4
Gail Rhiannon Mcconnell,GRM0868,0.105,0.1428571428571428,0.1142857142857142,0.08125,0.0933333333333333,2
April Alika Levy,AAL0706,0.185,0.08,0.16,0.08125,0.0833333333333333,1
Rama Vielka Clayton,RVC0232,0.17,0.1142857142857142,0.2685714285714285,0.2375,0.0833333333333333,3
Tasha Casey Dalton,TCD0009,0.22,0.16,0.2514285714285714,0.2375,0.0766666666666666,3
Aurora Sarah Manning,ASM0575,0.21,0.1428571428571428,0.12,0.28125,0.1,4
Devin Abdul Rogers,DAR0885,0.215,0.2457142857142857,0.2514285714285714,0.25625,0.0833333333333333,4
Jacqueline Latifah Miles,JLM0364,0.175,0.1257142857142857,0.0857142857142857,0.15625,0.1233333333333333,1
Ferris Omar Barry,FOB0756,0.21,0.2342857142857143,0.1942857142857142,0.125,0.09,2
Grant Camden Gay,GCG0951,0.165,0.1885714285714285,0.1428571428571428,0.11875,0.1466666666666666,2
Howard Wing Yang,HWY0038,0.235,0.2228571428571428,0.2285714285714285,0.1375,0.08,1
Aspen Amber Vinson,AAV0450,0.22,0.1371428571428571,0.2057142857142857,0.25625,0.11,4
Colorado John Valentine,CJV0286,0.09,0.08,0.0971428571428571,0.08125,0.0866666666666666,3
Tyrone Damian Garner,TDG0962,0.21,0.2285714285714285,0.2057142857142857,0.1625,0.07,2
Stephanie Victoria Lyons,SVL0803,0.135,0.2,0.1142857142857142,0.225,0.1066666666666666,4
Quynn Odessa Sanford,QOS0878,0.09,0.0685714285714285,0.1142857142857142,0.1,0.0966666666666666,3
Melyssa Deirdre Morgan,MDM0625,0.09,0.24,0.2057142857142857,0.16875,0.08,2
Gray Mason Fulton,GMF0738,0.15,0.2285714285714285,0.2571428571428571,0.125,0.06,3
Bianca Elizabeth Roach,BER0314,0.115,0.1142857142857142,0.1028571428571428,0.11875,0.1066666666666666,4
Aurelia Martina Reese,AMR0400,0.095,0.0914285714285714,0.2685714285714285,0.175,0.0933333333333333,3
Yardley Cairo Elliott,YCE0983,0.195,0.12,0.24,0.1875,0.12,3
Blaine Jelani Weeks,BJW0619,0.15,0.2457142857142857,0.2685714285714285,0.13125,0.13,3
Delilah Pearl Schneider,DPS0262,0.1,0.1428571428571428,0.1142857142857142,0.0875,0.1066666666666666,2
TaShya Yoko Bailey,TYB0779,0.12,0.1142857142857142,0.2,0.225,0.1133333333333333,4
Melissa Ava Stuart,MAS0025,0.115,0.08,0.1142857142857142,0.13125,0.0766666666666666,4
Kermit Beau Leach,KBL0260,0.08,0.0857142857142857,0.2742857142857143,0.1,0.1066666666666666,3
Geoffrey Harlan Lara,GHL0460,0.105,0.2114285714285714,0.1371428571428571,0.10625,0.1166666666666666,2
Flynn Malcolm Gibson,FMG0527,0.215,0.2171428571428571,0.2,0.2375,0.0933333333333333,4
Heather Cynthia Leonard,HCL0651,0.105,0.1085714285714285,0.2514285714285714,0.225,0.11,3
Shannon Chantale Price,SCP0130,0.21,0.1028571428571428,0.2,0.2,0.08,1
Castor Mark Wolf,CMW0783,0.105,0.2,0.08,0.1,0.0866666666666666,2
Ryan Kelly Frost,RKF0164,0.2,0.24,0.0971428571428571,0.1125,0.14,2
Damian Omar Le,DOL0332,0.16,0.2285714285714285,0.2342857142857143,0.1125,0.08,3
Robert Samuel Chen,RSC0089,0.205,0.1485714285714285,0.2,0.13125,0.0966666666666666,1
Cailin Casey Mckee,CCM0136,0.08,0.0914285714285714,0.2228571428571428,0.25,0.0966666666666666,4
Nina Camille Hodges,NCH0179,0.085,0.0685714285714285,0.2285714285714285,0.10625,0.0833333333333333,3
Nicolas Brandon Hendrix,NBH0256,0.205,0.2457142857142857,0.08,0.13125,0.0733333333333333,2
Olivia Rose Galloway,ORG0339,0.25,0.16,0.2628571428571428,0.29375,0.0666666666666666,4
Forrest Rashad Richards,FRR0832,0.215,0.2285714285714285,0.1428571428571428,0.11875,0.1,2
Miriam Shoshana Donovan,MSD0939,0.12,0.2114285714285714,0.0857142857142857,0.2625,0.1033333333333333,4
Olivia Quynn Hardy,OQH0183,0.17,0.2171428571428571,0.1028571428571428,0.20625,0.0766666666666666,2
Bethany Stephanie Haynes,BSH0445,0.19,0.1257142857142857,0.1714285714285714,0.09375,0.07,1
Kennedy Shad Parker,KSP0357,0.205,0.2285714285714285,0.1657142857142857,0.11875,0.08,2
Nigel Gareth Ochoa,NGO0690,0.215,0.2342857142857143,0.2342857142857143,0.10625,0.08,2
Vincent Craig Cunningham,VCC0396,0.105,0.2571428571428571,0.0914285714285714,0.23125,0.0766666666666666,2
Wesley Dustin Dickerson,WDD0366,0.215,0.24,0.0971428571428571,0.11875,0.0933333333333333,2
Kai Penelope Peck,KPP0452,0.22,0.2628571428571428,0.2514285714285714,0.1,0.0633333333333333,2
Raymond Tate Osborne,RTO0313,0.22,0.2571428571428571,0.1428571428571428,0.10625,0.09,2
Ariel Bertha Murphy,ABM0845,0.225,0.12,0.2,0.3125,0.0966666666666666,4
Vance Ira Alston,VIA0063,0.2,0.1942857142857142,0.1085714285714285,0.3125,0.11,4
Benjamin Ignatius Hooper,BIH0745,0.215,0.2228571428571428,0.2857142857142857,0.16875,0.0833333333333333,3
Clinton Coby Wolfe,CCW0031,0.165,0.2685714285714285,0.1714285714285714,0.24375,0.11,2
Illana Yvette Bradshaw,IYB0918,0.085,0.12,0.24,0.0875,0.1,3
Orla Ruth Mckenzie,ORM0669,0.22,0.2228571428571428,0.16,0.24375,0.12,4
Mikayla Jaden Barron,MJB0588,0.195,0.1371428571428571,0.0857142857142857,0.29375,0.1266666666666666,4
Arthur Lucian Bonner,ALB0892,0.125,0.1085714285714285,0.2514285714285714,0.1375,0.1,3
Leah Idola Moran,LIM0674,0.09,0.0742857142857142,0.2,0.30625,0.0666666666666666,4
Lacota Helen Nash,LHN0151,0.065,0.0857142857142857,0.1085714285714285,0.2,0.0866666666666666,4
William Theodore Reeves,WTR0563,0.235,0.2571428571428571,0.2628571428571428,0.09375,0.1033333333333333,3
MacKenzie Kristen Stewart,MKS0204,0.105,0.1714285714285714,0.12,0.1,0.1033333333333333,2
Armando Albert Walter,AAW0353,0.245,0.2571428571428571,0.1085714285714285,0.15625,0.1133333333333333,2
Willow Jaime Daniel,WJD0576,0.2,0.1142857142857142,0.1314285714285714,0.2375,0.0866666666666666,4
Irene Lacota Huffman,ILH0958,0.14,0.0971428571428571,0.1142857142857142,0.11875,0.08,1
Tallulah Liberty Kirby,TLK0993,0.205,0.2057142857142857,0.2285714285714285,0.21875,0.0733333333333333,3
William Aladdin Bennett,WAB0143,0.215,0.2457142857142857,0.1371428571428571,0.1375,0.11,2
Rashad Aristotle Guerrero,RAG0275,0.115,0.2171428571428571,0.2,0.25625,0.1066666666666666,4
Leilani Quail Callahan,LQC0479,0.135,0.2171428571428571,0.1942857142857142,0.10625,0.12,2
Kai Wynne Craft,KWC0004,0.115,0.2171428571428571,0.2228571428571428,0.125,0.09,3
Cora Jane Kinney,CJK0200,0.2,0.1657142857142857,0.1371428571428571,0.2375,0.1033333333333333,4
Flynn Edward Brennan,FEB0306,0.2,0.24,0.1485714285714285,0.15625,0.1033333333333333,2
Indira Jocelyn Mack,IJM0776,0.205,0.2,0.1085714285714285,0.25625,0.1066666666666666,4
Nicolas Kadeem Hayden,NKH0807,0.225,0.2514285714285714,0.2285714285714285,0.1375,0.0666666666666666,2
Jade Maris Coleman,JMC0925,0.165,0.0571428571428571,0.1314285714285714,0.11875,0.1033333333333333,1
Stephanie Briar Harrington,SBH0537,0.17,0.12,0.08,0.08125,0.11,1
Julie Jaime Burns,JJB0700,0.075,0.1085714285714285,0.2228571428571428,0.23125,0.0933333333333333,4
Amaya Iola Sawyer,AIS0405,0.2,0.2571428571428571,0.08,0.23125,0.1166666666666666,2
Hilda Alice Hahn,HAH0760,0.17,0.0971428571428571,0.1257142857142857,0.23125,0.1,4
Aladdin Hu Day,AHD0848,0.12,0.1714285714285714,0.28,0.1,0.1,3
Lila Dana Mcintyre,LDM0587,0.245,0.1142857142857142,0.1314285714285714,0.13125,0.0866666666666666,1
Armand Jasper Nicholson,AJN0607,0.225,0.24,0.0914285714285714,0.29375,0.0766666666666666,4
Bevis Brady Sheppard,BBS0039,0.22,0.2114285714285714,0.1942857142857142,0.13125,0.1333333333333333,1
Emerald Imani Schmidt,EIS0041,0.205,0.2514285714285714,0.0971428571428571,0.3,0.1,4
Melodie Lee Glenn,MLG0475,0.225,0.0914285714285714,0.1028571428571428,0.11875,0.0833333333333333,1
Hadley Rhona Dillon,HRD0635,0.12,0.2,0.1028571428571428,0.2,0.08,2
Ethan Perry Wiggins,EPW0434,0.16,0.2057142857142857,0.2171428571428571,0.1375,0.11,3
Jena Audrey Malone,JAM0382,0.125,0.1314285714285714,0.2342857142857143,0.10625,0.0766666666666666,3
Noble Clinton Klein,NCK0295,0.155,0.1714285714285714,0.2171428571428571,0.225,0.1133333333333333,4
Luke Jacob Talley,LJT0817,0.195,0.2457142857142857,0.2171428571428571,0.24375,0.08,2
Chandler Ashton Madden,CAM0102,0.155,0.2514285714285714,0.1085714285714285,0.09375,0.09,2
Suki Ori Grant,SOG0411,0.13,0.1085714285714285,0.12,0.15,0.0766666666666666,4
Kameko Signe Harrison,KSH0569,0.075,0.2228571428571428,0.1314285714285714,0.0875,0.0733333333333333,2
Bruno Donovan Ingram,BDI0533,0.185,0.2057142857142857,0.0857142857142857,0.25625,0.0633333333333333,4
Paula Madaline Jackson,PMJ0564,0.15,0.12,0.2285714285714285,0.0875,0.13,3
Hedda Grace Gordon,HGG0240,0.1,0.1485714285714285,0.1371428571428571,0.225,0.1033333333333333,4
Mari Gretchen Shaw,MGS0974,0.085,0.2228571428571428,0.2228571428571428,0.25,0.09,4
Dominic Howard Mcconnell,DHM0937,0.215,0.1257142857142857,0.12,0.09375,0.08,1
Evelyn Nevada Curtis,ENC0234,0.105,0.1314285714285714,0.1828571428571428,0.11875,0.0766666666666666,3
Colin Evan Brown,CEB0210,0.21,0.1371428571428571,0.2514285714285714,0.14375,0.1133333333333333,3
Yvette Jeanette Vang,YJV0699,0.085,0.1428571428571428,0.1714285714285714,0.08125,0.1033333333333333,3
Brittany Mona Terry,BMT0528,0.165,0.1428571428571428,0.2228571428571428,0.15625,0.1,3
Caleb Jonas Chang,CJC0494,0.2,0.2228571428571428,0.2228571428571428,0.2625,0.14,4
Sean Omar Burgess,SOB0360,0.21,0.1257142857142857,0.2285714285714285,0.1,0.1066666666666666,3
Glenna Caryn Sharpe,GCS0571,0.11,0.1028571428571428,0.0914285714285714,0.14375,0.1066666666666666,4
Beck John Peters,BJP0134,0.21,0.0971428571428571,0.2514285714285714,0.13125,0.13,3
Kirby Bo Pollard,KBP0008,0.115,0.1028571428571428,0.2285714285714285,0.06875,0.1133333333333333,3
Fitzgerald Len Merrill,FLM0213,0.1,0.2342857142857143,0.2628571428571428,0.09375,0.08,3
Rhonda Rhona Parsons,RRP0568,0.215,0.2857142857142857,0.2171428571428571,0.1125,0.11,2
Maxwell Clark Faulkner,MCF0600,0.195,0.28,0.0742857142857142,0.1625,0.09,2
Shelly Audra Ayala,SAA0999,0.1,0.0971428571428571,0.1942857142857142,0.06875,0.12,3
Teagan Hedy Romero,THR0873,0.185,0.2514285714285714,0.12,0.25,0.1266666666666666,2
Kimberley Roary Maldonado,KRM0541,0.2,0.1142857142857142,0.2171428571428571,0.225,0.0766666666666666,4
Kenneth Steel Porter,KSP0966,0.21,0.2057142857142857,0.1085714285714285,0.15,0.1166666666666666,1
Lionel Omar Fisher,LOF0311,0.205,0.0857142857142857,0.2057142857142857,0.0625,0.1066666666666666,3
Montana Basia Roberts,MBR0724,0.165,0.2514285714285714,0.1028571428571428,0.21875,0.1033333333333333,2
Felicia Sloane Cabrera,FSC0601,0.185,0.1714285714285714,0.2114285714285714,0.09375,0.1,3
Medge Liberty Petersen,MLP0668,0.2,0.0971428571428571,0.0914285714285714,0.26875,0.11,4
Charity Uta Daniels,CUD0795,0.06,0.2285714285714285,0.1714285714285714,0.275,0.08,4
Aurora Katell Rhodes,AKR0057,0.25,0.2342857142857143,0.1142857142857142,0.1125,0.1,1
Guy Zeus Chandler,GZC0735,0.22,0.0914285714285714,0.0857142857142857,0.16875,0.0833333333333333,1
Hadassah Leah Harris,HLH0512,0.075,0.24,0.2057142857142857,0.1375,0.1066666666666666,2
Norman Jackson Beck,NJB0243,0.115,0.2,0.2114285714285714,0.15,0.1133333333333333,3
Gregory Curran Sutton,GCS0518,0.205,0.2057142857142857,0.1314285714285714,0.2375,0.07,4
Nicole Macey Craig,NMC0486,0.21,0.0571428571428571,0.1314285714285714,0.13125,0.09,1
Keegan Marvin Benson,KMB0922,0.215,0.2457142857142857,0.0971428571428571,0.15,0.09,2
Cecilia Freya Morgan,CFM0767,0.23,0.1314285714285714,0.1257142857142857,0.21875,0.0966666666666666,1
Holmes Arden Day,HAD0246,0.22,0.2228571428571428,0.1828571428571428,0.28125,0.1266666666666666,4
Alexa Nadine Poole,ANP0555,0.065,0.2285714285714285,0.24,0.14375,0.0933333333333333,3
Leslie Briar Fields,LBF0214,0.09,0.2514285714285714,0.1028571428571428,0.2375,0.0933333333333333,2
Dacey Jorden Bowen,DJB0159,0.1,0.2114285714285714,0.1542857142857142,0.2375,0.1233333333333333,4
Baxter William Price,BWP0202,0.1,0.2057142857142857,0.0857142857142857,0.15625,0.0933333333333333,2
Flavia Fiona Cannon,FFC0891,0.19,0.0571428571428571,0.2228571428571428,0.3125,0.13,4
Amal Judah Rich,AJR0932,0.23,0.1714285714285714,0.2,0.075,0.0966666666666666,1
Blair Deborah Vaughn,BDV0168,0.225,0.1771428571428571,0.1085714285714285,0.13125,0.1033333333333333,1
Cassady Quincy Hampton,CQH0730,0.105,0.1028571428571428,0.2114285714285714,0.30625,0.09,4
Jena Chanda Rollins,JCR0289,0.16,0.2457142857142857,0.1885714285714285,0.20625,0.0966666666666666,2
Addison Edward Snyder,AES0827,0.195,0.2285714285714285,0.1942857142857142,0.2375,0.0766666666666666,4
Sydnee Leilani Parsons,SLP0762,0.13,0.0742857142857142,0.2285714285714285,0.1125,0.0866666666666666,3
Cheyenne Lesley Dominguez,CLD0894,0.095,0.12,0.2857142857142857,0.1,0.12,3
Leo Chaney Daugherty,LCD0622,0.15,0.1485714285714285,0.0742857142857142,0.0875,0.0866666666666666,1
Caleb Mason Ball,CMB0912,0.23,0.2457142857142857,0.0914285714285714,0.1375,0.1033333333333333,2
Zenia Kiona Stevenson,ZKS0899,0.235,0.1142857142857142,0.24,0.26875,0.1,4
James Cain Vargas,JCV0245,0.2,0.2514285714285714,0.1257142857142857,0.125,0.09,2
Ali Murphy Hurley,AMH0794,0.215,0.24,0.1885714285714285,0.25,0.1033333333333333,4
Francis Kane Buckner,FKB0163,0.195,0.2,0.1428571428571428,0.24375,0.0733333333333333,4
Amena Karyn Christian,AKC0924,0.2,0.2514285714285714,0.2,0.23125,0.09,2
Ivory Leandra Rogers,ILR0304,0.1,0.1257142857142857,0.1028571428571428,0.2875,0.1,4
Arthur John Floyd,AJF0370,0.185,0.1885714285714285,0.0628571428571428,0.09375,0.12,2
Octavius Kelly Castaneda,OKC0107,0.16,0.2285714285714285,0.0914285714285714,0.29375,0.1166666666666666,4
Oren Clinton Sharpe,OCS0865,0.145,0.1371428571428571,0.2457142857142857,0.21875,0.1066666666666666,3
Urielle Jane Carter,UJC0737,0.08,0.0685714285714285,0.0685714285714285,0.2375,0.0833333333333333,4
Marshall Benjamin Wilcox,MBW0809,0.215,0.2571428571428571,0.2514285714285714,0.1125,0.0633333333333333,2
Martina Cassandra Fields,MCF0327,0.195,0.2342857142857143,0.1371428571428571,0.275,0.0833333333333333,4
Sylvester Guy Sanders,SGS0268,0.235,0.2571428571428571,0.1714285714285714,0.11875,0.0733333333333333,2
Brian Nathaniel Greer,BNG0237,0.195,0.2057142857142857,0.2057142857142857,0.29375,0.09,4
Olympia Shafira Harrison,OSH0655,0.08,0.12,0.24,0.24375,0.0933333333333333,4
Catherine Savannah Bullock,CSB0080,0.175,0.1085714285714285,0.2228571428571428,0.2125,0.12,3
Ella Rachel Hess,ERH0449,0.22,0.0857142857142857,0.2,0.10625,0.0833333333333333,1
Eagan Gannon Koch,EGK0893,0.105,0.1714285714285714,0.0628571428571428,0.29375,0.09,4
Maggy Melissa Burt,MMB0488,0.105,0.1028571428571428,0.0914285714285714,0.15,0.09,4
Abel Adam Morton,AAM0658,0.215,0.2,0.2114285714285714,0.225,0.0733333333333333,4
Eliana Stephanie Albert,ESA0642,0.16,0.08,0.2514285714285714,0.1875,0.1066666666666666,3
Chandler Raymond Kirk,CRK0916,0.16,0.2628571428571428,0.1485714285714285,0.11875,0.1066666666666666,2
Bruno Beau Hoover,BBH0810,0.2,0.1428571428571428,0.0571428571428571,0.13125,0.1066666666666666,1
Jessica Rachel Freeman,JRF0835,0.22,0.1885714285714285,0.1028571428571428,0.23125,0.06,4
Sloane Jade Cochran,SJC0333,0.11,0.2228571428571428,0.1771428571428571,0.225,0.0966666666666666,4
Halla Cathleen Simmons,HCS0003,0.175,0.16,0.08,0.09375,0.1,1
Edan Marsden Briggs,EMB0531,0.155,0.2342857142857143,0.1771428571428571,0.225,0.12,2
Jane Ignacia Mcdonald,JIM0095,0.05,0.1028571428571428,0.12,0.09375,0.1166666666666666,3
Kay Janna Snider,KJS0618,0.095,0.0857142857142857,0.1142857142857142,0.0625,0.1233333333333333,5
Eaton Burton Crane,EBC0390,0.2,0.2285714285714285,0.2285714285714285,0.1375,0.11,2
Willa Giselle Stanton,WGS0516,0.055,0.1142857142857142,0.2228571428571428,0.125,0.0966666666666666,3
Nissim Gil French,NGF0157,0.225,0.2171428571428571,0.1257142857142857,0.2875,0.1066666666666666,4
Katell Amethyst Thornton,KAT0489,0.11,0.2342857142857143,0.2057142857142857,0.14375,0.0866666666666666,2
Cora Clementine Higgins,CCH0685,0.235,0.1371428571428571,0.24,0.2125,0.0966666666666666,3
Doris Mona Michael,DMM0623,0.18,0.1542857142857142,0.12,0.24375,0.1,4
Sylvia Ariana Head,SAH0599,0.065,0.1257142857142857,0.2514285714285714,0.1125,0.0733333333333333,3
Connor Phelan Guerra,CPG0322,0.085,0.0742857142857142,0.1085714285714285,0.15,0.12,4
Orson Barrett Houston,OBH0499,0.175,0.1028571428571428,0.2342857142857143,0.1,0.1133333333333333,3
Sage Nichole Savage,SNS0129,0.13,0.0571428571428571,0.2457142857142857,0.21875,0.1,3
Philip Keith Barron,PKB0429,0.17,0.24,0.2457142857142857,0.25,0.0733333333333333,4
Nicole Aurelia Hanson,NAH0503,0.165,0.0971428571428571,0.1314285714285714,0.21875,0.1266666666666666,4
Felicia Rhona Butler,FRB0023,0.225,0.08,0.0685714285714285,0.0875,0.0466666666666666,1
Amir Hayden Gray,AHG0634,0.155,0.2057142857142857,0.24,0.25625,0.09,4
Chadwick Wayne Bond,CWB0065,0.25,0.1885714285714285,0.08,0.125,0.0766666666666666,1
Aurora Tatiana Payne,ATP0662,0.085,0.0914285714285714,0.2342857142857143,0.125,0.13,3
Dalton Perry Mejia,DPM0423,0.185,0.2171428571428571,0.2171428571428571,0.09375,0.09,2
Walter Kaseem Foley,WKF0012,0.185,0.2514285714285714,0.1142857142857142,0.28125,0.0766666666666666,4
Jarrod Malik Burris,JMB0308,0.205,0.2514285714285714,0.1942857142857142,0.0875,0.1066666666666666,2
Amity Kendall Foley,AKF0709,0.21,0.1771428571428571,0.1657142857142857,0.1375,0.1066666666666666,1
Jermaine Mannix Hansen,JMH0543,0.22,0.1428571428571428,0.2114285714285714,0.08125,0.1133333333333333,1
Camille Julie Freeman,CJF0802,0.18,0.2228571428571428,0.2171428571428571,0.26875,0.07,4
Ignatius Reese Morton,IRM0931,0.22,0.2628571428571428,0.1885714285714285,0.21875,0.1,2
Fulton Quinn Avery,FQA0854,0.205,0.2171428571428571,0.1714285714285714,0.2125,0.0866666666666666,2
Cecilia Yuri Ashley,CYA0506,0.08,0.0971428571428571,0.2514285714285714,0.0875,0.1033333333333333,3
Gay Ria Cantu,GRC0145,0.15,0.2457142857142857,0.1371428571428571,0.2875,0.09,4
Benjamin Lewis Sweeney,BLS0678,0.175,0.0971428571428571,0.2457142857142857,0.175,0.1033333333333333,3
Harlan Jason Benjamin,HJB0742,0.205,0.2285714285714285,0.0914285714285714,0.13125,0.1,2
Kimberley Kiona Sosa,KKS0119,0.075,0.16,0.2228571428571428,0.20625,0.09,3
Raymond Arsenio Blackwell,RAB0589,0.18,0.2,0.1485714285714285,0.0875,0.1033333333333333,2
Demetrius Barry Bullock,DBB0384,0.2,0.2342857142857143,0.16,0.23125,0.09,2
Teagan Raven Kennedy,TRK0914,0.2,0.1085714285714285,0.08,0.20625,0.1,4
Blossom Scarlett Aguirre,BSA0431,0.25,0.2342857142857143,0.1085714285714285,0.25,0.0966666666666666,1
Rachel Hermione Le,RHL0992,0.18,0.0571428571428571,0.2228571428571428,0.23125,0.12,4
Caldwell Ian Maxwell,CIM0926,0.155,0.1428571428571428,0.2342857142857143,0.10625,0.1033333333333333,3
Cassidy Florence Gibbs,CFG0959,0.21,0.12,0.1371428571428571,0.10625,0.0666666666666666,1
Vera Mollie Jenkins,VMJ0147,0.115,0.16,0.2114285714285714,0.1375,0.08,3
Sawyer Abel Turner,SAT0194,0.07,0.1085714285714285,0.2057142857142857,0.14375,0.1166666666666666,3
Harper Basil Obrien,HBO0413,0.205,0.2,0.1028571428571428,0.09375,0.06,1
Declan Zachery Caldwell,DZC0228,0.185,0.2114285714285714,0.1942857142857142,0.13125,0.1266666666666666,2
Theodore Eagan Bass,TEB0251,0.22,0.2857142857142857,0.1257142857142857,0.08125,0.12,2
Maryam Nelle Ruiz,MNR0829,0.205,0.1885714285714285,0.2285714285714285,0.09375,0.0766666666666666,3
Daryl Ocean Patel,DOP0562,0.21,0.0914285714285714,0.2114285714285714,0.24375,0.1033333333333333,4
Uriel Axel Diaz,UAD0771,0.23,0.1942857142857142,0.0857142857142857,0.1875,0.1033333333333333,1
Ayanna Leandra Dunlap,ALD0544,0.08,0.1028571428571428,0.1028571428571428,0.08125,0.1066666666666666,5
Lysandra Chastity Brennan,LCB0664,0.08,0.1085714285714285,0.2057142857142857,0.15,0.1066666666666666,3
Hyacinth Clare Lindsay,HCL0113,0.215,0.1257142857142857,0.2285714285714285,0.24375,0.1133333333333333,4
Tamara Shaeleigh Best,TSB0437,0.13,0.1314285714285714,0.0914285714285714,0.1875,0.0866666666666666,4
Elton Zeus Horton,EZH0736,0.22,0.2342857142857143,0.2114285714285714,0.11875,0.1033333333333333,2
Josiah Chester Gray,JCG0316,0.235,0.2057142857142857,0.1828571428571428,0.15625,0.11,1
Malcolm Sebastian Garrison,MSG0839,0.21,0.2628571428571428,0.1085714285714285,0.24375,0.0966666666666666,2
Lionel Jasper Johnston,LJJ0905,0.215,0.2057142857142857,0.0685714285714285,0.1375,0.1,1
Hall Colorado Morin,HCM0267,0.18,0.2571428571428571,0.2228571428571428,0.125,0.1066666666666666,2
Malachi Thor Butler,MTB0620,0.19,0.2514285714285714,0.2342857142857143,0.3125,0.0933333333333333,4
Clayton Clark Humphrey,CCH0182,0.21,0.2514285714285714,0.2685714285714285,0.14375,0.0966666666666666,3
Cole Aaron Mcfarland,CAM0681,0.205,0.2457142857142857,0.2571428571428571,0.0625,0.0933333333333333,3
Lyle Brady Hayes,LBH0942,0.2,0.24,0.1314285714285714,0.1875,0.0966666666666666,2
Cedric Alexander Bowers,CAB0388,0.185,0.1885714285714285,0.1314285714285714,0.25,0.12,4
William Graham Rowe,WGR0833,0.19,0.2628571428571428,0.1371428571428571,0.2375,0.14,2
Mohammad Taylor Terrell,MTT0901,0.205,0.1942857142857142,0.1714285714285714,0.25,0.1,4
Gisela Quintessa Fischer,GQF0659,0.2,0.0914285714285714,0.1714285714285714,0.18125,0.0933333333333333,1
Callum Scott Parrish,CSP0197,0.185,0.2514285714285714,0.0971428571428571,0.08125,0.0866666666666666,2
Octavia May Maddox,OMM0944,0.085,0.08,0.1542857142857142,0.13125,0.0966666666666666,3
Irma Melanie Patrick,IMP0530,0.2,0.0971428571428571,0.24,0.3125,0.1066666666666666,4
Owen Ross Burks,ORB0473,0.19,0.2514285714285714,0.2628571428571428,0.2375,0.1266666666666666,3
Jenette McKenzie Lynn,JML0909,0.12,0.1828571428571428,0.2228571428571428,0.25,0.07,4
Noble Devin Mack,NDM0417,0.22,0.2057142857142857,0.2857142857142857,0.075,0.1133333333333333,3
Ferdinand Rashad Lee,FRL0511,0.1,0.1714285714285714,0.2685714285714285,0.125,0.1,3
Lynn Adena Pratt,LAP0338,0.21,0.1314285714285714,0.1885714285714285,0.28125,0.1033333333333333,4
Harper Clark Vazquez,HCV0478,0.23,0.2057142857142857,0.1028571428571428,0.075,0.08,1
Kimberley Joy Anderson,KJA0152,0.08,0.0914285714285714,0.2228571428571428,0.2375,0.1133333333333333,4
Erasmus Cameron Franco,ECF0828,0.2,0.28,0.2228571428571428,0.25,0.1166666666666666,2
Buffy Vivien Nichols,BVN0514,0.18,0.1314285714285714,0.1714285714285714,0.14375,0.0733333333333333,1
Bruno Stewart Silva,BSS0463,0.16,0.2285714285714285,0.2285714285714285,0.2375,0.0933333333333333,4
Jonathan John Martinez,JJM0203,0.185,0.2057142857142857,0.1028571428571428,0.1875,0.0933333333333333,2
Adam Ishmael Mcdaniel,AIM0627,0.18,0.2228571428571428,0.0914285714285714,0.25625,0.0766666666666666,4
Rashad August Hatfield,RAH0440,0.09,0.0857142857142857,0.2457142857142857,0.1,0.08,3
Xenos Hayden Gallegos,XHG0902,0.22,0.2,0.1314285714285714,0.29375,0.0466666666666666,4
Tobias Dakota Jacobs,TDJ0998,0.17,0.2285714285714285,0.0571428571428571,0.2625,0.12,4
John Price Atkins,JPA0667,0.245,0.24,0.1942857142857142,0.21875,0.09,1
Elaine Hanna Raymond,EHR0096,0.11,0.0742857142857142,0.1142857142857142,0.3,0.1033333333333333,4
Sharon Jemima Whitehead,SJW0451,0.215,0.1714285714285714,0.0914285714285714,0.3125,0.0933333333333333,4
Colton Nathan Barber,CNB0900,0.17,0.2457142857142857,0.2171428571428571,0.1,0.09,2
Ethan Arden Hays,EAH0466,0.205,0.2171428571428571,0.1657142857142857,0.2375,0.0833333333333333,4
Curran Tarik Ayala,CTA0020,0.18,0.2857142857142857,0.0628571428571428,0.1375,0.1133333333333333,2
Sandra Roary Solomon,SRS0231,0.085,0.2514285714285714,0.2057142857142857,0.2,0.0866666666666666,2
Hadley Willa Hill,HWH0646,0.085,0.1371428571428571,0.1371428571428571,0.13125,0.0933333333333333,2
Halee Kim Burnett,HKB0418,0.25,0.1028571428571428,0.0742857142857142,0.1625,0.09,1
Chanda Celeste Mosley,CCM0855,0.155,0.1371428571428571,0.1085714285714285,0.225,0.0966666666666666,4
Shelley Eleanor Dawson,SED0886,0.11,0.1028571428571428,0.1028571428571428,0.21875,0.0933333333333333,4
Logan Branden Cherry,LBC0356,0.2,0.1714285714285714,0.2285714285714285,0.13125,0.1366666666666666,3
Chloe Keiko Holland,CKH0144,0.17,0.1257142857142857,0.1257142857142857,0.21875,0.1,4
Melvin Brody Garza,MBG0438,0.19,0.0971428571428571,0.2114285714285714,0.1,0.0966666666666666,3
Mohammad Vladimir Farrell,MVF0594,0.175,0.2171428571428571,0.1885714285714285,0.275,0.12,4
Alea Tana Ferrell,ATF0274,0.1,0.2571428571428571,0.2742857142857143,0.16875,0.0933333333333333,3
Kendall Thaddeus Glover,KTG0091,0.23,0.2342857142857143,0.0914285714285714,0.09375,0.0966666666666666,2
Alfonso Colin Cooley,ACC0042,0.115,0.1085714285714285,0.2114285714285714,0.125,0.1033333333333333,3
Arsenio Kato Wilder,AKW0167,0.19,0.2171428571428571,0.1142857142857142,0.0875,0.1166666666666666,2
Kirk Palmer Rosales,KPR0497,0.25,0.2457142857142857,0.2457142857142857,0.125,0.0966666666666666,1
Amaya Britanni Newton,ABN0239,0.105,0.2114285714285714,0.1142857142857142,0.24375,0.0833333333333333,4
Colton Kaseem Bolton,CKB0482,0.18,0.2742857142857143,0.2114285714285714,0.2875,0.0833333333333333,4
Alfreda Morgan Holloway,AMH0464,0.225,0.0914285714285714,0.24,0.23125,0.07,3
Quinn Coby Hays,QCH0110,0.17,0.2,0.0971428571428571,0.23125,0.09,4
Sara Gail George,SGG0787,0.07,0.1542857142857142,0.0571428571428571,0.125,0.1033333333333333,2
Sarah Imelda Juarez,SIJ0661,0.2,0.0971428571428571,0.08,0.09375,0.07,1
Byron Tyrone Williamson,BTW0005,0.165,0.2228571428571428,0.1028571428571428,0.1125,0.09,2
Risa Laura Bolton,RLB0719,0.07,0.1028571428571428,0.0857142857142857,0.25,0.1166666666666666,4
William Damian Oconnor,WDO0870,0.115,0.12,0.08,0.08125,0.0833333333333333,2
Kaden Chastity Briggs,KCB0815,0.08,0.2285714285714285,0.1028571428571428,0.225,0.1033333333333333,2
Vincent Calvin Young,VCY0751,0.185,0.1371428571428571,0.2228571428571428,0.11875,0.0833333333333333,3
Brock Aladdin Joyce,BAJ0654,0.18,0.0571428571428571,0.2685714285714285,0.0625,0.1366666666666666,3
Madonna Kristen Love,MKL0941,0.08,0.1485714285714285,0.1142857142857142,0.2375,0.1,4
Elijah Gary Diaz,EGD0409,0.195,0.2285714285714285,0.1257142857142857,0.21875,0.11,2
Dale Benjamin Sharpe,DBS0235,0.15,0.2171428571428571,0.1028571428571428,0.23125,0.11,4
Jael Jennifer Hansen,JJH0613,0.25,0.1714285714285714,0.1371428571428571,0.0875,0.0866666666666666,1
Ulric Ferdinand Knapp,UFK0208,0.09,0.1942857142857142,0.1257142857142857,0.14375,0.1,2
Brent Laith Beck,BLB0114,0.19,0.2742857142857143,0.2342857142857143,0.09375,0.0733333333333333,2
Cheyenne Kay Dickerson,CKD0680,0.09,0.2857142857142857,0.1371428571428571,0.1125,0.0933333333333333,2
Myra Kay Greer,MKG0711,0.085,0.1485714285714285,0.2457142857142857,0.2,0.1266666666666666,3
Edward Dean Anthony,EDA0684,0.19,0.24,0.2285714285714285,0.24375,0.11,4
Illana Isabelle Lamb,IIL0513,0.185,0.0742857142857142,0.1485714285714285,0.2375,0.1133333333333333,4
TaShya Savannah Mcgowan,TSM0363,0.17,0.1085714285714285,0.1142857142857142,0.24375,0.11,4
Price Bevis Pittman,PBP0002,0.245,0.2,0.1314285714285714,0.0625,0.09,1
Louis Hyatt Bruce,LHB0606,0.185,0.2171428571428571,0.0857142857142857,0.16875,0.09,2
Guy Tad Daniel,GTD0898,0.115,0.1314285714285714,0.2228571428571428,0.09375,0.0966666666666666,3
Calvin Jarrod Hood,CJH0702,0.23,0.1371428571428571,0.1714285714285714,0.15625,0.1233333333333333,1
Desirae Mari Koch,DMK0257,0.165,0.1142857142857142,0.1485714285714285,0.1625,0.1,1
Willow Iliana Quinn,WIQ0567,0.125,0.2342857142857143,0.0571428571428571,0.29375,0.13,4
Peter Tad Hartman,PTH0830,0.215,0.2514285714285714,0.24,0.26875,0.1133333333333333,4
Nicholas Cade Owen,NCO0666,0.2,0.2571428571428571,0.0571428571428571,0.075,0.1033333333333333,2
Maxwell Hammett Green,MHG0733,0.215,0.1714285714285714,0.1371428571428571,0.2625,0.0966666666666666,4
Robert Ali Webb,RAW0915,0.215,0.2857142857142857,0.12,0.26875,0.08,2
Hillary Ainsley Mccormick,HAM0985,0.1,0.0971428571428571,0.1657142857142857,0.1,0.0666666666666666,3
Serina Ariana Butler,SAB0781,0.18,0.2,0.1371428571428571,0.1875,0.0933333333333333,2
Ira Benjamin Mays,IBM0671,0.25,0.2628571428571428,0.2171428571428571,0.21875,0.1033333333333333,2
Yasir Dexter Nelson,YDN0198,0.225,0.2857142857142857,0.2342857142857143,0.06875,0.08,2
Grace Alma Fry,GAF0060,0.205,0.0914285714285714,0.2228571428571428,0.15625,0.0733333333333333,3
Alec Mannix Mcneil,AMM0014,0.24,0.2171428571428571,0.0857142857142857,0.275,0.12,4
Aquila Mark Vega,AMV0036,0.215,0.2057142857142857,0.24,0.23125,0.0866666666666666,3
Merritt Oliver Phelps,MOP0763,0.215,0.2342857142857143,0.1257142857142857,0.125,0.11,2
Callum Brendan Gonzalez,CBG0490,0.25,0.1771428571428571,0.2,0.0625,0.0966666666666666,1
Cameron Noel Elliott,CNE0352,0.195,0.1257142857142857,0.2514285714285714,0.09375,0.1,3
Gil Quincy Potter,GQP0743,0.235,0.2228571428571428,0.1085714285714285,0.24375,0.0833333333333333,4
Philip Travis Hartman,PTH0552,0.1,0.0742857142857142,0.1828571428571428,0.125,0.0933333333333333,3
Garrison Levi Rollins,GLR0975,0.165,0.2514285714285714,0.1485714285714285,0.15,0.08,2
Gareth Thomas Dickson,GTD0219,0.2,0.2285714285714285,0.1085714285714285,0.1875,0.11,2
Blossom Keiko Weiss,BKW0374,0.205,0.2171428571428571,0.0971428571428571,0.2875,0.09,4
Constance Audrey Hicks,CAH0936,0.2,0.1257142857142857,0.2228571428571428,0.3125,0.08,4
Althea Ina Palmer,AIP0982,0.215,0.1142857142857142,0.2457142857142857,0.25625,0.11,4
Kennedy Robert Vega,KRV0372,0.2,0.2228571428571428,0.1428571428571428,0.21875,0.1066666666666666,2
Ivor Amir Tucker,IAT0263,0.14,0.1314285714285714,0.1714285714285714,0.1875,0.09,4
Jocelyn Brenna Daniels,JBD0616,0.2,0.12,0.1428571428571428,0.23125,0.09,4
Roary Ursa Massey,RUM0880,0.2,0.2114285714285714,0.0971428571428571,0.2375,0.0866666666666666,4
Declan Gareth Mclaughlin,DGM0754,0.21,0.1028571428571428,0.24,0.15,0.08,3
Savannah Marcia Yang,SMY0792,0.215,0.2114285714285714,0.2228571428571428,0.2625,0.0833333333333333,4
Harrison Oscar Burke,HOB0994,0.19,0.2228571428571428,0.0857142857142857,0.26875,0.11,4
Donovan Garth Nieves,DGN0480,0.105,0.1428571428571428,0.2514285714285714,0.125,0.1033333333333333,3
Kirk Jakeem Joyce,KJJ0293,0.205,0.24,0.1314285714285714,0.24375,0.11,4
Justin Xerxes Hansen,JXH0493,0.18,0.1828571428571428,0.1314285714285714,0.09375,0.1033333333333333,2
Peter Gil Harrington,PGH0184,0.15,0.2,0.1885714285714285,0.1375,0.0833333333333333,2
Josiah Preston Wall,JPW0741,0.2,0.2171428571428571,0.2514285714285714,0.1875,0.11,3
Nichole Melodie Gilbert,NMG0766,0.08,0.1314285714285714,0.24,0.25,0.1033333333333333,4
Heidi Mia Wilson,HMW0713,0.19,0.1371428571428571,0.2285714285714285,0.225,0.0933333333333333,3
Malik Adrian Hebert,MAH0864,0.15,0.2628571428571428,0.1428571428571428,0.125,0.0833333333333333,2
Quentin Nolan Fitzpatrick,QNF0205,0.175,0.2342857142857143,0.1257142857142857,0.13125,0.0966666666666666,2
Keane Kennan Watts,KKW0879,0.18,0.24,0.12,0.19375,0.09,2
Thaddeus Emery Martin,TEM0093,0.14,0.1371428571428571,0.2571428571428571,0.0875,0.1,3
Reuben Victor Freeman,RVF0201,0.18,0.1828571428571428,0.2171428571428571,0.18125,0.0933333333333333,3
Tobias Martin Ashley,TMA0069,0.165,0.2171428571428571,0.24,0.0875,0.11,3
Vernon Finn Mcgee,VFM0814,0.23,0.2571428571428571,0.2514285714285714,0.11875,0.0933333333333333,2
Salvador Byron Norton,SBN0866,0.205,0.1942857142857142,0.2342857142857143,0.15,0.0733333333333333,3
Zenaida Justine England,ZJE0857,0.175,0.1942857142857142,0.2057142857142857,0.2375,0.1033333333333333,4
Hasad Paki Mcfadden,HPM0986,0.205,0.2057142857142857,0.2171428571428571,0.14375,0.08,3
Cody Jonathan Potter,CJP0952,0.225,0.1028571428571428,0.1428571428571428,0.1125,0.09,1
Dante Raja Roberts,DRR0162,0.225,0.2057142857142857,0.1142857142857142,0.225,0.0966666666666666,1
Evelyn Sarah Reilly,ESR0693,0.175,0.1314285714285714,0.1428571428571428,0.13125,0.1033333333333333,1
Colt Walter Reynolds,CWR0502,0.205,0.28,0.1428571428571428,0.28125,0.09,4
Summer Leilani Boyer,SLB0049,0.07,0.1542857142857142,0.0914285714285714,0.1375,0.0666666666666666,2
Ira Dustin Oneill,IDO0176,0.17,0.2228571428571428,0.2285714285714285,0.15,0.0866666666666666,3
Alfonso Gage Blankenship,AGB0186,0.09,0.0571428571428571,0.2342857142857143,0.09375,0.1166666666666666,3
Roary Jane Barrett,RJB0088,0.1,0.24,0.2114285714285714,0.28125,0.08,4
Oren Curran Brady,OCB0805,0.185,0.1885714285714285,0.24,0.1,0.06,3
Elton Tyler Richard,ETR0428,0.18,0.12,0.2285714285714285,0.125,0.0666666666666666,3
Ivana Kaitlin Parsons,IKP0472,0.16,0.0571428571428571,0.2114285714285714,0.2375,0.1033333333333333,4
Leo Hasad Byrd,LHB0967,0.185,0.2171428571428571,0.2342857142857143,0.29375,0.11,4
Chester Caldwell Mendoza,CCM0467,0.215,0.2285714285714285,0.1085714285714285,0.1625,0.0833333333333333,2
Gage Kaden Odonnell,GKO0078,0.22,0.2628571428571428,0.12,0.15,0.0966666666666666,2
Garrett Nicholas Solomon,GNS0178,0.15,0.0971428571428571,0.24,0.1625,0.11,3
Sybill Sage Shaw,SSS0345,0.2,0.12,0.2171428571428571,0.1,0.0666666666666666,3
Lane Oleg Mclaughlin,LOM0086,0.09,0.0571428571428571,0.1942857142857142,0.14375,0.11,3
Simone Scarlet Rose,SSR0278,0.17,0.1828571428571428,0.2571428571428571,0.09375,0.08,3
Adena Lisandra Hardin,ALH0402,0.215,0.1314285714285714,0.2457142857142857,0.2875,0.1066666666666666,4
Anastasia Kylan Kaufman,AKK0329,0.225,0.1257142857142857,0.1428571428571428,0.24375,0.0733333333333333,4
Eugenia Whilemina Harrington,EWH0191,0.165,0.0971428571428571,0.1257142857142857,0.14375,0.09,1
Todd Vance Spears,TVS0050,0.2,0.2171428571428571,0.1028571428571428,0.1875,0.0966666666666666,2
Troy Uriah Conway,TUC0632,0.19,0.2514285714285714,0.0571428571428571,0.08125,0.1033333333333333,2
Sonia Karly Goodwin,SKG0759,0.11,0.0857142857142857,0.2457142857142857,0.25625,0.0866666666666666,4
Isabella Marah Graham,IMG0320,0.185,0.08,0.0685714285714285,0.15,0.0766666666666666,1
Blair Bruno Grimes,BBG0325,0.205,0.2857142857142857,0.1714285714285714,0.23125,0.1333333333333333,2
Chanda Tamekah William,CTW0500,0.19,0.2057142857142857,0.1142857142857142,0.21875,0.1166666666666666,4
Sonya Beatrice Nichols,SBN0495,0.195,0.1257142857142857,0.2457142857142857,0.15,0.07,3
Emerald Lysandra Hodges,ELH0960,0.2,0.2457142857142857,0.1485714285714285,0.25625,0.0733333333333333,4
Brynn Madeline Sherman,BMS0877,0.155,0.2857142857142857,0.0628571428571428,0.26875,0.11,2
Thomas Shad Guthrie,TSG0906,0.205,0.12,0.2285714285714285,0.175,0.0933333333333333,3
Rebecca Kelsie Daugherty,RKD0604,0.085,0.2628571428571428,0.2057142857142857,0.2375,0.1033333333333333,2
Jakeem Magee Knight,JMK0099,0.2,0.2114285714285714,0.2342857142857143,0.25625,0.0833333333333333,4
Macon Kyle Pope,MKP0861,0.18,0.24,0.2228571428571428,0.2125,0.0966666666666666,2
Honorato Ivan Wall,HIW0536,0.195,0.2857142857142857,0.1428571428571428,0.15,0.0666666666666666,2
Cherokee Tashya Ramirez,CTR0697,0.18,0.0857142857142857,0.1885714285714285,0.15625,0.1133333333333333,3
Blaine Helen Cervantes,BHC0665,0.07,0.12,0.0685714285714285,0.075,0.1066666666666666,2
Dominic Calvin Hewitt,DCH0843,0.1,0.1771428571428571,0.0628571428571428,0.1125,0.12,2
Wade Ira Frazier,WIF0691,0.165,0.2228571428571428,0.2114285714285714,0.1875,0.08,2
Hanae Wendy Meyer,HWM0342,0.225,0.2514285714285714,0.2342857142857143,0.24375,0.1133333333333333,2
Mufutau Nehru Contreras,MNC0717,0.15,0.2114285714285714,0.1257142857142857,0.1375,0.1133333333333333,2
Abel Reese Boone,ARB0881,0.19,0.2628571428571428,0.2457142857142857,0.0625,0.1166666666666666,2
Azalia Halee Cantu,AHC0142,0.17,0.1314285714285714,0.2285714285714285,0.09375,0.0866666666666666,3
Zenia Freya Macias,ZFM0468,0.175,0.0914285714285714,0.1142857142857142,0.28125,0.1,4
Delilah Iliana Wilkinson,DIW0118,0.185,0.0971428571428571,0.1085714285714285,0.23125,0.0866666666666666,4
Upton Sebastian Holt,USH0199,0.22,0.2228571428571428,0.2628571428571428,0.225,0.0833333333333333,3
Mallory Alexis Daniel,MAD0753,0.25,0.1714285714285714,0.2057142857142857,0.25625,0.11,4
Kim Dara Sullivan,KDS0349,0.09,0.1314285714285714,0.1142857142857142,0.2,0.0966666666666666,4
Laith Jason Britt,LJB0826,0.19,0.12,0.2228571428571428,0.09375,0.1066666666666666,3
Farrah Kim Keith,FKK0055,0.23,0.0914285714285714,0.2114285714285714,0.1,0.09,1
Tara Alma Potts,TAP0551,0.125,0.0971428571428571,0.1542857142857142,0.125,0.0733333333333333,3
Fletcher Perry Cantu,FPC0954,0.11,0.1428571428571428,0.2857142857142857,0.125,0.09,3
Galena Britanney Merritt,GBM0603,0.195,0.24,0.24,0.15,0.1233333333333333,2
Casey Xerxes Conrad,CXC0336,0.115,0.1085714285714285,0.1942857142857142,0.21875,0.1133333333333333,4
Hakeem Mason Mccall,HMM0108,0.165,0.2342857142857143,0.0971428571428571,0.26875,0.0833333333333333,4
Fritz Dale Ellison,FDE0117,0.19,0.2114285714285714,0.1828571428571428,0.25625,0.0933333333333333,4
Fatima Ulla Mcclure,FUM0015,0.165,0.1028571428571428,0.1028571428571428,0.2875,0.1066666666666666,4
Nelle April Bowen,NAB0801,0.14,0.1942857142857142,0.0571428571428571,0.25625,0.0966666666666666,4
Geoffrey Jin Tucker,GJT0386,0.12,0.0742857142857142,0.28,0.2125,0.0866666666666666,3
Kathleen Aline Chan,KAC0124,0.165,0.08,0.1714285714285714,0.1125,0.11,3
Raymond Gray Hyde,RGH0728,0.095,0.1142857142857142,0.2114285714285714,0.1125,0.0966666666666666,3
Charde Cynthia Rasmussen,CCR0863,0.1,0.1714285714285714,0.2114285714285714,0.0875,0.0966666666666666,3
Tiger Tucker Dawson,TTD1000,0.17,0.1942857142857142,0.1371428571428571,0.25,0.0966666666666666,4
Oleg Kane Britt,OKB0439,0.205,0.24,0.1714285714285714,0.15625,0.09,2
Xander Aaron Acevedo,XAA0104,0.205,0.2285714285714285,0.08,0.2375,0.14,4
Reuben Fulton Pugh,RFP0380,0.195,0.2228571428571428,0.1142857142857142,0.125,0.1066666666666666,2
Josiah Thaddeus Stewart,JTS0389,0.155,0.2057142857142857,0.0628571428571428,0.275,0.1066666666666666,4
Cameran Madonna Shepard,CMS0454,0.215,0.1314285714285714,0.16,0.09375,0.0833333333333333,1
Jaden Kylan Buckley,JKB0126,0.215,0.1371428571428571,0.1085714285714285,0.20625,0.0933333333333333,1
Lillith Adena Matthews,LAM0911,0.21,0.2457142857142857,0.1542857142857142,0.2375,0.0733333333333333,2
Grady Craig Coffey,GCC0744,0.175,0.24,0.0857142857142857,0.15625,0.1033333333333333,2
Colin Lawrence Holder,CLH0703,0.24,0.2342857142857143,0.2685714285714285,0.175,0.0966666666666666,3
Keely Mollie Weiss,KMW0545,0.095,0.0914285714285714,0.1028571428571428,0.14375,0.1066666666666666,4
Piper Sasha Fuentes,PSF0133,0.21,0.2285714285714285,0.0628571428571428,0.225,0.11,2
Nathaniel Hunter Heath,NHH0185,0.205,0.2457142857142857,0.1085714285714285,0.13125,0.11,2
Nehru Cyrus Everett,NCE0097,0.24,0.2057142857142857,0.1142857142857142,0.06875,0.1166666666666666,1
Camilla Camille Leach,CCL0068,0.065,0.0914285714285714,0.1314285714285714,0.11875,0.0766666666666666,3
Anne Jane Carey,AJC0840,0.07,0.1371428571428571,0.1085714285714285,0.20625,0.1233333333333333,4
George Cade Chen,GCC0945,0.15,0.2228571428571428,0.1028571428571428,0.15625,0.09,2
Noah Andrew Beck,NAB0903,0.22,0.1714285714285714,0.1085714285714285,0.1875,0.1233333333333333,1
Alice Orli Stout,AOS0987,0.08,0.1828571428571428,0.2285714285714285,0.1875,0.09,3
Jana Amanda Dorsey,JAD0609,0.09,0.1314285714285714,0.1485714285714285,0.225,0.11,4
Alea Maggie Whitfield,AMW0392,0.235,0.2685714285714285,0.1257142857142857,0.275,0.0866666666666666,4
Fay Ingrid Rodriquez,FIR0920,0.2,0.0628571428571428,0.2514285714285714,0.125,0.09,3
Rowan Neve Parks,RNP0211,0.195,0.0857142857142857,0.1428571428571428,0.25,0.1,4
Rose Hanae Yates,RHY0079,0.1,0.1085714285714285,0.08,0.13125,0.0866666666666666,4
Chiquita Linda Stokes,CLS0296,0.135,0.0914285714285714,0.1428571428571428,0.1125,0.11,3
Julian Samson Allen,JSA0775,0.25,0.2628571428571428,0.24,0.11875,0.11,2
Rina Denise Mcgee,RDM0115,0.21,0.0971428571428571,0.2228571428571428,0.09375,0.1,3
Joel Kennan Mccarty,JKM0303,0.23,0.0571428571428571,0.2514285714285714,0.09375,0.1166666666666666,3
Irene Jemima Meyers,IJM0139,0.225,0.0971428571428571,0.0857142857142857,0.1875,0.1166666666666666,1
September Vielka Livingston,SVL0940,0.075,0.24,0.1485714285714285,0.09375,0.1133333333333333,2
Lacota Dahlia Good,LDG0459,0.1,0.2342857142857143,0.0571428571428571,0.3125,0.1133333333333333,4
Raymond Otto Bond,ROB0272,0.195,0.2571428571428571,0.1314285714285714,0.25625,0.1133333333333333,2
Lamar Nissim Strickland,LNS0989,0.17,0.2171428571428571,0.2571428571428571,0.1875,0.1033333333333333,3
Charissa Nyssa Mcgee,CNM0800,0.16,0.0628571428571428,0.2285714285714285,0.2375,0.08,4
Halla Germaine Nolan,HGN0287,0.225,0.1714285714285714,0.1028571428571428,0.1125,0.09,1
Kay Maxine Skinner,KMS0657,0.085,0.1771428571428571,0.12,0.10625,0.0966666666666666,2
Beverly Melissa Garner,BMG0917,0.215,0.2057142857142857,0.2342857142857143,0.14375,0.1133333333333333,3
Hollee Vanna Becker,HVB0037,0.085,0.24,0.2342857142857143,0.275,0.0866666666666666,4
Phelan Nissim Howell,PNH0761,0.18,0.28,0.1542857142857142,0.2,0.1,2
Jackson Linus Wilkerson,JLW0053,0.21,0.2342857142857143,0.1028571428571428,0.2375,0.1033333333333333,4
Justine Nola Adkins,JNA0559,0.05,0.0571428571428571,0.2342857142857143,0.0625,0.1033333333333333,3
Orla Yolanda Middleton,OYM0026,0.115,0.1485714285714285,0.1028571428571428,0.225,0.0933333333333333,4
Naida Imelda Hughes,NIH0969,0.215,0.1428571428571428,0.2457142857142857,0.1375,0.0733333333333333,3
Rogan Chandler Coffey,RCC0617,0.165,0.2857142857142857,0.0742857142857142,0.075,0.09,2
Grady Jordan Duran,GJD0298,0.215,0.2228571428571428,0.0685714285714285,0.25,0.09,4
Marcia Lillian Lynn,MLL0598,0.22,0.0971428571428571,0.1314285714285714,0.30625,0.0966666666666666,4
Daria Samantha Mcbride,DSM0591,0.1,0.2,0.1028571428571428,0.26875,0.1166666666666666,4
Bernard Tobias Landry,BTL0226,0.18,0.2514285714285714,0.2114285714285714,0.2375,0.1033333333333333,2
Selma Barbara Nicholson,SBN0971,0.205,0.2285714285714285,0.0971428571428571,0.29375,0.1,4
Camilla Claire Whitehead,CCW0524,0.2,0.1428571428571428,0.1142857142857142,0.13125,0.0833333333333333,1
Ira Wyatt Moss,IWM0816,0.175,0.24,0.2857142857142857,0.275,0.0933333333333333,3
John Omar Lancaster,JOL0024,0.25,0.2285714285714285,0.1371428571428571,0.13125,0.0966666666666666,1
Ella Nita Lewis,ENL0100,0.195,0.1028571428571428,0.24,0.21875,0.07,3
Talon Ian Ware,TIW0299,0.17,0.1085714285714285,0.1085714285714285,0.075,0.1033333333333333,1
Zachery Samson Kerr,ZSK0258,0.19,0.2,0.12,0.23125,0.0833333333333333,4
Chaim Grant Fernandez,CGF0337,0.16,0.1714285714285714,0.2457142857142857,0.09375,0.1033333333333333,3
Erich Harding Bryant,EHB0420,0.225,0.24,0.2171428571428571,0.10625,0.0666666666666666,2
Rhona Germane Nelson,RGN0408,0.055,0.12,0.1257142857142857,0.1375,0.1066666666666666,4
Frances Hermione Owens,FHO0630,0.14,0.2514285714285714,0.1314285714285714,0.075,0.0866666666666666,2
Jescie Kristen Jenkins,JKJ0698,0.08,0.2171428571428571,0.0914285714285714,0.1375,0.0933333333333333,2
Shana Callie Ferguson,SCF0608,0.175,0.1028571428571428,0.24,0.2625,0.12,4
Blythe Veda Cooke,BVC0790,0.12,0.1028571428571428,0.1028571428571428,0.225,0.1266666666666666,4
Noel Reagan Foster,NRF0137,0.05,0.28,0.2171428571428571,0.10625,0.1066666666666666,2
Hashim Damon Dudley,HDD0789,0.22,0.2228571428571428,0.1714285714285714,0.0625,0.0966666666666666,2
Irma Eugenia Booker,IEB0153,0.22,0.1428571428571428,0.2228571428571428,0.15,0.12,3
Idola Carly Haley,ICH0294,0.16,0.1542857142857142,0.1142857142857142,0.25,0.0866666666666666,4
Zena Sigourney Langley,ZSL0305,0.105,0.1485714285714285,0.1028571428571428,0.25625,0.1066666666666666,4
Ann Jolie Potts,AJP0723,0.12,0.1657142857142857,0.0971428571428571,0.075,0.0966666666666666,2
Galena Deborah Francis,GDF0704,0.125,0.0742857142857142,0.12,0.18125,0.12,4
Thor Jameson Diaz,TJD0996,0.17,0.1257142857142857,0.24,0.1,0.1066666666666666,3
Ocean Maite Summers,OMS0101,0.1,0.0685714285714285,0.12,0.1375,0.0966666666666666,4
Bevis Christopher Mcknight,BCM0653,0.225,0.1942857142857142,0.2342857142857143,0.1125,0.1033333333333333,3
Brett Damian Beck,BDB0453,0.205,0.24,0.1542857142857142,0.25625,0.0866666666666666,4
Nash Conan Knight,NCK0421,0.2,0.2342857142857143,0.1028571428571428,0.26875,0.08,4
Lunea Priscilla Hardy,LPH0572,0.2,0.0742857142857142,0.0971428571428571,0.2375,0.12,4
Meredith Florence Valdez,MFV0897,0.09,0.0742857142857142,0.1314285714285714,0.15625,0.11,4
Myles August Heath,MAH0149,0.205,0.2228571428571428,0.2171428571428571,0.16875,0.1333333333333333,2
Ella Cassandra Rivera,ECR0822,0.08,0.1085714285714285,0.0971428571428571,0.14375,0.0966666666666666,4
Preston Odysseus Bryan,POB0343,0.23,0.1085714285714285,0.2514285714285714,0.16875,0.1133333333333333,3
Iris Rhea Terrell,IRT0491,0.085,0.1714285714285714,0.1542857142857142,0.25625,0.1066666666666666,4
Halla Kendall Irwin,HKI0171,0.155,0.0971428571428571,0.1714285714285714,0.28125,0.09,4
Deanna Imelda Blanchard,DIB0285,0.065,0.2571428571428571,0.0971428571428571,0.3125,0.0966666666666666,4
Imani Aubrey Ray,IAR0694,0.06,0.0971428571428571,0.2514285714285714,0.25,0.1133333333333333,3
Cora Maisie Mclean,CMM0487,0.195,0.1257142857142857,0.24,0.25,0.1,4
Leslie Cassandra Colon,LCC0819,0.16,0.08,0.0628571428571428,0.09375,0.09,1
Armand Gabriel Brewer,AGB0643,0.16,0.2228571428571428,0.1142857142857142,0.275,0.09,4
Portia Illana David,PID0426,0.215,0.1085714285714285,0.2228571428571428,0.275,0.0766666666666666,4
Hadley Leandra May,HLM0933,0.18,0.1371428571428571,0.1314285714285714,0.26875,0.1,4
Keaton Ronan Leonard,KRL0062,0.185,0.0914285714285714,0.0971428571428571,0.125,0.11,1
Meghan Phoebe Macias,MPM0220,0.175,0.1142857142857142,0.24,0.1375,0.0666666666666666,3
Jonah Dakota Bird,JDB0169,0.1,0.08,0.1314285714285714,0.3,0.11,4
Amal Alexander Shelton,AAS0442,0.18,0.2457142857142857,0.1257142857142857,0.1375,0.1033333333333333,2
Zorita Jaime Spears,ZJS0269,0.15,0.1942857142857142,0.0914285714285714,0.21875,0.09,4
Cleo Jeanette Morales,CJM0521,0.065,0.1028571428571428,0.2114285714285714,0.1125,0.08,3
Morgan Deborah Hoover,MDH0580,0.205,0.2114285714285714,0.1028571428571428,0.25,0.1033333333333333,4
Jackson Rafael Sutton,JRS0362,0.25,0.2857142857142857,0.08,0.23125,0.08,2
Wynne Xyla Hartman,WXH0872,0.085,0.1142857142857142,0.1085714285714285,0.13125,0.0833333333333333,4
Montana Hannah Arnold,MHA0798,0.055,0.1542857142857142,0.0971428571428571,0.1375,0.1333333333333333,2
Jane Zia Day,JZD0888,0.1,0.1142857142857142,0.1714285714285714,0.0875,0.1,3
Hedwig Dai Duffy,HDD0806,0.235,0.16,0.2057142857142857,0.11875,0.1266666666666666,1
Bruce Sawyer Barrera,BSB0990,0.17,0.2514285714285714,0.0742857142857142,0.26875,0.1233333333333333,4
Amy Lucy Chen,ALC0788,0.17,0.1028571428571428,0.0857142857142857,0.225,0.1166666666666666,4
Jonas Connor Riddle,JCR0921,0.235,0.2628571428571428,0.1771428571428571,0.25,0.1133333333333333,2
Rogan Reuben Alexander,RRA0938,0.175,0.2057142857142857,0.12,0.2375,0.0966666666666666,4
Seth Harlan Walls,SHW0578,0.195,0.24,0.08,0.30625,0.1033333333333333,4
Gil Calvin Lindsay,GCL0016,0.225,0.1828571428571428,0.1142857142857142,0.15,0.1133333333333333,1
Garrett Omar Kelly,GOK0238,0.165,0.2457142857142857,0.1542857142857142,0.25,0.11,4
Buckminster Connor Bush,BCB0679,0.23,0.2057142857142857,0.2228571428571428,0.19375,0.1033333333333333,1
Ivor Herrod Kaufman,IHK0841,0.175,0.1314285714285714,0.2342857142857143,0.175,0.0966666666666666,3
Sawyer Arden Puckett,SAP0867,0.065,0.1428571428571428,0.2457142857142857,0.11875,0.1,3
Alma Leila Duncan,ALD0529,0.175,0.12,0.1085714285714285,0.13125,0.09,1
Kenyon Raja Galloway,KRG0158,0.17,0.2171428571428571,0.24,0.0875,0.09,3
Teegan Jillian Burris,TJB0302,0.21,0.2685714285714285,0.1371428571428571,0.25,0.0966666666666666,2
Ivan Levi Craig,ILC0838,0.2,0.2057142857142857,0.24,0.1,0.11,3
Renee Ivana Hayden,RIH0777,0.13,0.2514285714285714,0.1085714285714285,0.1,0.09,2
Hermione Casey Witt,HCW0419,0.2,0.12,0.2,0.2125,0.1166666666666666,4
Demetrius Alvin Levy,DAL0673,0.195,0.2,0.2628571428571428,0.25625,0.12,3
Roth Mannix Simon,RMS0266,0.165,0.2285714285714285,0.1428571428571428,0.14375,0.1233333333333333,2
Kibo Dolan Turner,KDT0346,0.18,0.2342857142857143,0.0571428571428571,0.1375,0.11,2
Kay Alexa Logan,KAL0395,0.065,0.1371428571428571,0.1257142857142857,0.175,0.0966666666666666,4
Abdul Ralph Deleon,ARD0509,0.25,0.2285714285714285,0.2,0.2,0.1066666666666666,1
Blair Todd Long,BTL0722,0.195,0.2342857142857143,0.2057142857142857,0.10625,0.1633333333333333,2
Whilemina Pandora England,WPE0538,0.105,0.0914285714285714,0.1314285714285714,0.1375,0.1166666666666666,4
Candice Lunea Fischer,CLF0852,0.18,0.2571428571428571,0.16,0.1125,0.0866666666666666,2
Honorato Joseph Adkins,HJA0018,0.195,0.2457142857142857,0.2685714285714285,0.23125,0.1066666666666666,3
Mariko Ivana Mckee,MIM0712,0.08,0.0857142857142857,0.2228571428571428,0.14375,0.0733333333333333,3
Casey Edward Joyce,CEJ0109,0.105,0.2628571428571428,0.0971428571428571,0.10625,0.1066666666666666,2
Jeanette Cally Whitfield,JCW0858,0.07,0.2,0.1257142857142857,0.25625,0.13,4
Daria Felicia Rowland,DFR0218,0.225,0.08,0.1257142857142857,0.23125,0.09,4
Byron Armand Livingston,BAL0044,0.07,0.2342857142857143,0.1485714285714285,0.275,0.1,4
Ashely Sarah Shields,ASS0206,0.06,0.1028571428571428,0.1142857142857142,0.175,0.1,4
Isaiah Upton Buchanan,IUB0565,0.22,0.2228571428571428,0.2,0.1375,0.1,2
Alec Scott Goff,ASG0048,0.205,0.2057142857142857,0.1085714285714285,0.15,0.1233333333333333,2
Tyler Eden Talley,TET0621,0.15,0.2114285714285714,0.2514285714285714,0.2,0.09,3
Alexander Rafael Arnold,ARA0252,0.195,0.2228571428571428,0.1542857142857142,0.13125,0.1166666666666666,2
Axel Malik Rosa,AMR0318,0.225,0.2857142857142857,0.0971428571428571,0.15625,0.07,2
William Trevor Fuentes,WTF0387,0.2,0.1314285714285714,0.2285714285714285,0.15625,0.08,3
Akeem Jerry Lopez,AJL0462,0.08,0.1371428571428571,0.2514285714285714,0.19375,0.0933333333333333,3
Skyler Deborah Frazier,SDF0017,0.055,0.2285714285714285,0.2228571428571428,0.1125,0.1,2
Raven Deirdre Morrison,RDM0150,0.195,0.0857142857142857,0.2114285714285714,0.1625,0.1,3
Hiroko Kiona Faulkner,HKF0831,0.115,0.24,0.28,0.13125,0.08,3
Dustin Gage Franco,DGF0443,0.195,0.2514285714285714,0.1028571428571428,0.175,0.11,2
Cora Aurora Buckner,CAB0614,0.085,0.2171428571428571,0.1257142857142857,0.075,0.1133333333333333,2
Devin Brett Guzman,DBG0261,0.225,0.2685714285714285,0.0971428571428571,0.225,0.0933333333333333,2
Zeph Dakota Wilkerson,ZDW0859,0.195,0.2571428571428571,0.1485714285714285,0.25625,0.1066666666666666,2
Ulric Colt Holt,UCH0519,0.165,0.2285714285714285,0.1142857142857142,0.29375,0.0933333333333333,4
Caesar Allen Cash,CAC0889,0.23,0.28,0.1828571428571428,0.25625,0.09,2
Ezra Hilel Dyer,EHD0584,0.19,0.2285714285714285,0.24,0.26875,0.0733333333333333,4
Oscar Laith Berger,OLB0749,0.215,0.2,0.1142857142857142,0.24375,0.12,4
Brock William Hunter,BWH0813,0.18,0.2057142857142857,0.1885714285714285,0.125,0.1,2
Dorothy Marny Goff,DMG0358,0.095,0.2228571428571428,0.08,0.15625,0.0966666666666666,2
Magee Ashton Evans,MAE0331,0.18,0.2228571428571428,0.1028571428571428,0.075,0.0933333333333333,2
Ainsley MacKensie Doyle,AMD0077,0.115,0.1085714285714285,0.0685714285714285,0.15625,0.0833333333333333,4
Xanthus Louis Buck,XLB0710,0.23,0.2171428571428571,0.2228571428571428,0.225,0.0666666666666666,1
Deirdre Amaya Garcia,DAG0558,0.1,0.0914285714285714,0.2114285714285714,0.15625,0.0866666666666666,3
Whilemina Liberty Velez,WLV0566,0.05,0.1085714285714285,0.2171428571428571,0.15,0.13,3
Eugenia Hannah Blanchard,EHB0824,0.23,0.2228571428571428,0.1257142857142857,0.275,0.1033333333333333,4
Fuller Baker Warner,FBW0747,0.215,0.2571428571428571,0.2,0.15625,0.0933333333333333,2
Stuart Nicolas Cervantes,SNC0187,0.2,0.2342857142857143,0.24,0.1875,0.09,3
Ira Brendan Ball,IBB0359,0.24,0.1885714285714285,0.12,0.26875,0.1266666666666666,4
Ramona Alma Moses,RAM0447,0.175,0.0685714285714285,0.1314285714285714,0.28125,0.13,4
Alden Jesse Day,AJD0074,0.095,0.2114285714285714,0.2571428571428571,0.1375,0.1133333333333333,3
Megan Simone Hess,MSH0040,0.205,0.0628571428571428,0.2514285714285714,0.16875,0.1033333333333333,3
Quyn Jolie Rosario,QJR0688,0.095,0.1028571428571428,0.1257142857142857,0.1625,0.1166666666666666,4
Hilel Tobias Flynn,HTF0641,0.19,0.1371428571428571,0.1028571428571428,0.1375,0.0933333333333333,1
Rosalyn Daphne Tillman,RDT0424,0.19,0.2514285714285714,0.1085714285714285,0.2125,0.0933333333333333,2
Xenos Rudyard Small,XRS0633,0.17,0.2228571428571428,0.2228571428571428,0.25,0.0766666666666666,4
Risa Lana Guthrie,RLG0856,0.09,0.2057142857142857,0.24,0.1125,0.0866666666666666,3
Meredith Lunea Delaney,MLD0755,0.12,0.1028571428571428,0.1085714285714285,0.26875,0.1233333333333333,4
Mariko Olga Snyder,MOS0047,0.245,0.2228571428571428,0.1371428571428571,0.2125,0.0766666666666666,1
Emerson Tyrone Rojas,ETR0177,0.09,0.0857142857142857,0.2342857142857143,0.1625,0.13,3
Ruth Yael Burris,RYB0718,0.095,0.1028571428571428,0.24,0.08125,0.07,3
August Armando Evans,AAE0190,0.18,0.1714285714285714,0.08,0.3125,0.0966666666666666,4
Nicolas Alvin Fitzpatrick,NAF0033,0.17,0.2285714285714285,0.1085714285714285,0.21875,0.0966666666666666,2
Deborah Victoria Mcclure,DVM0265,0.235,0.2285714285714285,0.0571428571428571,0.15,0.1033333333333333,1
Jolene Frances Carey,JFC0757,0.155,0.12,0.2171428571428571,0.225,0.1266666666666666,4
Azalia Orli Beach,AOB0019,0.055,0.0971428571428571,0.0742857142857142,0.15,0.0933333333333333,4
Anika Isabella Pennington,AIP0394,0.085,0.0914285714285714,0.2171428571428571,0.0875,0.0866666666666666,3
Jin Jonathan Buckley,JJB0127,0.13,0.12,0.2171428571428571,0.1875,0.1066666666666666,3
Mallory Carol Spence,MCS0035,0.21,0.0971428571428571,0.2171428571428571,0.09375,0.11,3
Alec Boris Chase,ABC0253,0.105,0.0857142857142857,0.2342857142857143,0.1875,0.0933333333333333,3
Tasha Quail Sanchez,TQS0212,0.07,0.24,0.2571428571428571,0.125,0.09,3
Roanna Sacha Monroe,RSM0277,0.185,0.2171428571428571,0.1142857142857142,0.3125,0.0733333333333333,4
Jeanette Eliana Rivera,JER0404,0.19,0.2628571428571428,0.1028571428571428,0.1,0.1,2
Chastity Ima Gibson,CIG0052,0.085,0.2571428571428571,0.0971428571428571,0.1,0.08,2
Igor Ishmael Ward,IIW0249,0.195,0.2057142857142857,0.2457142857142857,0.2375,0.0933333333333333,3
Hector Vance Foster,HVF0067,0.22,0.2,0.1257142857142857,0.26875,0.1366666666666666,4
Hayes William Wheeler,HWW0436,0.225,0.2114285714285714,0.1314285714285714,0.16875,0.11,1
Plato Ethan Valdez,PEV0323,0.235,0.1942857142857142,0.2285714285714285,0.1375,0.0966666666666666,1
Pearl Georgia Owen,PGO0433,0.22,0.2285714285714285,0.1085714285714285,0.2875,0.1166666666666666,4
Mallory Virginia Bender,MVB0515,0.19,0.08,0.1885714285714285,0.19375,0.0933333333333333,4
Timon Jacob Gay,TJG0582,0.21,0.2857142857142857,0.1028571428571428,0.09375,0.0966666666666666,2
Sasha Rina Huffman,SRH0155,0.17,0.08,0.2114285714285714,0.28125,0.0933333333333333,4
Ian Jonas Morrow,IJM0444,0.18,0.2,0.2228571428571428,0.21875,0.0866666666666666,3
Colt Ishmael Mccall,CIM0271,0.12,0.1542857142857142,0.0571428571428571,0.125,0.1266666666666666,2
Cameron Shay Lester,CSL0949,0.18,0.1142857142857142,0.1028571428571428,0.15625,0.0933333333333333,1
Anthony Aidan Nixon,AAN0823,0.12,0.0914285714285714,0.2571428571428571,0.15,0.0933333333333333,3
Jonathan Gary Terry,JGT0221,0.225,0.1714285714285714,0.0914285714285714,0.25,0.06,4
Adam Kendall Harrell,AKH0758,0.12,0.2171428571428571,0.2285714285714285,0.23125,0.09,4
Harrison Samuel Gonzales,HSG0818,0.09,0.1085714285714285,0.2742857142857143,0.225,0.1033333333333333,3
Mercedes Ina Landry,MIL0255,0.19,0.0914285714285714,0.2228571428571428,0.13125,0.09,3
Jared Geoffrey Morin,JGM0934,0.15,0.1257142857142857,0.2342857142857143,0.1375,0.1033333333333333,3
Kermit Coby Oliver,KCO0122,0.15,0.1828571428571428,0.1485714285714285,0.2375,0.11,4
Scott Gary Burks,SGB0140,0.25,0.2571428571428571,0.2285714285714285,0.1,0.08,2
Nichole Azalia Frye,NAF0326,0.165,0.0857142857142857,0.1428571428571428,0.125,0.1,1
Igor Ulric Yang,IUY0279,0.19,0.2171428571428571,0.0971428571428571,0.13125,0.0966666666666666,2
Eve Isadora Mckenzie,EIM0156,0.095,0.1771428571428571,0.2457142857142857,0.28125,0.11,4
Alan Benjamin Holder,ABH0663,0.235,0.28,0.2342857142857143,0.06875,0.1133333333333333,2
Eagan Zephania Talley,EZT0640,0.06,0.0857142857142857,0.1542857142857142,0.24375,0.09,4
Beatrice Alexis Kidd,BAK0964,0.125,0.0914285714285714,0.1257142857142857,0.1125,0.0933333333333333,3
Jack Carlos Cannon,JCC0225,0.235,0.2571428571428571,0.2285714285714285,0.09375,0.06,2
Erich Malik Wolf,EMW0105,0.175,0.2285714285714285,0.0971428571428571,0.25625,0.1133333333333333,4
Kasper Lance Huffman,KLH0596,0.15,0.0571428571428571,0.2,0.075,0.0966666666666666,3
Shea Jane Franks,SJF0094,0.175,0.1085714285714285,0.0914285714285714,0.275,0.1,4
Charity Stacey Jennings,CSJ0340,0.225,0.1371428571428571,0.1085714285714285,0.2375,0.0833333333333333,4
Rae Melissa Wilson,RMW0542,0.085,0.12,0.1142857142857142,0.08125,0.1366666666666666,5
Jorden Helen Pierce,JHP0583,0.185,0.1428571428571428,0.2285714285714285,0.2625,0.1233333333333333,4
Hollee Shannon Dudley,HSD0457,0.19,0.1085714285714285,0.1142857142857142,0.2625,0.09,4
Yasir Wade Wilcox,YWW0660,0.195,0.2,0.2114285714285714,0.0625,0.12,3
Prescott Giacomo Conley,PGC0066,0.16,0.2228571428571428,0.16,0.26875,0.0866666666666666,4
Medge Serina Obrien,MSO0222,0.16,0.0685714285714285,0.2228571428571428,0.2875,0.0933333333333333,4
Wang Dean Vasquez,WDV0573,0.24,0.2057142857142857,0.0742857142857142,0.19375,0.11,1
Quail Rana Mclean,QRM0739,0.165,0.0628571428571428,0.1485714285714285,0.18125,0.1,4
Alfreda Sierra Savage,ASS0517,0.18,0.2,0.2685714285714285,0.275,0.1066666666666666,4
Leonard Uriel Ramos,LUR0896,0.075,0.0628571428571428,0.2685714285714285,0.26875,0.0933333333333333,4
Eve Shaeleigh Holman,ESH0283,0.22,0.1714285714285714,0.2,0.1125,0.1033333333333333,1
Whoopi Britanney Camacho,WBC0192,0.235,0.2057142857142857,0.2228571428571428,0.24375,0.09,4
Penelope Lysandra Hayes,PLH0715,0.21,0.2114285714285714,0.1085714285714285,0.23125,0.0966666666666666,4
Vivian Sarah Arnold,VSA0230,0.235,0.0857142857142857,0.1428571428571428,0.0875,0.0966666666666666,1
Kermit Jonas Gould,KJG0910,0.185,0.0571428571428571,0.1771428571428571,0.1125,0.0966666666666666,1
Deborah Barbara White,DBW0483,0.085,0.0914285714285714,0.1428571428571428,0.13125,0.1233333333333333,3
Kyla Blythe Carter,KBC0054,0.21,0.2457142857142857,0.0971428571428571,0.25625,0.1066666666666666,4
Cathleen Samantha Craig,CSC0217,0.2,0.0857142857142857,0.1714285714285714,0.2375,0.0933333333333333,4
Burke Rooney Stafford,BRS0734,0.16,0.2228571428571428,0.2685714285714285,0.0625,0.1,3
Keane Nicholas Blevins,KNB0022,0.11,0.2171428571428571,0.2571428571428571,0.1,0.1,3
Paula Isabelle Santiago,PIS0522,0.22,0.1485714285714285,0.2742857142857143,0.25,0.1166666666666666,3
Aretha Dorothy Deleon,ADD0846,0.09,0.1085714285714285,0.1428571428571428,0.075,0.1166666666666666,3
Martin Armand Douglas,MAD0496,0.17,0.1714285714285714,0.2285714285714285,0.2625,0.08,4
Nicholas Kato Pennington,NKP0236,0.225,0.2342857142857143,0.1085714285714285,0.25,0.1033333333333333,4
Valentine Lucian Benjamin,VLB0647,0.24,0.2285714285714285,0.24,0.29375,0.08,4
Dai Keely Bullock,DKB0631,0.17,0.1028571428571428,0.08,0.2875,0.1033333333333333,4
Kylie Elizabeth Santos,KES0729,0.1,0.0571428571428571,0.1371428571428571,0.28125,0.1033333333333333,4
Isadora Buffy Brewer,IBB0696,0.235,0.0742857142857142,0.2057142857142857,0.1,0.11,1
Bethany Lydia Lyons,BLL0929,0.22,0.28,0.0571428571428571,0.25625,0.13,2
Allegra Bree Coffey,ABC0174,0.075,0.2342857142857143,0.1942857142857142,0.08125,0.1066666666666666,2
Hector Abraham Hayes,HAH0248,0.165,0.2457142857142857,0.1257142857142857,0.1125,0.0966666666666666,2
Nyssa Britanney Carver,NBC0412,0.07,0.1428571428571428,0.1028571428571428,0.1125,0.1033333333333333,2
Cade Rajah Patterson,CRP0456,0.185,0.2342857142857143,0.16,0.26875,0.1,4
Josephine Indira Garza,JIG0128,0.125,0.2571428571428571,0.2,0.1125,0.09,2
Ivor Jelani Robbins,IJR0825,0.19,0.24,0.2228571428571428,0.2875,0.1066666666666666,4
Xander Walter Doyle,XWD0923,0.08,0.2171428571428571,0.2571428571428571,0.125,0.1033333333333333,3
Leslie Denise Dillon,LDD0560,0.125,0.2457142857142857,0.2228571428571428,0.1625,0.1166666666666666,2
Elaine Sonya Hughes,ESH0135,0.175,0.1257142857142857,0.1828571428571428,0.275,0.0933333333333333,4
Risa Hillary Obrien,RHO0732,0.1,0.0571428571428571,0.12,0.11875,0.1133333333333333,3
Dennis Gray Wilson,DGW0752,0.2,0.2628571428571428,0.1142857142857142,0.25,0.0466666666666666,2
Hillary Piper Riddle,HPR0585,0.17,0.2628571428571428,0.0857142857142857,0.2875,0.1166666666666666,4
Teagan Briar Townsend,TBT0461,0.215,0.24,0.0742857142857142,0.1875,0.0933333333333333,2
Sonia Anne Kirkland,SAK0375,0.08,0.1142857142857142,0.1542857142857142,0.1,0.1033333333333333,3
Blaze Jakeem Hahn,BJH0811,0.24,0.2228571428571428,0.2514285714285714,0.0875,0.1333333333333333,3
Thomas Vladimir Stokes,TVS0006,0.215,0.2457142857142857,0.2114285714285714,0.125,0.1366666666666666,2
Frances Alisa Wiggins,FAW0032,0.215,0.1371428571428571,0.0971428571428571,0.23125,0.1233333333333333,4
Wanda Samantha Rogers,WSR0241,0.175,0.1542857142857142,0.0857142857142857,0.15625,0.0966666666666666,1
Lilah Renee Wagner,LRW0970,0.05,0.1485714285714285,0.2228571428571428,0.1375,0.0933333333333333,3
Zachary Myles Cardenas,ZMC0284,0.21,0.1885714285714285,0.2342857142857143,0.1875,0.1033333333333333,3
Samantha Audrey Curtis,SAC0687,0.1,0.28,0.2114285714285714,0.11875,0.0733333333333333,2
Cathleen Kelsey Burke,CKB0427,0.19,0.2171428571428571,0.2057142857142857,0.26875,0.1233333333333333,4
Blaze Trevor Stone,BTS0011,0.125,0.24,0.0914285714285714,0.15625,0.0966666666666666,2
Ingrid Irene Atkins,IIA0092,0.195,0.1714285714285714,0.24,0.0875,0.09,3
Wesley Kasper Duffy,WKD0013,0.21,0.2057142857142857,0.2285714285714285,0.16875,0.1133333333333333,3
Jaden Nicole Johnston,JNJ0556,0.215,0.2571428571428571,0.1257142857142857,0.20625,0.1133333333333333,2
Tarik Linus Hubbard,TLH0648,0.16,0.2,0.1028571428571428,0.15,0.0866666666666666,2
Iona Brenda Payne,IBP0883,0.15,0.1428571428571428,0.0857142857142857,0.06875,0.0566666666666666,1
William Aristotle Sampson,WAS0254,0.215,0.2114285714285714,0.0914285714285714,0.1125,0.1166666666666666,1
Quemby Nita Pollard,QNP0216,0.095,0.2,0.2228571428571428,0.1625,0.1133333333333333,3
Katelyn Lani Murray,KLM0639,0.1,0.0857142857142857,0.1371428571428571,0.25,0.0866666666666666,4
Ariel Ina Barrett,AIB0948,0.21,0.1771428571428571,0.1542857142857142,0.125,0.1033333333333333,1
Raphael Benjamin Bryan,RBB0485,0.2,0.2285714285714285,0.2,0.1875,0.0866666666666666,2
Robert Zeus Cox,RZC0746,0.075,0.2171428571428571,0.1885714285714285,0.26875,0.0866666666666666,4
Myles Donovan Macias,MDM0976,0.205,0.2285714285714285,0.2171428571428571,0.125,0.1033333333333333,2
Xandra Briar Nielsen,XBN0229,0.17,0.0914285714285714,0.0971428571428571,0.25,0.0966666666666666,4
Shaeleigh MacKenzie Harris,SMH0291,0.115,0.1257142857142857,0.0571428571428571,0.15,0.1066666666666666,4
Mallory Charissa Dixon,MCD0125,0.18,0.1485714285714285,0.2857142857142857,0.1375,0.0766666666666666,3
Matthew Harper Glass,MHG0244,0.21,0.2628571428571428,0.12,0.09375,0.0733333333333333,2
Robert Aristotle Stevenson,RAS0432,0.22,0.2685714285714285,0.2285714285714285,0.25625,0.0533333333333333,2
Emily Illana Perry,EIP0997,0.21,0.16,0.1142857142857142,0.15625,0.1133333333333333,1
Elvis Marshall Walton,EMW0772,0.23,0.2342857142857143,0.1142857142857142,0.075,0.0933333333333333,2
Sasha Britanney Quinn,SBQ0786,0.205,0.0971428571428571,0.1085714285714285,0.275,0.1133333333333333,4
Phelan Dieter Hendricks,PDH0716,0.2,0.0914285714285714,0.08,0.0625,0.08,1
George Zachery Burch,GZB0469,0.23,0.2228571428571428,0.1257142857142857,0.28125,0.0933333333333333,4
Naomi Meredith Baxter,NMB0972,0.225,0.1257142857142857,0.0971428571428571,0.125,0.0966666666666666,1
Octavia Nora Leblanc,ONL0276,0.24,0.2628571428571428,0.0971428571428571,0.25625,0.0666666666666666,2
Meghan Brianna Jensen,MBJ0312,0.11,0.2571428571428571,0.28,0.075,0.0866666666666666,3
Daphne Ruby Reilly,DRR0242,0.195,0.1085714285714285,0.2285714285714285,0.25625,0.11,4
Aurora Jael Hopkins,AJH0175,0.095,0.1085714285714285,0.0914285714285714,0.20625,0.1233333333333333,4
Lester Quamar Pearson,LQP0508,0.13,0.2514285714285714,0.12,0.25,0.09,2
Dante Vaughan Weber,DVW0103,0.2,0.2571428571428571,0.2514285714285714,0.13125,0.0966666666666666,2
Sierra Margaret Barker,SMB0804,0.19,0.0571428571428571,0.1085714285714285,0.225,0.11,4
Kylie Brielle Greer,KBG0549,0.08,0.1085714285714285,0.2114285714285714,0.0625,0.1066666666666666,3
Brianna Aretha Hopper,BAH0875,0.215,0.1085714285714285,0.1485714285714285,0.10625,0.1,1
Shelby Lila Turner,SLT0907,0.08,0.0857142857142857,0.2457142857142857,0.16875,0.09,3
Joseph Alan Vaughan,JAV0361,0.18,0.2571428571428571,0.2285714285714285,0.28125,0.11,4
Claire Olivia Martin,COM0321,0.19,0.1028571428571428,0.1942857142857142,0.1125,0.09,3
Chaim Chadwick Chang,CCC0393,0.175,0.1714285714285714,0.2285714285714285,0.1,0.0866666666666666,3
Quintessa Shana Vance,QSV0778,0.085,0.1314285714285714,0.2057142857142857,0.21875,0.11,4
Britanni Marah Cash,BMC0547,0.205,0.1028571428571428,0.1257142857142857,0.13125,0.1166666666666666,1
Akeem William Mayer,AWM0764,0.235,0.2114285714285714,0.2228571428571428,0.2625,0.12,4
Felicia Xantha Farley,FXF0957,0.175,0.1428571428571428,0.2685714285714285,0.225,0.0933333333333333,3
Sylvia Velma Sweet,SVS0871,0.115,0.0857142857142857,0.1942857142857142,0.175,0.11,3
Dexter Jamal Simon,DJS0682,0.11,0.1314285714285714,0.2057142857142857,0.08125,0.1,3
Nigel Harrison Estrada,NHE0919,0.125,0.0914285714285714,0.1828571428571428,0.13125,0.08,3
Meredith Pamela Tanner,MPT0376,0.095,0.2114285714285714,0.2342857142857143,0.3,0.1166666666666666,4
Akeem Quamar Davenport,AQD0820,0.205,0.1771428571428571,0.1542857142857142,0.15,0.13,1
Yardley Ezra Vang,YEV0793,0.2,0.2114285714285714,0.24,0.09375,0.0733333333333333,3
Zane Cadman Fields,ZCF0590,0.21,0.24,0.24,0.15625,0.1033333333333333,2
Kevyn Quin Charles,KQC0708,0.17,0.1028571428571428,0.2228571428571428,0.2625,0.0766666666666666,4
Lavinia Justine Richmond,LJR0523,0.16,0.12,0.0628571428571428,0.20625,0.0833333333333333,4
Caldwell Quamar Head,CQH0701,0.175,0.2857142857142857,0.2228571428571428,0.3125,0.1066666666666666,4
Patricia Denise Wright,PDW0259,0.215,0.1828571428571428,0.2171428571428571,0.225,0.11,4
Fitzgerald Wayne Miranda,FWM0707,0.25,0.2057142857142857,0.2,0.1125,0.1133333333333333,1
Hayes Drake Stephenson,HDS0367,0.25,0.24,0.0914285714285714,0.1875,0.0633333333333333,1
Jeremy Rooney Henderson,JRH0455,0.095,0.12,0.24,0.125,0.1133333333333333,3
Stephanie Eliana Rasmussen,SER0165,0.1,0.0857142857142857,0.1371428571428571,0.10625,0.09,3
Sandra Beverly Diaz,SBD0913,0.225,0.0914285714285714,0.1085714285714285,0.11875,0.14,1
Jerry Kennan Fischer,JKF0465,0.05,0.2114285714285714,0.0685714285714285,0.10625,0.1066666666666666,2
Carl Ferdinand Wong,CFW0264,0.095,0.1828571428571428,0.0971428571428571,0.125,0.09,2
Basia Nevada Riggs,BNR0965,0.235,0.1085714285714285,0.0857142857142857,0.125,0.0733333333333333,1
Alice Sierra Valenzuela,ASV0946,0.175,0.0685714285714285,0.2628571428571428,0.10625,0.0866666666666666,3
Kasimir Nehru Galloway,KNG0672,0.105,0.2285714285714285,0.1028571428571428,0.125,0.09,2
Nola Nerea Ayala,NNA0610,0.105,0.2,0.1028571428571428,0.26875,0.0866666666666666,4
Kane Quinlan Stevenson,KQS0415,0.175,0.24,0.0742857142857142,0.0875,0.1133333333333333,2
Merrill Hiram Hess,MHH0180,0.095,0.2342857142857143,0.2,0.0625,0.0966666666666666,2
Eric Gray Duncan,EGD0132,0.185,0.2171428571428571,0.1885714285714285,0.09375,0.0733333333333333,2
Vladimir Thomas Todd,VTT0385,0.07,0.1485714285714285,0.0971428571428571,0.225,0.0933333333333333,4
Anastasia Sage Griffith,ASG0692,0.13,0.2285714285714285,0.2342857142857143,0.14375,0.09,3
William Price Robles,WPR0368,0.24,0.1942857142857142,0.2285714285714285,0.10625,0.1033333333333333,1
Hu Akeem Vincent,HAV0121,0.23,0.2457142857142857,0.2171428571428571,0.23125,0.09,2
Hayley Carolyn Cunningham,HCC0344,0.125,0.0628571428571428,0.2342857142857143,0.1625,0.0733333333333333,3
Ursa Britanney Frederick,UBF0645,0.17,0.1142857142857142,0.1942857142857142,0.14375,0.1033333333333333,3
Todd Scott Roth,TSR0676,0.215,0.2285714285714285,0.1485714285714285,0.11875,0.11,2
Nathan Kenneth Hicks,NKH0979,0.15,0.2228571428571428,0.24,0.1375,0.1166666666666666,3
Sigourney Xandra Maddox,SXM0895,0.07,0.1028571428571428,0.0857142857142857,0.20625,0.0833333333333333,4
Kenyon Chancellor Sharpe,KCS0173,0.195,0.1142857142857142,0.2857142857142857,0.125,0.1,3
Cyrus Connor Atkinson,CCA0046,0.18,0.2457142857142857,0.1428571428571428,0.09375,0.0933333333333333,2
Priscilla Martha Vinson,PMV0850,0.115,0.2228571428571428,0.0685714285714285,0.2625,0.0766666666666666,4
Preston Kennan Burns,PKB0281,0.195,0.0685714285714285,0.2514285714285714,0.1625,0.0833333333333333,3
Martin Ivan Cooper,MIC0726,0.16,0.2342857142857143,0.2457142857142857,0.10625,0.0766666666666666,3
Samson Denton Oconnor,SDO0170,0.175,0.2685714285714285,0.1257142857142857,0.28125,0.0866666666666666,4
Vincent Avram Aguirre,VAA0087,0.18,0.2514285714285714,0.24,0.1125,0.0766666666666666,2
Emmanuel Lawrence Briggs,ELB0847,0.06,0.0971428571428571,0.0914285714285714,0.11875,0.0933333333333333,4
Sharon Britanni Kerr,SBK0161,0.07,0.1542857142857142,0.1314285714285714,0.25625,0.13,4
Axel Seth Lewis,ASL0378,0.075,0.0857142857142857,0.2342857142857143,0.13125,0.09,3
Tobias Lucas Morin,TLM0797,0.215,0.24,0.1942857142857142,0.14375,0.12,2
Steel Orson Fields,SOF0808,0.225,0.2285714285714285,0.2171428571428571,0.1375,0.09,2
Sybill Grace Mckay,SGM0021,0.205,0.0685714285714285,0.1485714285714285,0.25625,0.11,4
Mark Yardley Dunlap,MYD0978,0.195,0.1828571428571428,0.2057142857142857,0.08125,0.1066666666666666,3
Francis Brian Armstrong,FBA0348,0.205,0.2514285714285714,0.2285714285714285,0.225,0.09,2
August Ronan Lucas,ARL0034,0.205,0.2228571428571428,0.1542857142857142,0.13125,0.0866666666666666,2
Yoshio Joseph Farmer,YJF0532,0.2,0.2,0.1314285714285714,0.29375,0.0866666666666666,4
Rogan Judah Mcintyre,RJM0381,0.205,0.2685714285714285,0.2514285714285714,0.25625,0.0833333333333333,2
Vernon Samuel Sawyer,VSS0154,0.215,0.28,0.0571428571428571,0.25,0.1,2
Jonah Merritt Wilder,JMW0638,0.215,0.12,0.1714285714285714,0.1125,0.1,1
Ivor Kenneth Rollins,IKR0401,0.2,0.24,0.1371428571428571,0.1,0.0966666666666666,2
Eden Merrill Stokes,EMS0317,0.075,0.12,0.2514285714285714,0.0625,0.1033333333333333,3
Finn Tucker Medina,FTM0406,0.155,0.0857142857142857,0.2171428571428571,0.1,0.1133333333333333,3
Raphael Aristotle Ray,RAR0725,0.16,0.1828571428571428,0.1428571428571428,0.125,0.1166666666666666,2
Medge Nichole Sims,MNS0224,0.23,0.12,0.1257142857142857,0.28125,0.1,4
Winter Veda Burks,WVB0539,0.215,0.0914285714285714,0.1028571428571428,0.2625,0.1033333333333333,4
Steel Solomon Garrison,SSG0250,0.175,0.2285714285714285,0.1142857142857142,0.225,0.0833333333333333,2
Madison Lydia Morrison,MLM0950,0.12,0.1142857142857142,0.1657142857142857,0.14375,0.12,3
Harper Price Harris,HPH0075,0.2,0.24,0.2742857142857143,0.15625,0.0933333333333333,3
Veda Martina Jacobson,VMJ0546,0.1,0.2114285714285714,0.1657142857142857,0.24375,0.0866666666666666,4
Nevada Leilani Ortega,NLO0131,0.095,0.0742857142857142,0.2628571428571428,0.25,0.0966666666666666,3
Patricia Emily Salazar,PES0085,0.175,0.1371428571428571,0.1028571428571428,0.1875,0.0733333333333333,4
Otto Hedley Chase,OHC0973,0.21,0.1371428571428571,0.24,0.10625,0.1166666666666666,3
Noble Merrill Fuller,NMF0780,0.22,0.2171428571428571,0.2057142857142857,0.125,0.1133333333333333,1
Leo Elmo Monroe,LEM0605,0.23,0.2857142857142857,0.2285714285714285,0.24375,0.0866666666666666,2
Bruce Eden Clemons,BEC0505,0.175,0.12,0.1714285714285714,0.11875,0.1066666666666666,1
Oliver Logan Fowler,OLF0504,0.205,0.2457142857142857,0.1142857142857142,0.25625,0.1033333333333333,4
Kirestin Vanna Sykes,KVS0425,0.1,0.1085714285714285,0.12,0.1875,0.1166666666666666,4
Arthur Jacob Raymond,AJR0319,0.2,0.0742857142857142,0.2114285714285714,0.1,0.08,3
Diana Lillian Solis,DLS0383,0.05,0.12,0.0685714285714285,0.15625,0.08,4
Bruno Carter Robles,BCR0581,0.1,0.0628571428571428,0.1942857142857142,0.225,0.1,4
Lani Dai Beard,LDB0090,0.2,0.08,0.2228571428571428,0.25625,0.1133333333333333,4
Gwendolyn Amaya Ferrell,GAF0570,0.155,0.0857142857142857,0.2171428571428571,0.2875,0.1166666666666666,4
Noah Nathan Shaffer,NNS0059,0.21,0.1314285714285714,0.2742857142857143,0.14375,0.0833333333333333,3
Joy Rosalyn Leblanc,JRL0574,0.095,0.1485714285714285,0.2,0.29375,0.1333333333333333,4
Natalie Sheila Santiago,NSS0876,0.13,0.1142857142857142,0.1428571428571428,0.2625,0.1033333333333333,4
Slade Orson Burch,SOB0586,0.225,0.2,0.1314285714285714,0.15,0.1,1
Dane Davis Atkins,DDA0476,0.18,0.1428571428571428,0.2228571428571428,0.08125,0.13,3
Dakota Edward Brady,DEB0782,0.21,0.2685714285714285,0.1828571428571428,0.13125,0.12,2
Owen Len Wheeler,OLW0689,0.11,0.1428571428571428,0.2285714285714285,0.21875,0.09,3
MacKensie Mara Grant,MMG0943,0.115,0.1542857142857142,0.16,0.2125,0.0866666666666666,4
Reece Nicolas Lopez,RNL0695,0.235,0.2342857142857143,0.2514285714285714,0.11875,0.12,3
Lacey Nomlanga Rasmussen,LNR0656,0.125,0.2228571428571428,0.0685714285714285,0.1875,0.0766666666666666,2
Albert Mohammad Joseph,AMJ0297,0.08,0.2457142857142857,0.2857142857142857,0.1125,0.0933333333333333,3
Hedwig Regina Livingston,HRL0540,0.215,0.2171428571428571,0.0971428571428571,0.25,0.06,4
Dean Lester Figueroa,DLF0377,0.195,0.2,0.1085714285714285,0.16875,0.1133333333333333,2
Madonna Veronica Hardy,MVH0373,0.22,0.1085714285714285,0.1142857142857142,0.13125,0.0833333333333333,1
Tad Patrick Hardin,TPH0474,0.22,0.2228571428571428,0.08,0.13125,0.1166666666666666,2
Kendall Ciaran Frank,KCF0045,0.2,0.2228571428571428,0.0914285714285714,0.16875,0.1033333333333333,2
Bryar Ivana Sweet,BIS0247,0.18,0.1085714285714285,0.1028571428571428,0.24375,0.1233333333333333,4
Mona Susan Shannon,MSS0001,0.105,0.2514285714285714,0.1371428571428571,0.28125,0.0633333333333333,4
Edward Finn Stokes,EFS0882,0.2,0.2285714285714285,0.2685714285714285,0.15625,0.09,3
Noelani Wynter Kennedy,NWK0215,0.105,0.1085714285714285,0.2571428571428571,0.1125,0.08,3
Philip Nathan Logan,PNL0301,0.25,0.2457142857142857,0.1714285714285714,0.26875,0.1033333333333333,4
Colin Stuart Holloway,CSH0626,0.165,0.0971428571428571,0.2342857142857143,0.1125,0.0766666666666666,3
Beau Hall Watts,BHW0458,0.18,0.1828571428571428,0.16,0.1875,0.0966666666666666,4
Sonya Samantha Hahn,SSH0799,0.115,0.1028571428571428,0.1771428571428571,0.19375,0.1333333333333333,4
Astra Nicole Maldonado,ANM0123,0.11,0.0857142857142857,0.0914285714285714,0.13125,0.0866666666666666,4
Carla Amelia Shannon,CAS0507,0.07,0.2628571428571428,0.1885714285714285,0.06875,0.0833333333333333,2
Denise Ifeoma Doyle,DID0650,0.225,0.12,0.0971428571428571,0.2625,0.07,4
Kirby Amity Tyson,KAT0270,0.105,0.1371428571428571,0.2228571428571428,0.14375,0.09,3
Tara Echo Myers,TEM0977,0.11,0.1085714285714285,0.2285714285714285,0.28125,0.0966666666666666,4
Salvador Herman Raymond,SHR0334,0.18,0.2342857142857143,0.2571428571428571,0.11875,0.1033333333333333,3
Jenna Darrel Charles,JDC0030,0.155,0.1028571428571428,0.1085714285714285,0.13125,0.0866666666666666,1
Colt Kendall Perez,CKP0721,0.2,0.2228571428571428,0.2228571428571428,0.08125,0.1066666666666666,2
Herman Ian Abbott,HIA0414,0.19,0.2228571428571428,0.2228571428571428,0.1125,0.1033333333333333,2
Hakeem Stephen Peck,HSP0290,0.19,0.0857142857142857,0.16,0.125,0.09,1
Howard Raphael Weiss,HRW0550,0.19,0.1942857142857142,0.1371428571428571,0.1375,0.0933333333333333,2
Kaye Brianna Blair,KBB0189,0.245,0.1314285714285714,0.0914285714285714,0.20625,0.1,1
Cain Byron Baldwin,CBB0365,0.185,0.0971428571428571,0.1142857142857142,0.25625,0.11,4
Diana Leigh Hays,DLH0029,0.18,0.1485714285714285,0.2171428571428571,0.1125,0.1033333333333333,3
Nora Regina Oconnor,NRO0768,0.09,0.1028571428571428,0.2342857142857143,0.15625,0.12,3
Nehru Wyatt Tate,NWT0098,0.175,0.2228571428571428,0.1485714285714285,0.225,0.11,4
Quincy Preston Moses,QPM0727,0.215,0.2285714285714285,0.1028571428571428,0.2125,0.1133333333333333,2
Kessie Vielka Trevino,KVT0028,0.22,0.1142857142857142,0.2,0.11875,0.1233333333333333,1
Lamar Francis Scott,LFS0071,0.24,0.1771428571428571,0.08,0.10625,0.0833333333333333,1
Wing Noah Bonner,WNB0908,0.19,0.2171428571428571,0.2171428571428571,0.1375,0.0766666666666666,2
Patience Audrey Douglas,PAD0773,0.18,0.12,0.08,0.1,0.1266666666666666,1
Bert Jason Henderson,BJH0354,0.11,0.12,0.1771428571428571,0.125,0.12,3
Oscar Nolan Wooten,ONW0083,0.23,0.1714285714285714,0.1428571428571428,0.1875,0.0866666666666666,1
Sarah Susan Jarvis,SSJ0784,0.095,0.2228571428571428,0.0685714285714285,0.28125,0.1133333333333333,4
Kyla Jocelyn Porter,KJP0371,0.18,0.12,0.1428571428571428,0.09375,0.1,1
Isabelle Maggie Benjamin,IMB0481,0.095,0.2342857142857143,0.2171428571428571,0.26875,0.1266666666666666,4
Britanney Quail Snyder,BQS0525,0.21,0.2171428571428571,0.1085714285714285,0.28125,0.1,4
Beck Troy Richards,BTR0403,0.235,0.2685714285714285,0.12,0.10625,0.0933333333333333,2
Declan Lester Moss,DLM0051,0.185,0.2114285714285714,0.0971428571428571,0.125,0.1166666666666666,2
Addison Hiram Morrow,AHM0410,0.17,0.2457142857142857,0.0857142857142857,0.1125,0.0866666666666666,2
Carter Harrison Maldonado,CHM0821,0.24,0.0628571428571428,0.2228571428571428,0.11875,0.0766666666666666,1
Jocelyn Bree Mccray,JBM0350,0.185,0.12,0.0685714285714285,0.28125,0.0833333333333333,4
Joseph Raja Gaines,JRG0207,0.21,0.2114285714285714,0.2285714285714285,0.13125,0.09,3
Prescott Laith Harding,PLH0862,0.16,0.2114285714285714,0.1428571428571428,0.1,0.1066666666666666,2
Reed Chaim Perkins,RCP0785,0.21,0.2171428571428571,0.2457142857142857,0.1875,0.1066666666666666,3
Neve Sarah Crane,NSC0597,0.095,0.0742857142857142,0.0628571428571428,0.275,0.1033333333333333,4
Ayanna Vivian Murray,AVM0947,0.05,0.1428571428571428,0.1714285714285714,0.275,0.13,4
Molly Sacha Zimmerman,MSZ0310,0.12,0.2171428571428571,0.1028571428571428,0.19375,0.0966666666666666,2
Stewart Dale Berger,SDB0106,0.175,0.2628571428571428,0.1485714285714285,0.16875,0.1233333333333333,2
Hakeem Arden Curry,HAC0282,0.185,0.1828571428571428,0.2171428571428571,0.075,0.0933333333333333,3
Hadley Sonya Bowen,HSB0196,0.22,0.0742857142857142,0.2457142857142857,0.1875,0.11,3
Ayanna Sylvia Blankenship,ASB0796,0.15,0.2285714285714285,0.1314285714285714,0.2375,0.1133333333333333,4
Wynter Rose Mercer,WRM0963,0.085,0.1314285714285714,0.2457142857142857,0.19375,0.0733333333333333,3
Brianna Rebecca Mcintyre,BRM0995,0.1,0.0628571428571428,0.1828571428571428,0.1625,0.1333333333333333,3
Sebastian Elliott Sexton,SES0477,0.19,0.2285714285714285,0.0742857142857142,0.24375,0.0966666666666666,4
Jerry Tad Mccall,JTM0223,0.175,0.2742857142857143,0.1142857142857142,0.13125,0.1,2
Ria Neve Flores,RNF0765,0.205,0.1257142857142857,0.2114285714285714,0.25625,0.0833333333333333,4
Graiden Nehru Zimmerman,GNZ0953,0.13,0.1028571428571428,0.1485714285714285,0.225,0.0966666666666666,4
Hadassah Riley Baker,HRB0351,0.095,0.0685714285714285,0.2457142857142857,0.2625,0.12,4
Zia Shelley Blankenship,ZSB0649,0.115,0.1428571428571428,0.2057142857142857,0.0875,0.0866666666666666,3
Axel Donovan Compton,ADC0391,0.25,0.2457142857142857,0.2285714285714285,0.20625,0.1266666666666666,1
Penelope Montana Colon,PMC0328,0.1,0.2457142857142857,0.0571428571428571,0.225,0.11,2
Idola Lana Jarvis,ILJ0526,0.165,0.2857142857142857,0.1314285714285714,0.2875,0.0833333333333333,4
Amaya Noelle Terrell,ANT0430,0.06,0.1085714285714285,0.1314285714285714,0.3,0.1033333333333333,4
Dean Flynn Hines,DFH0188,0.175,0.2285714285714285,0.1028571428571428,0.2375,0.08,4
Lee Lacey Velez,LLV0602,0.18,0.0571428571428571,0.2057142857142857,0.23125,0.11,4
Grace Charde Roth,GCR0554,0.08,0.0914285714285714,0.2342857142857143,0.14375,0.1233333333333333,3
Samson Jeremy Ortega,SJO0209,0.195,0.2571428571428571,0.1028571428571428,0.24375,0.1166666666666666,2
Nadine Gay Cross,NGC0058,0.22,0.2571428571428571,0.2228571428571428,0.09375,0.09,2
Yolanda Idona Crosby,YIC0195,0.09,0.28,0.1085714285714285,0.25,0.1033333333333333,2
Eden Deborah Ball,EDB0714,0.105,0.1314285714285714,0.2,0.1625,0.0966666666666666,3
Lacota Hilda Lindsey,LHL0309,0.095,0.1942857142857142,0.1542857142857142,0.2875,0.1233333333333333,4
Heather Fredericka Baird,HFB0347,0.17,0.1142857142857142,0.1714285714285714,0.1875,0.09,4
Elton Jonas Williamson,EJW0884,0.23,0.1142857142857142,0.1828571428571428,0.1625,0.1033333333333333,1
Cathleen Risa Oneal,CRO0027,0.095,0.1714285714285714,0.16,0.2875,0.0866666666666666,4
Halee Keiko Rhodes,HKR0628,0.105,0.0914285714285714,0.0971428571428571,0.1,0.0833333333333333,1
Grant Tyrone Doyle,GTD0116,0.215,0.1085714285714285,0.2571428571428571,0.125,0.1033333333333333,3
Daryl Skyler Brock,DSB0731,0.13,0.0857142857142857,0.2285714285714285,0.26875,0.1,4
Clio Ocean Faulkner,COF0120,0.07,0.0685714285714285,0.2171428571428571,0.08125,0.1166666666666666,3
Hope Dawn Jensen,HDJ0446,0.09,0.0971428571428571,0.2571428571428571,0.16875,0.1166666666666666,3
Cedric Herrod Gilliam,CHG0146,0.2,0.1142857142857142,0.2228571428571428,0.11875,0.1166666666666666,3
Aline Iris Hurst,AIH0675,0.125,0.2228571428571428,0.2171428571428571,0.25,0.1233333333333333,4
Troy Nicolas Molina,TNM0961,0.185,0.2857142857142857,0.2228571428571428,0.10625,0.1066666666666666,2
Aaron Porter Gutierrez,APG0307,0.215,0.2228571428571428,0.2057142857142857,0.26875,0.0733333333333333,4
Roth Hu Conner,RHC0335,0.18,0.2,0.2285714285714285,0.2875,0.0833333333333333,4
Chastity Quyn Wilkerson,CQW0652,0.05,0.1257142857142857,0.2742857142857143,0.125,0.11,3
Honorato John Sloan,HJS0072,0.22,0.24,0.1085714285714285,0.11875,0.1033333333333333,2
Xerxes Howard Wilcox,XHW0498,0.185,0.2685714285714285,0.2742857142857143,0.14375,0.1166666666666666,3
Isadora Jael Waters,IJW0851,0.105,0.0571428571428571,0.0571428571428571,0.1125,0.1133333333333333,5
Nigel Addison Rios,NAR0981,0.195,0.2228571428571428,0.0914285714285714,0.3125,0.12,4
Nero Uriel Little,NUL0471,0.175,0.2171428571428571,0.2171428571428571,0.1625,0.1233333333333333,2
Drew Ivan Beck,DIB0081,0.17,0.2571428571428571,0.08,0.175,0.11,2
Brenden Samuel Shaffer,BSS0369,0.195,0.24,0.1942857142857142,0.0875,0.1066666666666666,2
Margaret Illana Burch,MIB0904,0.11,0.12,0.1942857142857142,0.2375,0.0833333333333333,4
Athena Amelia Foreman,AAF0535,0.085,0.12,0.2057142857142857,0.20625,0.1033333333333333,4
Hayden Bernard Benson,HBB0056,0.185,0.1885714285714285,0.1714285714285714,0.13125,0.09,2
Melodie Chantale Joyce,MCJ0324,0.14,0.1142857142857142,0.2285714285714285,0.125,0.12,3
Hashim Damon Hebert,HDH0928,0.2,0.2057142857142857,0.1142857142857142,0.25,0.0866666666666666,4
Holly Xerxes Lara,HXL0968,0.225,0.12,0.2,0.25,0.1133333333333333,4
Macaulay Otto Hopkins,MOH0273,0.195,0.2285714285714285,0.2685714285714285,0.3125,0.0866666666666666,4
Keiko Naida Webb,KNW0644,0.075,0.1142857142857142,0.1314285714285714,0.09375,0.0833333333333333,3
Cullen Gary Adams,CGA0629,0.18,0.2,0.1371428571428571,0.30625,0.0933333333333333,4
Nell Mari Schneider,NMS0280,0.195,0.24,0.1485714285714285,0.23125,0.09,2
Tad Harlan Duncan,THD0448,0.205,0.1828571428571428,0.1657142857142857,0.2375,0.1066666666666666,4
Scarlet Pearl Ashley,SPA0141,0.215,0.1257142857142857,0.0571428571428571,0.13125,0.0966666666666666,1
Lenore Piper Cardenas,LPC0492,0.15,0.1314285714285714,0.1257142857142857,0.1875,0.0866666666666666,4
Benjamin Tyrone Norman,BTN0061,0.21,0.12,0.1257142857142857,0.125,0.0733333333333333,1
Hanae Gay Hogan,HGH0595,0.205,0.08,0.1257142857142857,0.24375,0.0966666666666666,4
Brielle Aubrey Marks,BAM0611,0.125,0.1714285714285714,0.2228571428571428,0.14375,0.0833333333333333,3
Kessie Kay Cooper,KKC0683,0.16,0.2114285714285714,0.2114285714285714,0.3,0.1166666666666666,4
Buckminster Benjamin Swanson,BBS0422,0.195,0.24,0.1657142857142857,0.25625,0.06,4
Hedy Delilah Lopez,HDL0748,0.125,0.0742857142857142,0.2628571428571428,0.25625,0.0833333333333333,3
Nissim Rafael Delacruz,NRD0548,0.205,0.2114285714285714,0.2342857142857143,0.09375,0.1033333333333333,3
Donovan Carlos Chapman,DCC0160,0.18,0.2228571428571428,0.1885714285714285,0.2625,0.09,4
Minerva Emerald Solomon,MES0407,0.19,0.2514285714285714,0.1428571428571428,0.29375,0.1233333333333333,4
Leonard Malachi Floyd,LMF0980,0.21,0.2571428571428571,0.0685714285714285,0.275,0.1166666666666666,4
Barry Martin Mason,BMM0112,0.2,0.2057142857142857,0.1371428571428571,0.25,0.0833333333333333,4
Leila Tallulah Steele,LTS0860,0.24,0.1142857142857142,0.1657142857142857,0.125,0.1033333333333333,1
Armand Odysseus Key,AOK0844,0.055,0.1714285714285714,0.2514285714285714,0.1625,0.1033333333333333,3
Eaton Samuel Jennings,ESJ0670,0.21,0.1771428571428571,0.0857142857142857,0.25,0.08,4
Aladdin Abraham Foley,AAF0791,0.07,0.2285714285714285,0.2285714285714285,0.3125,0.1133333333333333,4
Kirby Ruby Lyons,KRL0501,0.09,0.1542857142857142,0.1314285714285714,0.175,0.0866666666666666,4
Serina Amena Chavez,SAC0592,0.12,0.1028571428571428,0.1314285714285714,0.2625,0.0866666666666666,4
Uriel Charles Solomon,UCS0227,0.11,0.1828571428571428,0.2342857142857143,0.21875,0.1133333333333333,3
Jared Cameron Rosa,JCR0770,0.2,0.2685714285714285,0.1371428571428571,0.13125,0.09,2
Ivy Charissa Solis,ICS0956,0.11,0.1142857142857142,0.1028571428571428,0.21875,0.0866666666666666,4
Macy Karleigh Winters,MKW0441,0.075,0.1428571428571428,0.2571428571428571,0.125,0.1133333333333333,3
Tana Sonya Moody,TSM0927,0.165,0.12,0.0571428571428571,0.23125,0.0866666666666666,4
Octavius Judah Kirby,OJK0233,0.2,0.2057142857142857,0.08,0.1375,0.11,2
Stephanie Mary Whitehead,SMW0084,0.1,0.2114285714285714,0.2228571428571428,0.3,0.09,4
Barclay Eaton Hensley,BEH0615,0.12,0.1142857142857142,0.2857142857142857,0.1375,0.0866666666666666,3
Ariana Doris Frazier,ADF0397,0.195,0.0914285714285714,0.0571428571428571,0.25,0.1166666666666666,4
Nicolas James Cantu,NJC0705,0.215,0.2228571428571428,0.1657142857142857,0.225,0.1033333333333333,4
Bertha Yetta Parrish,BYP0070,0.15,0.1085714285714285,0.2342857142857143,0.13125,0.11,3
Jane Maite Dotson,JMD0520,0.105,0.2571428571428571,0.0914285714285714,0.2375,0.0966666666666666,2
Lucas Ahmed Ferrell,LAF0991,0.2,0.2228571428571428,0.2057142857142857,0.1375,0.1133333333333333,2
Kay Brynne Spears,KBS0874,0.115,0.2228571428571428,0.2114285714285714,0.20625,0.0966666666666666,2
Genevieve Hyacinth Head,GHH0288,0.06,0.2057142857142857,0.2285714285714285,0.225,0.1,3
Timothy Arthur Carroll,TAC0300,0.075,0.2171428571428571,0.1028571428571428,0.1125,0.12,2
Jaquelyn Angelica Jimenez,JAJ0849,0.11,0.1371428571428571,0.1314285714285714,0.14375,0.11,4
Nevada Odette Bass,NOB0181,0.155,0.12,0.12,0.25625,0.0833333333333333,4
Daquan Tucker Pugh,DTP0379,0.225,0.24,0.0857142857142857,0.23125,0.09,2
Colorado Joel Merrill,CJM0138,0.05,0.2285714285714285,0.12,0.10625,0.0766666666666666,2
Fallon Harriet Shelton,FHS0837,0.115,0.2114285714285714,0.08,0.2625,0.1133333333333333,4
Chelsea Aspen Allen,CAA0612,0.1,0.2342857142857143,0.1828571428571428,0.2625,0.1033333333333333,4
Echo Leandra Torres,ELT0769,0.095,0.1142857142857142,0.1142857142857142,0.16875,0.1166666666666666,4
Katell Jasmine Wiggins,KJW0416,0.25,0.2628571428571428,0.2228571428571428,0.25625,0.1,2
Cairo Theodore Robles,CTR0341,0.225,0.2228571428571428,0.1314285714285714,0.08125,0.0933333333333333,1
Dolan Igor Cortez,DIC0988,0.22,0.1714285714285714,0.1314285714285714,0.13125,0.1066666666666666,1
Jane Justina Hunt,JJH0292,0.175,0.1314285714285714,0.2171428571428571,0.24375,0.0933333333333333,4
Mira Jamalia Snow,MJS0890,0.05,0.1485714285714285,0.0914285714285714,0.06875,0.0966666666666666,2
Tarik Odysseus Rivera,TOR0193,0.15,0.2285714285714285,0.1428571428571428,0.28125,0.1,4
Sophia Cora Battle,SCB0534,0.1,0.1028571428571428,0.2,0.1375,0.0966666666666666,3
Maxwell Dante Hutchinson,MDH0686,0.185,0.2457142857142857,0.1771428571428571,0.125,0.1266666666666666,2
Jonathan Orlando Marsh,JOM0750,0.175,0.2628571428571428,0.1428571428571428,0.25,0.0966666666666666,2
Burke Randall Burnett,BRB0355,0.165,0.12,0.2114285714285714,0.11875,0.0966666666666666,3
Macon Joseph Morrison,MJM0510,0.16,0.1885714285714285,0.1257142857142857,0.1125,0.13,2
Kibo Josiah Murray,KJM0887,0.155,0.2685714285714285,0.08,0.1,0.1066666666666666,2
Courtney Brynn Garrett,CBG0398,0.2,0.12,0.2342857142857143,0.0625,0.08,3
Raya Regan Church,RRC0553,0.2,0.08,0.1371428571428571,0.2375,0.0966666666666666,4
Tara Dai Stevenson,TDS0984,0.195,0.2228571428571428,0.0857142857142857,0.25,0.1266666666666666,4
Libby Rosalyn Richard,LRR0148,0.105,0.1085714285714285,0.08,0.0875,0.0966666666666666,2
Amelia Rhoda Burgess,ARB0834,0.2,0.24,0.2285714285714285,0.30625,0.0866666666666666,4
Kareem Porter Collins,KPC0073,0.22,0.1714285714285714,0.0628571428571428,0.1,0.0766666666666666,1
Charde Lareina Barrett,CLB0774,0.245,0.1314285714285714,0.1257142857142857,0.10625,0.1033333333333333,1
Valentine Elton Britt,VEB0935,0.23,0.2114285714285714,0.2228571428571428,0.125,0.1066666666666666,1
Macey Christen Turner,MCT0720,0.17,0.0685714285714285,0.1142857142857142,0.1375,0.1233333333333333,1
Jameson Damian Franco,JDF0593,0.15,0.2571428571428571,0.0628571428571428,0.25625,0.0966666666666666,2
Callum Jasper Gilmore,CJG0470,0.22,0.2571428571428571,0.1257142857142857,0.2,0.08,2
Riley Ginger Guy,RGG0064,0.18,0.1085714285714285,0.1142857142857142,0.2625,0.1133333333333333,4
Bethany Xerxes Johnson,BXJ0010,0.23,0.1371428571428571,0.1714285714285714,0.21875,0.1133333333333333,1
William Beau Callahan,WBC0315,0.2,0.2114285714285714,0.2285714285714285,0.28125,0.08,4
Claudia Galena Baldwin,CGB0637,0.1,0.1142857142857142,0.0857142857142857,0.125,0.0966666666666666,4
Chadwick Armand Nunez,CAN0842,0.19,0.2342857142857143,0.1257142857142857,0.24375,0.0966666666666666,4
Hyatt Trevor Hayes,HTH0007,0.185,0.2171428571428571,0.2342857142857143,0.125,0.12,3
Bell Jorden Martinez,BJM0111,0.11,0.1371428571428571,0.2228571428571428,0.25625,0.0633333333333333,4
Meredith Ainsley Wolf,MAW0166,0.22,0.0914285714285714,0.12,0.10625,0.1133333333333333,1
Preston Plato Fischer,PPF0435,0.21,0.0971428571428571,0.2742857142857143,0.15,0.09,3
Samuel Eden James,SEJ0677,0.22,0.2228571428571428,0.1314285714285714,0.225,0.0833333333333333,4
Alden Caesar Velez,ACV0812,0.21,0.2114285714285714,0.0685714285714285,0.28125,0.0933333333333333,4
Kane Walter Eaton,KWE0082,0.19,0.2457142857142857,0.1085714285714285,0.3,0.1166666666666666,4
Edan Ciaran Larson,ECL0930,0.14,0.1371428571428571,0.2285714285714285,0.1125,0.0966666666666666,3
Randall Hashim Palmer,RHP0484,0.175,0.2114285714285714,0.1371428571428571,0.1,0.1033333333333333,2
Brenda Alika Matthews,BAM0636,0.065,0.2285714285714285,0.2628571428571428,0.2625,0.13,3
Dale Dorian Mercado,DDM0579,0.165,0.2571428571428571,0.1714285714285714,0.23125,0.0866666666666666,2
Ursula Idona Richard,UIR0043,0.095,0.2114285714285714,0.1314285714285714,0.2375,0.1066666666666666,4
Jaquelyn Cassandra Roberson,JCR0172,0.215,0.2342857142857143,0.2342857142857143,0.24375,0.1033333333333333,4
Aquila Tanner Ellison,ATE0869,0.065,0.0857142857142857,0.2285714285714285,0.275,0.11,4
Isadora Blaine Shepherd,IBS0836,0.05,0.2514285714285714,0.2857142857142857,0.2375,0.09,3
Dylan Tiger Terry,DTT0076,0.21,0.0914285714285714,0.1942857142857142,0.15,0.0933333333333333,1
Price Rashad Mullen,PRM0740,0.225,0.2285714285714285,0.2571428571428571,0.2625,0.09,4
Florence Gloria Whitney,FGW0853,0.125,0.2,0.1142857142857142,0.25,0.13,4
Judith Shaeleigh Hayden,JSH0330,0.1,0.0914285714285714,0.1314285714285714,0.15,0.0933333333333333,4
Ferris Stone Bender,FSB0399,0.115,0.1257142857142857,0.0857142857142857,0.23125,0.0866666666666666,4
