user,total_requests,unique_urls,unique_content_type,unique_pcs,first_request,last_request,active_days,offhours_requests,weekdays_requests
AAE0190,49478,230,49478,1,2010-01-04,2011-05-16,346,0,0
AAF0535,4878,109,4878,1,2010-01-04,2010-08-24,164,0,0
AAF0791,32870,357,32870,1,2010-01-04,2011-05-16,346,0,0
AAL0706,3460,203,3460,1,2010-01-04,2011-05-16,346,184,0
AAM0658,6498,127,6498,1,2010-01-04,2010-11-17,225,1417,4
AAN0823,3450,115,3450,1,2010-01-04,2011-05-16,345,308,0
AAS0442,1450,59,1450,1,2010-01-04,2010-03-12,50,13,0
AAV0450,3460,120,3460,1,2010-01-04,2011-05-16,346,54,0
AAW0353,10034,106,10034,1,2010-01-04,2011-05-16,346,99,0
ABC0174,48095,271,48095,1,2010-01-02,2010-12-24,296,3181,6987
ABC0253,32680,211,32680,1,2010-01-04,2011-05-16,344,1408,0
ABH0663,10034,202,10034,1,2010-01-04,2011-05-16,346,506,0
ABM0845,3460,173,3460,1,2010-01-04,2011-05-16,346,311,0
ABN0239,32870,208,32870,1,2010-01-04,2011-05-16,346,288,0
ACC0042,39336,238,39336,1,2010-01-04,2011-05-16,346,3431,0
ACV0812,31140,142,31140,1,2010-01-04,2011-05-16,346,4917,0
ADC0391,32870,192,32870,1,2010-01-04,2011-05-16,346,604,0
ADD0846,3460,114,3460,1,2010-01-04,2011-05-16,346,306,0
ADF0397,32870,284,32870,1,2010-01-04,2011-05-16,346,563,0
AES0827,3450,257,3450,1,2010-01-04,2011-05-16,345,320,0
AGB0186,10034,123,10034,1,2010-01-04,2011-05-16,346,959,0
AGB0643,10034,220,10034,1,2010-01-04,2011-05-16,346,2164,0
AHC0142,36670,215,36670,1,2010-01-02,2011-05-16,386,3794,3135
AHD0848,3820,108,3820,1,2010-01-04,2011-05-16,382,370,310
AHG0634,4740,210,4740,1,2010-01-04,2010-08-16,158,1084,0
AHM0410,33440,64,33440,1,2010-01-04,2011-05-16,352,314,285
AIB0948,3460,144,3460,1,2010-01-04,2011-05-16,346,506,0
AIH0675,32775,179,32775,1,2010-01-04,2011-05-16,345,514,0
AIM0627,55890,252,55890,1,2010-01-04,2011-05-16,345,525,0
AIP0394,32775,250,32775,1,2010-01-04,2011-05-16,345,740,0
AIP0982,34500,93,34500,1,2010-01-04,2011-05-16,345,1398,0
AIS0405,32870,338,32870,1,2010-01-04,2011-05-16,346,686,0
AJC0840,3460,100,3460,1,2010-01-04,2011-05-16,346,327,0
AJD0074,44118,208,44118,1,2010-01-04,2011-05-16,387,7160,4332
AJF0370,42445,360,42445,1,2010-01-04,2011-05-16,373,0,1992
AJH0175,52938,164,52938,1,2010-01-04,2011-05-16,346,3642,0
AJL0462,3114,107,3114,1,2010-01-04,2011-05-16,346,72,0
AJN0607,56052,217,56052,1,2010-01-04,2011-05-16,346,572,0
AJP0723,3460,102,3460,1,2010-01-04,2011-05-16,346,199,0
AJR0319,72252,189,72252,1,2010-01-02,2011-05-16,446,3265,15876
AJR0932,18527,217,18527,1,2010-01-04,2010-10-07,195,2119,96
AKC0924,32870,165,32870,1,2010-01-04,2011-05-16,346,2405,0
AKF0709,3460,178,3460,1,2010-01-04,2011-05-16,346,202,0
AKH0758,10005,75,10005,1,2010-01-04,2011-05-16,345,0,0
AKK0329,10034,311,10034,1,2010-01-04,2011-05-16,346,900,0
AKR0057,26463,217,26463,1,2010-01-04,2010-11-30,231,508,0
AKW0167,39444,201,39444,1,2010-01-04,2011-05-16,346,2048,0
ALB0892,6815,92,6815,1,2010-01-02,2010-09-10,235,0,1682
ALC0788,10034,234,10034,1,2010-01-04,2011-05-16,346,724,0
ALD0529,9976,158,9976,1,2010-01-04,2011-05-16,344,0,0
ALD0544,32775,162,32775,1,2010-01-04,2011-05-16,345,329,0
ALH0402,32870,183,32870,1,2010-01-04,2011-05-16,346,558,0
AMD0077,65740,200,65740,1,2010-01-04,2011-05-16,346,5373,0
AMH0464,3460,90,3460,1,2010-01-04,2011-05-16,346,53,0
AMH0794,32870,127,32870,1,2010-01-04,2011-05-16,346,0,0
AMJ0297,3460,142,3460,1,2010-01-04,2011-05-16,346,0,0
AMM0014,65740,345,65740,1,2010-01-04,2011-05-16,346,2498,0
AMR0318,56052,157,56052,1,2010-01-04,2011-05-16,346,4092,0
AMR0400,32870,212,32870,1,2010-01-04,2011-05-16,346,512,0
AMV0036,49478,302,49478,1,2010-01-04,2011-05-16,346,2540,0
AMW0392,40500,272,40500,1,2010-01-02,2011-05-16,450,640,8820
ANM0123,2850,117,2850,1,2010-01-04,2010-02-05,25,116,0
ANP0555,32870,189,32870,1,2010-01-04,2011-05-16,346,313,0
ANT0430,32870,123,32870,1,2010-01-04,2011-05-16,346,302,0
AOB0019,39444,115,39444,1,2010-01-04,2011-05-16,346,376,0
AOK0844,3830,137,3830,1,2010-01-02,2011-01-23,383,376,1120
AOS0987,31140,251,31140,1,2010-01-04,2011-05-16,346,0,0
APG0307,3460,151,3460,1,2010-01-04,2011-05-16,346,0,0
AQD0820,32870,224,32870,1,2010-01-04,2011-05-16,346,4788,0
ARA0252,32870,189,32870,1,2010-01-04,2011-05-16,346,293,0
ARB0834,2110,136,2110,1,2010-01-04,2010-10-29,211,203,0
ARB0881,10034,167,10034,1,2010-01-04,2011-05-16,346,0,0
ARD0509,10380,88,10380,1,2010-01-04,2011-05-16,346,0,0
ARL0034,49478,157,49478,1,2010-01-04,2011-05-16,346,2701,0
ASB0796,25175,254,25175,1,2010-01-04,2011-01-20,265,0,0
ASD0577,3450,235,3450,1,2010-01-04,2011-05-16,345,0,0
ASG0048,39444,222,39444,1,2010-01-04,2011-05-16,346,374,0
ASG0692,32870,224,32870,1,2010-01-04,2011-05-16,346,278,0
ASL0378,32870,115,32870,1,2010-01-04,2011-05-16,346,356,0
ASM0575,3450,129,3450,1,2010-01-04,2011-05-16,345,0,0
ASS0206,49335,210,49335,1,2010-01-04,2011-05-16,345,2120,0
ASS0517,10034,98,10034,1,2010-01-04,2011-05-16,346,0,0
ASV0946,3450,116,3450,1,2010-01-04,2011-05-16,345,456,0
ATE0869,74205,304,74205,1,2010-01-02,2011-05-16,485,3200,20349
ATF0274,32870,253,32870,1,2010-01-04,2011-05-16,346,3275,0
ATP0662,53339,250,53339,1,2010-01-04,2011-05-16,373,1254,2860
AVM0947,3114,53,3114,1,2010-01-04,2011-05-16,346,423,0
AWM0764,10034,208,10034,1,2010-01-04,2011-05-16,346,0,0
BAH0875,56052,151,56052,1,2010-01-04,2011-05-16,346,3187,0
BAJ0654,10034,66,10034,1,2010-01-04,2011-05-16,346,2138,0
BAK0964,3460,84,3460,1,2010-01-04,2011-05-16,346,458,0
BAL0044,41379,278,41379,1,2010-01-04,2011-05-16,346,4194,0
BAM0611,56052,161,56052,1,2010-01-04,2011-05-16,346,572,0
BAM0636,10005,76,10005,1,2010-01-04,2011-05-16,345,2138,0
BBG0325,56052,225,56052,1,2010-01-04,2011-05-16,346,3212,0
BBH0810,32870,212,32870,1,2010-01-04,2011-05-16,346,4842,0
BBS0039,17878,234,17878,1,2010-01-04,2010-08-13,157,1897,0
BBS0422,37525,121,37525,1,2010-01-04,2011-05-16,395,815,4275
BCB0679,26695,357,26695,1,2010-01-04,2011-02-11,281,351,0
BCM0653,10034,276,10034,1,2010-01-04,2011-05-16,346,2147,0
BCR0581,3460,133,3460,1,2010-01-04,2011-05-16,346,0,0
BDB0453,3460,146,3460,1,2010-01-04,2011-05-16,346,90,0
BDI0533,13530,240,13530,1,2010-01-02,2011-05-16,451,0,2970
BDV0168,26733,176,26733,1,2010-01-04,2010-08-25,165,1563,0
BEC0505,52938,174,52938,1,2010-01-04,2011-05-16,346,0,0
BEH0615,57024,122,57024,1,2010-01-04,2011-05-16,352,794,162
BER0314,56052,274,56052,1,2010-01-04,2011-05-16,346,2849,0
BHC0665,32775,132,32775,1,2010-01-04,2011-05-16,345,0,0
BHW0458,3460,159,3460,1,2010-01-04,2011-05-16,346,38,0
BIH0745,23329,371,23329,1,2010-01-04,2010-07-27,144,273,0
BIS0247,31140,198,31140,1,2010-01-04,2011-05-16,346,707,0
BJH0354,49478,116,49478,1,2010-01-04,2011-05-16,346,0,0
BJH0811,32870,337,32870,1,2010-01-04,2011-05-16,346,4680,0
BJM0111,10672,109,10672,1,2010-01-04,2011-05-16,368,97,464
BJP0134,3460,114,3460,1,2010-01-04,2011-05-16,346,0,0
BJW0619,56052,142,56052,1,2010-01-04,2011-05-16,346,558,0
BKW0374,39388,166,39388,1,2010-01-04,2011-05-16,346,0,0
BLB0114,31140,179,31140,1,2010-01-04,2011-05-16,346,0,0
BLL0929,32870,271,32870,1,2010-01-04,2011-05-16,346,3662,0
BLS0678,19097,262,19097,1,2010-01-04,2010-10-15,201,305,0
BMC0547,32870,278,32870,1,2010-01-04,2011-05-16,346,315,0
BMG0917,34600,140,34600,1,2010-01-04,2011-05-16,346,2489,0
BMM0112,10034,109,10034,1,2010-01-04,2011-05-16,346,0,0
BMS0877,20412,112,20412,1,2010-01-04,2010-06-30,126,973,0
BMT0528,10034,136,10034,1,2010-01-04,2011-05-16,346,0,0
BNG0237,32870,80,32870,1,2010-01-04,2011-05-16,346,292,0
BNR0965,3460,185,3460,1,2010-01-04,2011-05-16,346,508,0
BQS0525,1323,97,1323,1,2010-01-02,2010-02-19,49,0,378
BRB0355,45500,139,45500,1,2010-01-02,2011-05-16,455,0,10100
BRM0995,34600,201,34600,1,2010-01-04,2011-05-16,346,7243,0
BRS0734,17820,114,17820,1,2010-01-02,2010-05-12,110,177,2754
BSA0431,32870,299,32870,1,2010-01-04,2011-05-16,346,332,0
BSB0990,32870,195,32870,1,2010-01-04,2011-05-16,346,4329,0
BSH0445,32870,148,32870,1,2010-01-04,2011-05-16,346,292,0
BSS0369,28561,185,28561,1,2010-01-03,2010-10-03,238,87,5280
BSS0463,3460,118,3460,1,2010-01-04,2011-05-16,346,40,0
BTL0226,20238,178,20238,1,2010-01-04,2010-11-02,213,364,0
BTL0722,3460,197,3460,1,2010-01-04,2011-05-16,346,233,0
BTN0061,32870,150,32870,1,2010-01-04,2011-05-16,346,588,0
BTR0403,32870,312,32870,1,2010-01-04,2011-05-16,346,576,0
BTS0011,65740,164,65740,1,2010-01-04,2011-05-16,346,6122,0
BTW0005,98610,339,98610,1,2010-01-04,2011-05-16,346,8689,0
BVC0790,41135,181,41135,1,2010-01-03,2011-05-16,433,300,8075
BVN0514,3190,74,3190,1,2010-01-04,2010-06-08,110,0,0
BWH0813,32870,178,32870,1,2010-01-04,2011-05-16,346,4909,0
BWP0202,39444,179,39444,1,2010-01-04,2011-05-16,346,4667,0
BXJ0010,65740,168,65740,1,2010-01-04,2011-05-16,346,525,0
BYP0070,22610,192,22610,1,2010-01-04,2010-12-09,238,219,0
CAA0612,58820,138,58820,1,2010-01-04,2011-05-16,346,527,0
CAB0388,32775,155,32775,1,2010-01-04,2011-05-16,345,422,0
CAB0614,56052,238,56052,1,2010-01-04,2011-05-16,346,615,0
CAC0889,1740,74,1740,1,2010-01-04,2010-03-26,60,0,0
CAH0936,17202,230,17202,1,2010-01-04,2010-09-03,172,2204,0
CAM0102,32870,190,32870,1,2010-01-04,2011-05-16,346,3369,0
CAM0681,34600,178,34600,1,2010-01-04,2011-05-16,346,307,0
CAN0842,3460,160,3460,1,2010-01-04,2011-05-16,346,323,0
CAS0507,10005,306,10005,1,2010-01-04,2011-05-16,345,39,0
CBB0365,39444,88,39444,1,2010-01-04,2011-05-16,346,0,0
CBG0398,32870,279,32870,1,2010-01-04,2011-05-16,346,575,0
CBG0490,56052,164,56052,1,2010-01-04,2011-05-16,346,0,0
CCA0046,22744,113,22744,1,2010-01-04,2010-10-15,201,2129,0
CCC0393,32870,276,32870,1,2010-01-04,2011-05-16,346,537,0
CCH0182,10034,125,10034,1,2010-01-04,2011-05-16,346,1048,0
CCH0685,32870,246,32870,1,2010-01-04,2011-05-16,346,376,0
CCL0068,27464,211,27464,1,2010-01-04,2011-02-22,288,326,0
CCM0136,3096,117,3096,1,2010-01-04,2011-05-16,344,0,0
CCM0467,3460,70,3460,1,2010-01-04,2011-05-16,346,41,0
CCM0855,56052,270,56052,1,2010-01-04,2011-05-16,346,2176,0
CCR0863,56052,356,56052,1,2010-01-04,2011-05-16,346,2023,0
CCW0031,49478,154,49478,1,2010-01-04,2011-05-16,346,2715,0
CCW0524,10005,103,10005,1,2010-01-04,2011-05-16,345,0,0
CEB0210,49335,198,49335,1,2010-01-04,2011-05-16,345,2337,0
CEJ0109,30330,153,30330,1,2010-01-04,2011-04-05,318,0,0
CEL0561,32775,281,32775,1,2010-01-04,2011-05-16,345,0,0
CFG0959,3460,41,3460,1,2010-01-04,2011-05-16,346,466,0
CFM0767,10034,108,10034,1,2010-01-04,2011-05-16,346,156,0
CFW0264,5700,119,5700,1,2010-01-04,2010-03-26,60,514,0
CGA0629,56052,160,56052,1,2010-01-04,2011-05-16,346,635,0
CGB0637,10034,216,10034,1,2010-01-04,2011-05-16,346,2250,0
CGF0337,10034,172,10034,1,2010-01-04,2011-05-16,346,1011,0
CHG0146,49478,327,49478,1,2010-01-04,2011-05-16,346,0,0
CHM0821,3460,112,3460,1,2010-01-04,2011-05-16,346,293,0
CIG0052,39444,222,39444,1,2010-01-04,2011-05-16,346,0,0
CIM0271,32870,115,32870,1,2010-01-04,2011-05-16,346,3395,0
CIM0926,21755,151,21755,1,2010-01-04,2010-11-24,229,1440,0
CJC0494,56052,163,56052,1,2010-01-04,2011-05-16,346,0,0
CJF0802,34600,147,34600,1,2010-01-04,2011-05-16,346,350,0
CJG0470,3460,84,3460,1,2010-01-04,2011-05-16,346,45,0
CJH0702,3460,78,3460,1,2010-01-04,2011-05-16,346,159,0
CJK0200,39444,182,39444,1,2010-01-04,2011-05-16,346,3526,0
CJM0138,3460,79,3460,1,2010-01-04,2011-05-16,346,0,0
CJM0521,13427,124,13427,1,2010-01-02,2011-05-16,463,0,3277
CJP0952,3460,83,3460,1,2010-01-04,2011-05-16,346,529,0
CJV0286,10034,158,10034,1,2010-01-04,2011-05-16,346,0,0
CKB0427,32870,221,32870,1,2010-01-04,2011-05-16,346,298,0
CKB0482,56052,354,56052,1,2010-01-04,2011-05-16,346,0,0
CKD0680,32870,197,32870,1,2010-01-04,2011-05-16,346,340,0
CKH0144,32775,141,32775,1,2010-01-04,2011-05-16,345,3369,0
CKP0721,3460,137,3460,1,2010-01-04,2011-05-16,346,213,0
CLB0774,10034,230,10034,1,2010-01-04,2011-05-16,346,293,0
CLD0894,10034,170,10034,1,2010-01-04,2011-05-16,346,0,0
CLF0852,56052,366,56052,1,2010-01-04,2011-05-16,346,2469,0
CLH0703,3460,177,3460,1,2010-01-04,2011-05-16,346,193,0
CLS0296,3460,98,3460,1,2010-01-04,2011-05-16,346,0,0
CMB0912,60489,360,60489,1,2010-01-03,2011-05-16,423,7425,10010
CMM0487,55890,330,55890,1,2010-01-04,2011-05-16,345,0,0
CMS0454,3450,65,3450,1,2010-01-04,2011-05-16,345,37,0
CMW0783,10034,135,10034,1,2010-01-04,2011-05-16,346,0,0
CNB0900,10005,109,10005,1,2010-01-04,2011-05-16,345,0,0
CNE0352,65740,70,65740,1,2010-01-04,2011-05-16,346,659,0
CNM0800,32870,91,32870,1,2010-01-04,2011-05-16,346,0,0
COF0120,29754,143,29753,1,2010-01-04,2011-01-14,261,6226,0
COM0321,56052,291,56052,1,2010-01-04,2011-05-16,346,2491,0
CPG0322,52938,147,52938,1,2010-01-04,2011-05-16,346,2257,0
CQH0701,3460,185,3460,1,2010-01-04,2011-05-16,346,224,0
CQH0730,56052,106,56052,1,2010-01-04,2011-05-16,346,654,0
CQW0652,9603,176,9603,1,2010-01-04,2011-04-18,327,2083,0
CRD0624,7290,146,7290,1,2010-01-04,2010-03-05,45,125,0
CRK0916,32870,214,32870,1,2010-01-04,2011-05-16,346,2440,0
CRO0027,34600,159,34600,1,2010-01-04,2011-05-16,346,11,0
CRP0456,3460,116,3460,1,2010-01-04,2011-05-16,346,30,0
CSB0080,39444,288,39444,1,2010-01-04,2011-05-16,346,396,0
CSC0217,12885,223,12885,1,2010-01-04,2010-06-11,113,1162,0
CSH0626,63990,141,63990,1,2010-01-04,2011-05-16,395,1890,6318
CSJ0340,10034,156,10034,1,2010-01-04,2011-05-16,346,938,0
CSL0949,3460,165,3460,1,2010-01-04,2011-05-16,346,502,0
CSP0197,39444,230,39444,1,2010-01-04,2011-05-16,346,0,0
CTA0020,37368,225,37368,1,2010-01-04,2011-05-16,346,347,0
CTR0341,14239,106,14239,1,2010-01-02,2011-05-16,491,1692,4147
CTR0697,3460,115,3460,1,2010-01-04,2011-05-16,346,186,0
CTW0500,56052,261,56052,1,2010-01-04,2011-05-16,346,0,0
CUD0795,32870,184,32870,1,2010-01-04,2011-05-16,346,0,0
CWB0065,32775,287,32775,1,2010-01-04,2011-05-16,345,4401,0
CWR0502,56052,279,56052,1,2010-01-04,2011-05-16,346,0,0
CXC0336,10005,85,10005,1,2010-01-04,2011-05-16,345,988,0
CYA0506,3045,123,3045,1,2010-01-04,2010-06-01,105,0,0
DAG0558,32870,304,32870,1,2010-01-04,2011-05-16,346,0,0
DAL0673,34500,187,34500,1,2010-01-04,2011-05-16,345,351,0
DAR0885,1073,161,1073,1,2010-01-02,2010-02-07,37,14,348
DBB0384,32870,165,32870,1,2010-01-04,2011-05-16,346,349,0
DBG0261,32870,97,32870,1,2010-01-04,2011-05-16,346,1550,0
DBS0235,32870,367,32870,1,2010-01-04,2011-05-16,346,556,0
DBW0483,56052,133,56052,1,2010-01-04,2011-05-16,346,0,0
DCC0160,65740,122,65740,1,2010-01-04,2011-05-16,346,4557,0
DCH0843,2891,135,2891,1,2010-01-04,2011-02-23,290,297,1
DDA0476,56052,194,56052,1,2010-01-04,2011-05-16,346,0,0
DDM0579,3460,111,3460,1,2010-01-04,2011-05-16,346,0,0
DEB0782,10005,107,10005,1,2010-01-04,2011-05-16,345,0,0
DFH0188,10034,102,10034,1,2010-01-04,2011-05-16,346,1043,0
DFR0218,39354,244,39354,1,2010-01-04,2011-05-16,346,3502,0
DGF0443,32870,159,32870,1,2010-01-04,2011-05-16,346,336,0
DGM0754,4698,188,4698,1,2010-01-04,2010-02-11,29,31,0
DGN0480,53298,205,53298,1,2010-01-04,2011-04-20,329,0,0
DGW0752,56052,361,56052,1,2010-01-04,2011-05-16,346,615,0
DHM0937,32870,262,32870,1,2010-01-04,2011-05-16,346,3528,0
DIB0081,15390,153,15390,1,2010-01-04,2010-08-20,162,198,0
DIB0285,17596,162,17596,1,2010-01-04,2010-09-22,184,0,0
DIC0988,32870,112,32870,1,2010-01-04,2011-05-16,346,1294,0
DID0650,10005,268,10005,1,2010-01-04,2011-05-16,345,2117,0
DIW0118,49478,172,49478,1,2010-01-04,2011-05-16,346,6014,0
DJB0159,65550,219,65550,1,2010-01-04,2011-05-16,345,8527,0
DJS0682,32870,244,32870,1,2010-01-04,2011-05-16,346,340,0
DKB0631,10034,116,10034,1,2010-01-04,2011-05-16,346,2230,0
DLF0377,32870,127,32870,1,2010-01-04,2011-05-16,346,341,0
DLH0029,32870,155,32870,1,2010-01-04,2011-05-16,346,1268,0
DLM0051,82840,285,82840,1,2010-01-03,2011-05-16,436,12858,16720
DLS0383,31140,218,31140,1,2010-01-04,2011-05-16,346,301,0
DMG0358,39424,307,39424,1,2010-01-04,2011-05-16,346,0,0
DMK0257,32870,107,32870,1,2010-01-04,2011-05-16,346,1942,0
DMM0623,57510,209,57510,1,2010-01-04,2011-05-16,355,608,486
DOL0332,10034,138,10034,1,2010-01-04,2011-05-16,346,1058,0
DOP0562,32870,225,32870,1,2010-01-04,2011-05-16,346,0,0
DPM0423,32870,149,32870,1,2010-01-04,2011-05-16,346,319,0
DPS0262,10545,92,10545,1,2010-01-04,2010-06-09,111,629,0
DRR0162,29293,154,29293,1,2010-01-04,2011-01-07,256,3501,0
DRR0242,39600,164,39600,1,2010-01-03,2011-05-16,440,338,8460
DSB0731,56052,161,56052,1,2010-01-04,2011-05-16,346,588,0
DSM0591,3460,138,3460,1,2010-01-04,2011-05-16,346,0,0
DTP0379,32775,200,32775,1,2010-01-04,2011-05-16,345,326,0
DTT0076,65740,126,65740,1,2010-01-04,2011-05-16,346,2826,0
DVM0265,34600,76,34600,1,2010-01-04,2011-05-16,346,3281,0
DVW0103,32870,228,32870,1,2010-01-04,2011-05-16,346,3419,0
DZC0228,32870,213,32870,1,2010-01-04,2011-05-16,346,497,0
EAH0466,350,67,350,1,2010-01-04,2010-02-19,35,3,0
EBC0390,32870,115,32870,1,2010-01-04,2011-05-16,346,392,0
ECF0828,2110,102,2110,1,2010-01-04,2010-10-29,211,197,0
ECL0930,32870,147,32870,1,2010-01-04,2011-05-16,346,4072,0
ECR0822,3460,112,3460,1,2010-01-04,2011-05-16,346,304,0
EDA0684,3325,141,3325,1,2010-01-04,2010-02-19,35,112,0
EDB0714,2548,158,2548,1,2010-01-04,2010-12-15,242,132,0
EFS0882,10034,121,10034,1,2010-01-04,2011-05-16,346,0,0
EGD0132,2037,68,2037,1,2010-01-04,2010-09-29,189,0,0
EGD0409,13300,115,13300,1,2010-01-04,2010-07-21,140,81,0
EGK0893,10034,110,10034,1,2010-01-04,2011-05-16,346,0,0
EHB0420,38880,280,38880,1,2010-01-03,2011-05-16,432,771,7200
EHB0824,1594,59,1594,1,2010-01-04,2010-08-17,159,150,0
EHD0584,1893,142,1893,1,2010-01-04,2010-10-28,211,13,2
EHR0096,32870,186,32870,1,2010-01-04,2011-05-16,346,3046,0
EIM0156,32870,100,32870,1,2010-01-04,2011-05-16,346,4067,0
EIP0997,32870,156,32870,1,2010-01-04,2011-05-16,346,1084,0
EIS0041,39270,363,39270,1,2010-01-04,2011-05-16,345,3925,0
EJW0884,10034,126,10034,1,2010-01-04,2011-05-16,346,0,0
ELB0847,3450,95,3450,1,2010-01-04,2011-05-16,345,326,0
ELH0960,3460,83,3460,1,2010-01-04,2011-05-16,346,495,0
ELT0769,10034,111,10034,1,2010-01-04,2011-05-16,346,0,0
EMB0531,10034,139,10034,1,2010-01-04,2011-05-16,346,0,0
EMS0317,56052,305,56052,1,2010-01-04,2011-05-16,346,2523,0
EMW0105,39216,366,39216,1,2010-01-04,2011-05-16,344,0,0
EMW0772,10034,171,10034,1,2010-01-04,2011-05-16,346,0,0
ENC0234,24605,114,24605,1,2010-01-04,2011-01-12,259,414,0
ENL0100,32870,111,32870,1,2010-01-04,2011-05-16,346,3412,0
EPW0434,32870,388,32870,1,2010-01-04,2011-05-16,346,361,0
ERH0449,3450,126,3450,1,2010-01-04,2011-05-16,345,42,0
ESA0642,10034,216,10034,1,2010-01-04,2011-05-16,346,2142,0
ESH0135,3460,201,3460,1,2010-01-04,2011-05-16,346,0,0
ESH0283,32870,183,32870,1,2010-01-04,2011-05-16,346,0,0
ESJ0670,44650,260,44650,1,2010-01-02,2011-05-16,470,457,11305
ESR0693,16055,113,16055,1,2010-01-04,2010-08-31,169,151,0
ETR0177,39330,109,39330,1,2010-01-04,2011-05-16,345,0,0
ETR0428,34600,363,34600,1,2010-01-04,2011-05-16,346,394,0
EWH0191,49478,270,49478,1,2010-01-04,2011-05-16,346,4863,0
EZH0736,56052,127,56052,1,2010-01-04,2011-05-16,346,492,0
EZT0640,10034,186,10034,1,2010-01-04,2011-05-16,346,2146,0
FAW0032,49478,161,49478,1,2010-01-04,2011-05-16,346,4424,0
FBA0348,49478,196,49478,1,2010-01-04,2011-05-16,346,0,0
FBW0747,59292,187,59292,1,2010-01-04,2011-05-16,366,534,3078
FDE0117,49478,196,49478,1,2010-01-04,2011-05-16,346,1976,0
FEB0306,3460,126,3460,1,2010-01-04,2011-05-16,346,0,0
FFC0891,5684,128,5684,1,2010-01-04,2010-10-08,196,67,0
FGW0853,56052,121,56052,1,2010-01-04,2011-05-16,346,2929,0
FHO0630,56052,277,56052,1,2010-01-04,2011-05-16,346,599,0
FHS0837,3450,176,3450,1,2010-01-04,2011-05-16,345,304,0
FIR0920,32870,108,32870,1,2010-01-04,2011-05-16,346,2043,0
FKB0163,32870,293,32870,1,2010-01-04,2011-05-16,346,3813,0
FKK0055,46400,310,46400,1,2010-01-02,2011-05-16,464,0,11500
FLM0213,49335,138,49335,1,2010-01-04,2011-05-16,345,2450,0
FMG0527,7832,91,7832,1,2010-01-04,2011-01-27,270,23,0
FOB0756,12325,293,12325,1,2010-01-02,2011-05-16,425,0,2088
FPC0954,3460,67,3460,1,2010-01-04,2011-05-16,346,438,0
FQA0854,56052,260,56052,1,2010-01-04,2011-05-16,346,2287,0
FRB0023,39444,271,39444,1,2010-01-04,2011-05-16,346,3232,0
FRL0511,10005,79,10005,1,2010-01-04,2011-05-16,345,0,0
FRR0832,3460,85,3460,1,2010-01-04,2011-05-16,346,326,0
FSB0399,31825,329,31825,1,2010-01-04,2011-04-29,335,519,0
FSC0601,49708,242,49708,1,2010-01-04,2011-03-18,306,478,0
FTM0406,23277,259,23277,1,2010-01-04,2010-12-20,246,235,0
FUM0015,65740,248,65740,1,2010-01-04,2011-05-16,346,4179,0
FWM0707,3460,131,3460,1,2010-01-04,2011-05-16,346,206,0
FXF0957,3460,130,3460,1,2010-01-04,2011-05-16,346,463,0
GAF0060,32870,135,32870,1,2010-01-04,2011-05-16,346,504,0
GAF0570,34600,214,34600,1,2010-01-04,2011-05-16,346,0,0
GBM0603,52164,270,52164,1,2010-01-04,2011-04-11,322,442,0
GCC0744,56052,253,56052,1,2010-01-04,2011-05-16,346,500,0
GCC0945,3460,103,3460,1,2010-01-04,2011-05-16,346,468,0
GCG0951,3460,81,3460,1,2010-01-04,2011-05-16,346,479,0
GCL0016,44232,191,44232,1,2010-01-04,2011-05-16,388,427,4788
GCR0554,32870,105,32870,1,2010-01-04,2011-05-16,346,286,0
GCS0518,10034,158,10034,1,2010-01-04,2011-05-16,346,0,0
GCS0571,3460,65,3460,1,2010-01-04,2011-05-16,346,0,0
GDF0704,3460,76,3460,1,2010-01-04,2011-05-16,346,174,0
GHH0288,3460,56,3460,1,2010-01-04,2011-05-16,346,9,0
GHL0460,2291,124,2291,1,2010-01-04,2010-11-24,229,30,0
GJD0298,3460,167,3460,1,2010-01-04,2011-05-16,346,0,0
GJT0386,32870,238,32870,1,2010-01-04,2011-05-16,346,435,0
GKO0078,65550,229,65550,1,2010-01-04,2011-05-16,345,7238,0
GLR0975,39444,135,39444,1,2010-01-04,2011-05-16,346,320,0
GMF0738,56052,182,56052,1,2010-01-04,2011-05-16,346,453,0
GNS0178,32870,198,32870,1,2010-01-04,2011-05-16,346,3144,0
GNZ0953,3460,146,3460,1,2010-01-04,2011-05-16,346,478,0
GOK0238,22895,224,22895,1,2010-01-04,2010-12-14,241,243,0
GQF0659,10034,137,10034,1,2010-01-04,2011-05-16,346,2149,0
GQP0743,56052,321,56052,1,2010-01-04,2011-05-16,346,511,0
GRC0145,39444,212,39444,1,2010-01-04,2011-05-16,346,0,0
GRM0868,56052,193,56052,1,2010-01-04,2011-05-16,346,2032,0
GTD0116,49478,135,49478,1,2010-01-04,2011-05-16,346,10133,0
GTD0219,13442,269,13442,1,2010-01-04,2010-06-18,118,1328,0
GTD0898,10034,174,10034,1,2010-01-04,2011-05-16,346,0,0
GZB0469,3450,81,3450,1,2010-01-04,2011-05-16,345,47,0
GZC0735,61047,159,61047,1,2010-01-04,2011-05-16,399,679,6732
HAC0282,32870,137,32870,1,2010-01-04,2011-05-16,346,0,0
HAD0246,46740,124,46740,1,2010-01-02,2011-05-16,492,1353,13300
HAH0248,32775,122,32775,1,2010-01-04,2011-05-16,345,299,0
HAH0760,10034,91,10034,1,2010-01-04,2011-05-16,346,0,0
HAM0985,32870,248,32870,1,2010-01-04,2011-05-16,346,1308,0
HAV0121,32775,269,32775,1,2010-01-04,2011-05-16,345,6828,0
HBB0056,32870,277,32870,1,2010-01-04,2011-05-16,346,0,0
HBO0413,30812,393,30812,1,2010-01-04,2011-04-12,323,352,0
HCC0344,10034,153,10034,1,2010-01-04,2011-05-16,346,912,0
HCL0113,32870,197,32870,1,2010-01-04,2011-05-16,346,0,0
HCL0651,10034,282,10034,1,2010-01-04,2011-05-16,346,2153,0
HCM0267,31140,136,31140,1,2010-01-04,2011-05-16,346,2893,0
HCS0003,98610,415,98610,1,2010-01-04,2011-05-16,346,0,0
HCV0478,56052,221,56052,1,2010-01-04,2011-05-16,346,0,0
HCW0419,32870,117,32870,1,2010-01-04,2011-05-16,346,277,0
HDD0789,49478,164,49478,1,2010-01-04,2011-05-16,346,2178,0
HDD0806,44840,223,44840,1,2010-01-02,2011-05-16,472,6787,11210
HDH0928,32870,119,32870,1,2010-01-04,2011-05-16,346,2248,0
HDJ0446,3460,98,3460,1,2010-01-04,2011-05-16,346,54,0
HDL0748,55890,260,55890,1,2010-01-04,2011-05-16,345,570,0
HDS0367,39420,285,39420,1,2010-01-04,2011-05-16,346,0,0
HFB0347,7656,87,7656,1,2010-01-04,2011-01-06,264,758,203
HGG0240,32775,328,32775,1,2010-01-04,2011-05-16,345,342,0
HGH0595,3460,154,3460,1,2010-01-04,2011-05-16,346,0,0
HGN0287,31050,137,31050,1,2010-01-04,2011-05-16,345,0,0
HIA0414,32870,217,32870,1,2010-01-04,2011-05-16,346,278,0
HIW0536,49335,164,49335,1,2010-01-04,2011-05-16,345,471,0
HJA0018,39444,137,39444,1,2010-01-04,2011-05-16,346,416,0
HJB0742,40972,179,40972,1,2010-01-04,2010-12-14,242,472,0
HJS0072,2375,97,2375,1,2010-01-04,2010-02-03,25,30,190
HKB0418,31540,149,31540,1,2010-01-04,2011-04-26,332,288,0
HKF0831,3460,123,3460,1,2010-01-04,2011-05-16,346,290,0
HKI0171,56052,335,56052,1,2010-01-04,2011-05-16,346,2739,0
HKR0628,56052,198,56052,1,2010-01-04,2011-05-16,346,606,0
HLH0512,14268,143,14268,1,2010-01-02,2011-05-16,492,0,3944
HLM0933,32870,141,32870,1,2010-01-04,2011-05-16,346,3430,0
HMM0108,5225,90,5225,1,2010-01-04,2010-03-19,55,0,0
HMW0713,3460,67,3460,1,2010-01-04,2011-05-16,346,172,0
HOB0994,32870,205,32870,1,2010-01-04,2011-05-16,346,6828,0
HPH0075,72720,238,72720,1,2010-01-02,2011-05-16,404,767,10440
HPM0986,49478,206,49478,1,2010-01-04,2011-05-16,346,1865,0
HPR0585,3460,144,3460,1,2010-01-04,2011-05-16,346,0,0
HRB0351,72770,116,72770,1,2010-01-04,2011-05-16,383,769,6270
HRD0635,2610,47,2610,1,2010-01-04,2010-05-10,90,571,0
HRL0540,34400,190,34400,1,2010-01-04,2011-05-16,344,7388,0
HRW0550,32870,122,32870,1,2010-01-04,2011-05-16,346,336,0
HSB0196,57000,142,57000,1,2010-01-02,2011-05-16,475,180,14520
HSD0457,3460,129,3460,1,2010-01-04,2011-05-16,346,47,0
HSG0818,32870,253,32870,1,2010-01-04,2011-05-16,346,4945,0
HSP0290,3450,154,3450,1,2010-01-04,2011-05-16,345,0,0
HTF0641,10034,151,10034,1,2010-01-04,2011-05-16,346,2130,0
HTH0007,98610,165,98610,1,2010-01-04,2011-05-16,346,15460,0
HVB0037,57629,234,57629,1,2010-01-02,2011-05-16,403,2903,7436
HVF0067,31140,228,31140,1,2010-01-04,2011-05-16,346,301,0
HWH0646,10034,117,10034,1,2010-01-04,2011-05-16,346,2233,0
HWM0342,10034,150,10034,1,2010-01-04,2011-05-16,346,988,0
HWW0436,31050,181,31050,1,2010-01-04,2011-05-16,345,564,0
HWY0038,12312,218,12312,1,2010-01-04,2010-06-04,108,1191,0
HXL0968,2225,179,2225,1,2010-01-04,2010-10-29,210,322,0
IAR0694,38380,174,38380,1,2010-01-02,2011-05-16,404,317,5415
IAT0263,17670,102,17670,1,2010-01-04,2010-09-24,186,1748,0
IBB0359,39444,278,39444,1,2010-01-04,2011-05-16,346,488,0
IBB0696,3460,76,3460,1,2010-01-04,2011-05-16,346,173,0
IBM0671,32775,259,32775,1,2010-01-04,2011-05-16,345,330,0
IBP0883,10380,195,10380,1,2010-01-04,2011-05-16,346,213,0
IBS0836,3402,202,3402,1,2010-01-04,2011-05-16,378,314,261
ICH0294,3460,125,3460,1,2010-01-04,2011-05-16,346,0,0
ICS0956,2510,88,2510,1,2010-01-04,2010-12-30,251,338,0
IDO0176,56052,122,56052,1,2010-01-04,2011-05-16,346,2873,0
IEB0153,17856,225,17856,1,2010-01-04,2011-05-16,372,0,1008
IHK0841,3460,121,3460,1,2010-01-04,2011-05-16,346,293,0
IIA0092,32870,183,32870,1,2010-01-04,2011-05-16,346,2885,0
IIL0513,13170,255,13170,1,2010-01-03,2011-05-16,439,0,2640
IIW0249,37145,337,37145,1,2010-01-02,2011-05-16,391,602,3800
IJM0139,3460,100,3460,1,2010-01-04,2011-05-16,346,0,0
IJM0444,32870,111,32870,1,2010-01-04,2011-05-16,346,478,0
IJM0776,5093,108,5093,1,2010-01-04,2010-09-02,171,0,0
IJR0825,3460,128,3460,1,2010-01-04,2011-05-16,346,316,0
IJW0851,56052,207,56052,1,2010-01-04,2011-05-16,346,1840,0
IKP0472,4446,170,4446,1,2010-01-02,2011-05-16,494,57,1287
IKR0401,27375,254,27375,1,2010-01-04,2011-02-21,287,424,0
ILC0838,3460,170,3460,1,2010-01-04,2011-05-16,346,312,0
ILH0958,3460,109,3460,1,2010-01-04,2011-05-16,346,489,0
ILJ0526,10875,140,10875,1,2010-01-04,2011-05-16,375,0,783
ILR0304,3460,120,3460,1,2010-01-04,2011-05-16,346,0,0
IMB0481,56052,376,56052,1,2010-01-04,2011-05-16,346,0,0
IMG0320,55890,243,55890,1,2010-01-04,2011-05-16,345,2458,0
IMP0530,10034,135,10034,1,2010-01-04,2011-05-16,346,0,0
IRM0931,45315,252,45315,1,2010-01-02,2011-05-16,477,6098,11590
IRT0491,56052,121,56052,1,2010-01-04,2011-05-16,346,0,0
IUB0565,22354,228,22354,1,2010-01-04,2010-12-03,234,0,0
IUY0279,31140,195,31140,1,2010-01-04,2011-05-16,346,0,0
IWM0816,32870,149,32870,1,2010-01-04,2011-05-16,346,5052,0
IYB0918,32870,158,32870,1,2010-01-04,2011-05-16,346,2255,0
JAD0609,56052,190,56052,1,2010-01-04,2011-05-16,346,502,0
JAJ0849,4420,141,4420,1,2010-01-03,2011-05-16,442,420,890
JAM0382,32870,174,32870,1,2010-01-04,2011-05-16,346,455,0
JAV0361,39377,245,39377,1,2010-01-04,2011-05-16,346,0,0
JBD0616,56052,280,56052,1,2010-01-04,2011-05-16,346,624,0
JBM0350,49478,247,49478,1,2010-01-04,2011-05-16,346,1395,0
JCC0225,39408,204,39408,1,2010-01-04,2011-05-16,346,3732,0
JCG0316,56052,276,56052,1,2010-01-04,2011-05-16,346,3191,0
JCR0172,65934,174,65934,1,2010-01-02,2011-05-16,407,3673,8910
JCR0289,3460,112,3460,1,2010-01-04,2011-05-16,346,0,0
JCR0770,10034,136,10034,1,2010-01-04,2011-05-16,346,0,0
JCR0921,32870,238,32870,1,2010-01-04,2011-05-16,346,2287,0
JCV0245,32870,212,32870,1,2010-01-04,2011-05-16,346,347,0
JCW0858,56052,292,56052,1,2010-01-04,2011-05-16,346,2346,0
JDB0169,56052,238,56052,1,2010-01-04,2011-05-16,346,2523,0
JDC0030,54378,365,54378,1,2010-01-02,2011-05-16,477,3437,14592
JDF0593,3670,94,3670,1,2010-01-04,2011-05-16,367,44,150
JER0404,32870,188,32870,1,2010-01-04,2011-05-16,346,516,0
JFC0557,32870,119,32870,1,2010-01-04,2011-05-16,346,0,0
JFC0757,10034,186,10034,1,2010-01-04,2011-05-16,346,0,0
JGM0934,32870,325,32870,1,2010-01-04,2011-05-16,346,3779,0
JGT0221,15438,255,15438,1,2010-01-04,2010-07-16,136,1492,0
JHP0583,4020,88,4020,1,2010-01-02,2011-05-16,402,36,520
JIG0128,32775,207,32775,1,2010-01-04,2011-05-16,345,1404,0
JIM0095,39444,197,39444,1,2010-01-04,2011-05-16,346,3836,0
JJB0127,32870,177,32870,1,2010-01-04,2011-05-16,346,1023,0
JJB0700,3460,81,3460,1,2010-01-04,2011-05-16,346,221,0
JJH0292,3520,143,3520,1,2010-01-04,2011-05-16,352,0,20
JJH0613,56052,215,56052,1,2010-01-04,2011-05-16,346,568,0
JJM0203,20181,181,20181,1,2010-01-04,2010-10-29,211,2208,0
JKB0126,32870,238,32870,1,2010-01-04,2011-05-16,346,1241,0
JKF0465,4200,111,4200,1,2010-01-02,2011-05-16,420,57,640
JKJ0698,4420,121,4420,1,2010-01-02,2011-05-16,442,266,930
JKM0303,3450,128,3450,1,2010-01-04,2011-05-16,345,0,0
JLM0364,38165,194,38165,1,2010-01-04,2011-04-29,335,78,0
JLW0053,49478,115,49478,1,2010-01-04,2011-05-16,346,787,0
JMB0308,24789,134,24789,1,2010-01-04,2010-08-09,153,1434,0
JMC0925,32870,114,32870,1,2010-01-04,2011-05-16,346,2312,0
JMD0520,10034,108,10034,1,2010-01-04,2011-05-16,346,95,0
JMH0543,21660,80,21660,1,2010-01-04,2010-11-23,228,206,0
JMK0099,32870,331,32870,1,2010-01-04,2011-05-16,346,3424,0
JML0909,10034,171,10034,1,2010-01-04,2011-05-16,346,0,0
JMW0638,10034,93,10034,1,2010-01-04,2011-05-16,346,2113,0
JNA0559,32870,340,32870,1,2010-01-04,2011-05-16,346,0,0
JNJ0556,32870,264,32870,1,2010-01-04,2011-05-16,346,0,0
JOL0024,39330,59,39330,1,2010-01-04,2011-05-16,345,1675,0
JOM0750,56052,286,56052,1,2010-01-04,2011-05-16,346,560,0
JPA0667,32870,224,32870,1,2010-01-04,2011-05-16,346,382,0
JPW0741,56052,156,56052,1,2010-01-04,2011-05-16,346,612,0
JRF0835,3460,187,3460,1,2010-01-04,2011-05-16,346,321,0
JRG0207,40185,112,40185,1,2010-01-04,2011-02-14,281,2296,0
JRH0455,550,57,550,1,2010-01-04,2010-03-19,55,6,0
JRL0574,3450,180,3450,1,2010-01-04,2011-05-13,345,0,0
JRS0362,39444,156,39444,1,2010-01-04,2011-05-16,346,0,0
JSA0775,10034,314,10034,1,2010-01-04,2011-05-16,346,0,0
JSH0330,10034,137,10034,1,2010-01-04,2011-05-16,346,1001,0
JTM0223,16026,217,16026,1,2010-01-04,2010-07-23,141,1668,0
JTS0389,32870,200,32870,1,2010-01-04,2011-05-16,346,384,0
JXH0493,56052,169,56052,1,2010-01-04,2011-05-16,346,0,0
JZD0888,10034,93,10034,1,2010-01-04,2011-05-16,346,0,0
KAC0124,32870,200,32870,1,2010-01-04,2011-05-16,346,1196,0
KAL0395,32775,138,32775,1,2010-01-04,2011-05-16,345,703,0
KAT0270,32870,296,32870,1,2010-01-04,2011-05-16,346,3201,0
KAT0489,56052,133,56052,1,2010-01-04,2011-05-16,346,0,0
KBB0189,39444,161,39444,1,2010-01-04,2011-05-16,346,5610,0
KBC0054,32870,164,32870,1,2010-01-04,2011-05-16,346,0,0
KBG0549,32870,310,32870,1,2010-01-04,2011-05-16,346,295,0
KBL0260,32870,230,32870,1,2010-01-04,2011-05-16,346,1335,0
KBP0008,103800,297,103800,1,2010-01-04,2011-05-16,346,15744,0
KBS0874,56052,211,56052,1,2010-01-04,2011-05-16,346,2593,0
KCB0815,32870,202,32870,1,2010-01-04,2011-05-16,346,4944,0
KCF0045,39209,138,39209,1,2010-01-04,2011-05-16,345,3565,0
KCO0122,32870,286,32870,1,2010-01-04,2011-05-16,346,6971,0
KCS0173,52938,161,52938,1,2010-01-04,2011-05-16,346,2645,0
KDS0349,49478,303,49478,1,2010-01-04,2011-05-16,346,526,0
KDT0346,10034,102,10034,1,2010-01-04,2011-05-16,346,1031,0
KES0729,56052,136,56051,1,2010-01-04,2011-05-16,346,512,0
KJA0152,39444,232,39444,1,2010-01-04,2011-05-16,346,0,0
KJG0910,10034,255,10034,1,2010-01-04,2011-05-16,346,0,0
KJJ0293,3460,119,3460,1,2010-01-04,2011-05-16,346,0,0
KJM0887,10034,138,10034,1,2010-01-04,2011-05-16,346,0,0
KJP0371,39403,202,39403,1,2010-01-04,2011-05-16,346,0,0
KJS0618,56052,176,56052,1,2010-01-04,2011-05-16,346,521,0
KJW0416,32775,237,32775,1,2010-01-04,2011-05-16,345,304,0
KKC0683,32870,121,32870,1,2010-01-04,2011-05-16,346,327,0
KKS0119,49478,409,49478,1,2010-01-04,2011-05-16,346,5197,0
KKW0879,61722,180,61722,1,2010-01-04,2011-05-16,381,2972,4374
KLH0596,2911,101,2911,1,2010-01-04,2011-02-25,292,5,2
KLM0639,10005,148,10005,1,2010-01-04,2011-05-16,345,2122,0
KMB0922,32775,291,32775,1,2010-01-04,2011-05-16,345,2481,0
KMS0657,10034,72,10034,1,2010-01-04,2011-05-16,346,2148,0
KMW0545,31140,218,31140,1,2010-01-04,2011-05-16,346,261,0
KNB0022,39444,184,39444,1,2010-01-04,2011-05-16,346,3537,0
KNG0672,28595,235,28595,1,2010-01-04,2011-03-11,301,286,0
KNW0644,10034,170,10034,1,2010-01-04,2011-05-16,346,2113,0
KPC0073,14158,153,14158,1,2010-01-04,2010-08-03,149,183,0
KPP0452,3460,71,3460,1,2010-01-04,2011-05-16,346,33,0
KPR0497,56052,229,56052,1,2010-01-04,2011-05-16,346,0,0
KQC0708,3460,121,3460,1,2010-01-04,2011-05-16,346,198,0
KQS0415,32775,192,32775,1,2010-01-04,2011-05-16,345,280,0
KRG0158,39444,206,39444,1,2010-01-04,2011-05-16,346,5891,0
KRL0062,39444,285,39444,1,2010-01-04,2011-05-16,346,4552,0
KRL0501,43049,329,43049,1,2010-01-04,2011-01-20,265,0,0
KRM0541,31050,228,31050,1,2010-01-04,2011-05-16,345,274,0
KRV0372,39444,349,39444,1,2010-01-04,2011-05-16,346,0,0
KSH0569,32870,260,32870,1,2010-01-04,2011-05-16,346,0,0
KSP0357,27018,149,27018,1,2010-01-04,2010-12-08,237,0,0
KSP0966,3460,166,3460,1,2010-01-04,2011-05-16,346,470,0
KTG0091,32870,253,32870,1,2010-01-04,2011-05-16,346,3099,0
KVS0425,32775,179,32775,1,2010-01-04,2011-05-16,345,306,0
KVT0028,32870,198,32870,1,2010-01-04,2011-05-16,346,1294,0
KWC0004,98610,329,98610,1,2010-01-04,2011-05-16,346,944,0
KWE0082,32870,235,32870,1,2010-01-04,2011-05-16,346,354,0
LAF0991,32870,157,32870,1,2010-01-04,2011-05-16,346,7055,0
LAM0911,49478,320,49478,1,2010-01-04,2011-05-16,346,3645,0
LAP0338,14123,154,14123,1,2010-01-02,2011-05-16,487,1538,3973
LBC0356,39444,350,39444,1,2010-01-04,2011-05-16,346,0,0
LBF0214,68400,178,68400,1,2010-01-03,2011-05-16,456,5310,15450
LBH0942,43035,167,43035,1,2010-01-03,2011-05-16,453,5344,9880
LCB0664,46710,139,46710,1,2010-01-04,2011-05-16,346,473,0
LCC0819,15028,211,15028,1,2010-01-04,2010-08-13,157,2233,0
LCD0622,55890,117,55890,1,2010-01-04,2011-05-16,345,629,0
LDB0090,39444,303,39444,1,2010-01-04,2011-05-16,346,3342,0
LDD0560,3800,104,3800,1,2010-01-03,2010-02-17,40,44,665
LDG0459,3460,139,3460,1,2010-01-04,2011-05-16,346,61,0
LDM0587,3460,229,3460,1,2010-01-04,2011-05-16,346,0,0
LEM0605,56052,294,56052,1,2010-01-04,2011-05-16,346,501,0
LFS0071,32870,271,32870,1,2010-01-04,2011-05-16,346,305,0
LHB0606,13284,264,13284,1,2010-01-04,2010-04-28,82,131,0
LHB0967,3460,72,3460,1,2010-01-04,2011-05-16,346,497,0
LHL0309,55728,187,55728,1,2010-01-04,2011-05-16,344,2750,0
LHN0151,16608,183,16608,1,2010-01-04,2011-05-16,346,0,0
LIM0674,33535,237,33535,1,2010-01-04,2011-05-16,353,903,760
LJB0826,3450,78,3450,1,2010-01-04,2011-05-16,345,282,0
LJJ0905,10005,122,10005,1,2010-01-04,2011-05-16,345,0,0
LJR0523,4818,213,4818,1,2010-01-04,2010-08-26,168,19,5
LJT0817,32870,211,32870,1,2010-01-04,2011-05-16,346,4848,0
LLV0602,56052,141,56052,1,2010-01-04,2011-05-16,346,581,0
LMF0980,39444,187,39444,1,2010-01-04,2011-05-16,346,3982,0
LNR0656,10034,235,10034,1,2010-01-04,2011-05-16,346,2128,0
LNS0989,32870,227,32870,1,2010-01-04,2011-05-16,346,1363,0
LOF0311,56052,230,56052,1,2010-01-04,2011-05-16,346,2683,0
LOM0086,13490,178,13490,1,2010-01-04,2010-07-23,142,627,0
LPC0492,52938,182,52938,1,2010-01-04,2011-05-16,346,0,0
LPH0572,370,94,370,1,2010-01-04,2010-02-23,37,0,0
LQC0479,31917,353,31917,1,2010-01-04,2010-10-11,197,116,0
LQP0508,10034,169,10034,1,2010-01-04,2011-05-16,346,0,0
LRR0148,57200,237,57200,1,2010-01-02,2011-05-16,400,7594,7007
LRW0970,3460,85,3460,1,2010-01-04,2011-05-16,346,473,0
LTS0860,56052,237,56052,1,2010-01-04,2011-05-16,346,2103,0
LUR0896,8046,72,8046,1,2010-01-04,2011-03-08,298,133,0
MAD0496,19116,120,19116,1,2010-01-03,2010-05-14,118,0,3726
MAD0753,56052,327,56052,1,2010-01-04,2011-05-16,346,511,0
MAE0331,10034,120,10034,1,2010-01-04,2011-05-16,346,1028,0
MAH0149,39444,142,39444,1,2010-01-04,2011-05-16,346,0,0
MAH0864,56052,152,56052,1,2010-01-04,2011-05-16,346,2386,0
MAR0955,2963,171,2963,1,2010-01-04,2011-03-04,297,405,1
MAS0025,28745,210,28745,1,2010-01-04,2010-10-15,201,1032,0
MAW0166,49478,96,49478,1,2010-01-04,2011-05-16,346,2395,0
MBG0438,22325,171,22325,1,2010-01-04,2010-12-06,235,250,0
MBJ0312,56052,140,56052,1,2010-01-04,2011-05-16,346,3270,0
MBR0724,3460,79,3460,1,2010-01-04,2011-05-16,346,212,0
MBW0809,2850,106,2850,1,2010-01-04,2010-02-12,30,452,0
MCD0125,16720,175,16720,1,2010-01-03,2010-07-19,176,621,3325
MCF0327,56052,259,56052,1,2010-01-04,2011-05-16,346,2928,0
MCF0600,2453,74,2453,1,2010-01-03,2010-10-16,245,12,419
MCJ0324,56052,157,56052,1,2010-01-04,2011-05-16,346,2448,0
MCS0035,49478,291,49478,1,2010-01-04,2011-05-16,346,2444,0
MCT0720,3460,57,3460,1,2010-01-04,2011-05-16,346,175,0
MDH0580,3089,151,3089,1,2010-01-04,2011-03-04,296,0,0
MDH0686,43605,289,43605,1,2010-01-03,2011-05-16,459,451,10260
MDM0625,55890,153,55890,1,2010-01-04,2011-05-16,345,592,0
MDM0976,39444,131,39444,1,2010-01-04,2011-05-16,346,376,0
MES0407,32775,299,32775,1,2010-01-04,2011-05-16,345,295,0
MFV0897,10005,157,10005,1,2010-01-04,2011-05-16,345,0,0
MGS0974,43320,173,43320,1,2010-01-04,2011-05-16,380,399,3876
MHA0798,32870,217,32870,1,2010-01-04,2011-05-16,346,0,0
MHG0244,32870,228,32870,1,2010-01-04,2011-05-16,346,307,0
MHG0733,56052,177,56052,1,2010-01-04,2011-05-16,346,413,0
MHH0180,7398,188,7398,1,2010-01-02,2010-12-02,274,784,999
MIB0904,10034,197,10034,1,2010-01-04,2011-05-16,346,0,0
MIC0726,56052,241,56052,1,2010-01-04,2011-05-16,346,577,0
MIL0255,32870,259,32870,1,2010-01-04,2011-05-16,346,1540,0
MIM0712,3460,53,3460,1,2010-01-04,2011-05-16,346,209,0
MJB0588,3460,124,3460,1,2010-01-04,2011-05-16,346,0,0
MJM0510,10034,134,10034,1,2010-01-04,2011-05-16,346,0,0
MJS0890,10034,206,10034,1,2010-01-04,2011-05-16,346,0,0
MKG0711,3460,161,3460,1,2010-01-04,2011-05-16,346,175,0
MKL0941,32870,173,32870,1,2010-01-04,2011-05-16,346,3587,0
MKP0861,56052,225,56052,1,2010-01-04,2011-05-16,346,2559,0
MKS0204,37368,109,37368,1,2010-01-04,2011-05-16,346,3732,0
MKW0441,9342,139,9342,1,2010-01-04,2011-05-16,346,89,0
MLD0755,56052,281,56052,1,2010-01-04,2011-05-16,346,521,0
MLG0475,3460,150,3460,1,2010-01-04,2011-05-16,346,44,0
MLL0598,3450,158,3450,1,2010-01-04,2011-05-16,345,0,0
MLM0950,4210,194,4210,1,2010-01-03,2011-05-16,421,598,750
MLP0668,32870,207,32870,1,2010-01-04,2011-05-16,346,316,0
MMB0488,50220,114,50220,1,2010-01-04,2011-03-24,310,0,0
MMG0943,32775,245,32775,1,2010-01-04,2011-05-16,345,3686,0
MNC0717,3460,72,3460,1,2010-01-04,2011-05-16,346,210,0
MNR0829,3460,149,3460,1,2010-01-04,2011-05-16,346,320,0
MNS0224,39304,245,39304,1,2010-01-04,2011-05-16,346,3429,0
MOH0273,38095,166,38095,1,2010-01-02,2011-05-16,401,3796,5035
MOP0763,10034,73,10034,1,2010-01-04,2011-05-16,346,0,0
MOS0047,20118,174,20118,1,2010-01-04,2010-09-10,176,1911,0
MPM0220,24551,214,24551,1,2010-01-04,2010-11-05,216,2704,0
MPT0376,32760,196,32760,1,2010-01-04,2011-05-16,364,360,1530
MSD0939,32870,159,32870,1,2010-01-04,2011-05-16,346,3923,0
MSG0839,3450,155,3450,1,2010-01-04,2011-05-16,345,309,0
MSH0040,28970,250,28970,1,2010-01-04,2011-01-06,255,2397,0
MSO0222,27086,158,27086,1,2010-01-04,2010-12-10,239,2469,0
MSS0001,138000,255,138000,1,2010-01-04,2011-05-16,345,1977,0
MSZ0310,56052,357,56052,1,2010-01-04,2011-05-16,346,3017,0
MTB0620,56052,230,56052,1,2010-01-04,2011-05-16,346,471,0
MTT0901,841,58,841,1,2010-01-04,2010-02-11,29,0,0
MVB0515,9342,71,9342,1,2010-01-04,2011-05-16,346,0,0
MVF0594,3460,253,3460,1,2010-01-04,2011-05-16,346,0,0
MVH0373,7524,201,7524,1,2010-01-04,2010-04-06,66,0,0
MYD0978,28617,227,28617,1,2010-01-04,2010-12-30,252,419,3
NAB0801,32870,168,32870,1,2010-01-04,2011-05-16,346,0,0
NAB0903,10034,229,10034,1,2010-01-04,2011-05-16,346,0,0
NAF0033,49192,222,49192,1,2010-01-04,2011-05-12,344,2700,0
NAF0326,74034,81,74034,1,2010-01-03,2011-05-16,457,3658,16524
NAH0503,64152,370,64152,1,2010-01-02,2011-05-16,396,666,6804
NAR0981,32870,308,32870,1,2010-01-04,2011-05-16,346,1405,0
NBC0412,34600,238,34600,1,2010-01-04,2011-05-16,346,241,0
NBH0256,32870,128,32870,1,2010-01-04,2011-05-16,346,1608,0
NCE0097,34600,308,34600,1,2010-01-04,2011-05-16,346,3381,0
NCH0179,39444,312,39444,1,2010-01-04,2011-05-16,346,3637,0
NCK0295,3460,230,3460,1,2010-01-04,2011-05-16,346,0,0
NCK0421,32870,245,32870,1,2010-01-04,2011-05-16,346,259,0
NCO0666,32870,198,32870,1,2010-01-04,2011-05-16,346,353,0
NDM0417,32870,251,32870,1,2010-01-04,2011-05-16,346,319,0
NGC0058,42800,173,42800,1,2010-01-03,2011-05-16,428,714,8100
NGF0157,36450,262,36450,1,2010-01-02,2011-05-16,405,5316,4590
NGO0690,32775,284,32775,1,2010-01-04,2011-05-16,345,281,0
NHE0919,32870,213,32870,1,2010-01-04,2011-05-16,346,2215,0
NHH0185,9342,134,9342,1,2010-01-04,2011-05-16,346,952,0
NIH0969,3460,143,3460,1,2010-01-04,2011-05-16,346,498,0
NJB0243,32870,210,32870,1,2010-01-04,2011-05-16,346,384,0
NJC0705,3460,157,3460,1,2010-01-04,2011-05-16,346,223,0
NKH0807,32870,168,32870,1,2010-01-04,2011-05-16,346,5078,0
NKH0979,39444,163,39444,1,2010-01-04,2011-05-16,346,4072,0
NKP0236,32870,175,32870,1,2010-01-04,2011-05-16,346,385,0
NLO0131,3460,173,3460,1,2010-01-04,2011-05-16,346,0,0
NMB0972,3460,203,3460,1,2010-01-04,2011-05-16,346,457,0
NMC0486,55728,109,55728,1,2010-01-04,2011-05-16,344,0,0
NMF0780,10034,159,10034,1,2010-01-04,2011-05-16,346,0,0
NMG0766,10034,209,10034,1,2010-01-04,2011-05-16,346,0,0
NMS0280,13080,239,13080,1,2010-01-03,2011-05-16,436,0,2610
NNA0610,55890,337,55890,1,2010-01-04,2011-05-16,345,691,0
NNS0059,32870,220,32870,1,2010-01-04,2011-05-16,346,536,0
NOB0181,12852,161,12852,1,2010-01-02,2011-05-16,476,1372,3267
NRD0548,29070,272,29070,1,2010-01-04,2011-03-18,306,229,0
NRF0137,3450,120,3450,1,2010-01-04,2011-05-16,345,0,0
NRO0768,9660,129,9660,1,2010-01-04,2011-04-11,322,0,0
NSC0597,3450,80,3450,1,2010-01-04,2011-05-16,345,0,0
NSS0876,56052,133,56052,1,2010-01-04,2011-05-16,346,2250,0
NUL0471,3460,89,3460,1,2010-01-04,2011-05-16,346,46,0
NWK0215,63492,269,63492,1,2010-01-02,2011-05-16,444,4234,13585
NWT0098,30435,260,30435,1,2010-01-04,2011-04-06,319,3068,0
OBH0499,69822,239,69822,1,2010-01-03,2011-05-16,431,415,13122
OCB0805,32870,222,32870,1,2010-01-04,2011-05-16,346,0,0
OCS0865,56052,413,56052,1,2010-01-04,2011-05-16,346,2170,0
OHC0973,3460,211,3460,1,2010-01-04,2011-05-16,346,475,0
OJK0233,32870,187,32870,1,2010-01-04,2011-05-16,346,551,0
OKB0439,32870,122,32870,1,2010-01-04,2011-05-16,346,287,0
OKC0107,32680,206,32680,1,2010-01-04,2011-05-13,344,0,0
OLB0749,15876,128,15876,1,2010-01-04,2010-05-20,98,150,0
OLF0504,56052,314,56052,1,2010-01-04,2011-05-16,346,0,0
OLW0689,32870,142,32870,1,2010-01-04,2011-05-16,346,306,0
OMM0944,3460,180,3460,1,2010-01-04,2011-05-16,346,458,0
OMS0101,32870,336,32870,1,2010-01-04,2011-05-16,346,3198,0
ONL0276,32870,202,32870,1,2010-01-04,2011-05-16,346,3434,0
ONW0083,32870,178,32870,1,2010-01-04,2011-05-16,346,302,0
OQH0183,10034,117,10034,1,2010-01-04,2011-05-16,346,991,0
ORB0473,3460,123,3460,1,2010-01-04,2011-05-16,346,45,0
ORG0339,10034,110,10034,1,2010-01-04,2011-05-16,346,968,0
ORM0669,32775,212,32775,1,2010-01-04,2011-05-16,345,353,0
OSH0655,10034,107,10034,1,2010-01-04,2011-05-16,346,2191,0
OYM0026,32870,249,32870,1,2010-01-04,2011-05-16,346,0,0
PAD0773,10380,155,10380,1,2010-01-04,2011-05-16,346,0,0
PBP0002,39330,116,39330,1,2010-01-04,2011-05-16,345,538,0
PDH0716,3460,189,3460,1,2010-01-04,2011-05-16,346,201,0
PDW0259,32870,274,32870,1,2010-01-04,2011-05-16,346,1568,0
PES0085,39444,171,39444,1,2010-01-04,2011-05-16,346,1891,0
PEV0323,56052,216,56052,1,2010-01-04,2011-05-16,346,4171,0
PGC0066,39444,108,39444,1,2010-01-04,2011-05-16,346,432,0
PGH0184,6641,142,6641,1,2010-01-04,2010-11-24,229,680,0
PGO0433,32870,160,32870,1,2010-01-04,2011-05-16,346,352,0
PID0426,32870,104,32870,1,2010-01-04,2011-05-16,346,990,0
PIS0522,10034,140,10034,1,2010-01-04,2011-05-16,346,0,0
PKB0281,32870,105,32870,1,2010-01-04,2011-05-16,346,0,0
PKB0429,32870,210,32870,1,2010-01-04,2011-05-16,346,318,0
PLH0715,3460,165,3460,1,2010-01-04,2011-05-16,346,180,0
PLH0862,56052,226,56052,1,2010-01-04,2011-05-16,346,2257,0
PMC0328,10034,124,10034,1,2010-01-04,2011-05-16,346,1018,0
PMJ0564,32870,162,32870,1,2010-01-04,2011-05-16,346,247,0
PMV0850,3450,139,3450,1,2010-01-04,2011-05-16,345,315,0
PNH0761,9342,206,9342,1,2010-01-04,2011-05-16,346,113,0
PNL0301,1674,63,1674,1,2010-01-04,2010-08-12,156,0,0
POB0343,10034,101,10034,1,2010-01-04,2011-05-16,346,934,0
PPF0435,27551,260,27551,1,2010-01-04,2011-02-24,290,372,0
PRM0740,56052,134,56052,1,2010-01-04,2011-05-16,346,567,0
PSF0133,2028,101,2028,1,2010-01-04,2010-09-30,190,0,0
PTH0552,32870,174,32870,1,2010-01-04,2011-05-16,346,261,0
PTH0830,4250,129,4250,1,2010-01-03,2011-05-16,425,423,740
QCH0110,8845,151,8845,1,2010-01-04,2011-03-17,305,0,0
QJR0688,34200,282,34200,1,2010-01-04,2011-05-16,360,390,1235
QNF0205,39444,174,39444,1,2010-01-04,2011-05-16,346,3942,0
QNP0216,39239,254,39239,1,2010-01-04,2011-05-16,345,3397,0
QOS0878,18306,124,18306,1,2010-01-03,2010-05-06,113,791,4050
QPM0727,56052,191,56051,1,2010-01-04,2011-05-16,346,717,0
QRM0739,56052,82,56052,1,2010-01-04,2011-05-16,346,497,0
QSV0778,10034,178,10034,1,2010-01-04,2011-05-16,346,0,0
RAB0589,1766,47,1766,1,2010-01-04,2010-10-08,197,6,1
RAG0275,32870,164,32870,1,2010-01-04,2011-05-16,346,3399,0
RAH0440,32870,143,32870,1,2010-01-04,2011-05-16,346,372,0
RAM0447,4490,136,4490,1,2010-01-03,2011-05-16,449,59,980
RAR0725,1859,66,1859,1,2010-01-04,2010-09-02,171,85,0
RAS0432,32870,192,32870,1,2010-01-04,2011-05-16,346,407,0
RAW0915,40300,336,40300,1,2010-01-02,2011-05-16,403,3022,4900
RBB0485,56052,166,56052,1,2010-01-04,2011-05-16,346,0,0
RCC0617,56052,225,56052,1,2010-01-04,2011-05-16,346,522,0
RCP0785,10034,262,10034,1,2010-01-04,2011-05-16,346,0,0
RDM0115,39330,211,39330,1,2010-01-04,2011-05-16,345,3081,0
RDM0150,16560,199,16560,1,2010-01-04,2011-05-16,345,0,0
RDT0424,32870,172,32870,1,2010-01-04,2011-05-16,346,325,0
RFP0380,32870,108,32870,1,2010-01-04,2011-05-16,346,392,0
RGG0064,21093,183,21093,1,2010-01-04,2010-11-15,222,2788,0
RGH0728,45522,203,45522,1,2010-01-04,2011-02-11,281,436,0
RGN0408,32870,122,32870,1,2010-01-04,2011-05-16,346,253,0
RHC0335,10034,248,10034,1,2010-01-04,2011-05-16,346,1025,0
RHL0992,16859,151,16859,1,2010-01-04,2010-09-10,176,3468,0
RHO0732,56052,169,56052,1,2010-01-04,2011-05-16,346,2086,0
RHP0484,55890,179,55890,1,2010-01-04,2011-05-16,345,0,0
RHY0079,65740,274,65740,1,2010-01-04,2011-05-16,346,0,0
RIH0777,10034,186,10034,1,2010-01-04,2011-05-16,346,0,0
RJB0088,32870,122,32870,1,2010-01-04,2011-05-16,346,1457,0
RJM0381,32870,202,32870,1,2010-01-04,2011-05-16,346,293,0
RKD0604,24302,190,24302,1,2010-01-04,2010-08-04,150,492,0
RKF0164,31730,355,31730,1,2010-01-04,2011-04-29,334,3543,0
RLB0719,3460,107,3460,1,2010-01-04,2011-05-16,346,229,0
RLG0856,58650,174,58650,1,2010-01-04,2011-05-16,345,3118,0
RMS0266,32775,332,32775,1,2010-01-04,2011-05-16,345,2871,0
RMW0542,15418,222,15418,1,2010-01-04,2010-08-19,161,153,0
RNF0765,10034,71,10034,1,2010-01-04,2011-05-16,346,0,0
RNL0695,32870,256,32870,1,2010-01-04,2011-05-16,346,219,0
RNP0211,49478,177,49478,1,2010-01-04,2011-05-16,346,2470,0
ROB0272,32870,106,32870,1,2010-01-04,2011-05-16,346,3267,0
RRA0938,32870,120,32870,1,2010-01-04,2011-05-16,346,3983,0
RRC0553,7220,131,7220,1,2010-01-02,2010-04-01,76,81,1140
RRP0568,32870,339,32870,1,2010-01-04,2011-05-16,346,0,0
RSC0089,32850,189,32850,1,2010-01-04,2011-05-16,365,2209,1440
RSM0277,32775,169,32775,1,2010-01-04,2011-05-16,345,3430,0
RTO0313,56052,297,56052,1,2010-01-04,2011-05-16,346,4131,0
RUM0880,55890,265,55890,1,2010-01-04,2011-05-16,345,2861,0
RVC0232,32870,196,32870,1,2010-01-04,2011-05-16,346,691,0
RVF0201,39444,155,39444,1,2010-01-04,2011-05-16,346,4384,0
RYB0718,3460,120,3460,1,2010-01-04,2011-05-16,346,208,0
RZC0746,77760,213,77760,1,2010-01-02,2011-05-16,480,690,20088
SAA0999,31140,237,31140,1,2010-01-04,2011-05-16,346,1208,0
SAB0781,10005,90,10005,1,2010-01-04,2011-05-16,345,0,0
SAC0592,3460,199,3460,1,2010-01-04,2011-05-16,346,0,0
SAC0687,32870,224,32870,1,2010-01-04,2011-05-16,346,264,0
SAH0599,3460,174,3460,1,2010-01-04,2011-05-16,346,0,0
SAK0375,39444,307,39444,1,2010-01-04,2011-05-16,346,0,0
SAP0867,23652,176,23652,1,2010-01-04,2010-07-29,146,931,0
SAT0194,39444,309,39444,1,2010-01-04,2011-05-16,346,0,0
SBD0913,10034,216,10034,1,2010-01-04,2011-05-16,346,1152,0
SBH0537,55198,251,55198,1,2010-01-04,2011-05-16,386,0,4576
SBK0161,65740,206,65740,1,2010-01-04,2011-05-16,346,0,0
SBN0495,56052,316,56052,1,2010-01-04,2011-05-16,346,0,0
SBN0866,56052,243,56052,1,2010-01-04,2011-05-16,346,2709,0
SBN0971,4490,66,4490,1,2010-01-03,2011-05-16,449,647,940
SBQ0786,49335,318,49335,1,2010-01-04,2011-05-16,345,0,0
SCB0534,10034,166,10034,1,2010-01-04,2011-05-16,346,0,0
SCF0608,56052,228,56052,1,2010-01-04,2011-05-16,346,641,0
SCP0130,10034,158,10034,1,2010-01-04,2011-05-16,346,0,0
SDB0106,32870,213,32870,1,2010-01-04,2011-05-16,346,0,0
SDF0017,39444,111,39444,1,2010-01-04,2011-05-16,346,363,0
SDO0170,55728,234,55728,1,2010-01-04,2011-05-16,344,3521,0
SED0886,10034,118,10034,1,2010-01-04,2011-05-16,346,77,0
SEJ0677,16720,122,16720,1,2010-01-04,2010-09-10,176,215,0
SER0165,39330,115,39330,1,2010-01-04,2011-05-16,345,2548,0
SES0477,56052,94,56052,1,2010-01-04,2011-05-16,346,0,0
SGB0140,3460,142,3460,1,2010-01-04,2011-05-16,346,0,0
SGG0787,49478,201,49478,1,2010-01-04,2011-05-16,346,7429,0
SGM0021,39444,266,39444,1,2010-01-04,2011-05-16,346,3286,0
SGS0268,32870,167,32870,1,2010-01-04,2011-05-16,346,3214,0
SHR0334,10034,117,10034,1,2010-01-04,2011-05-16,346,978,0
SHW0578,3460,99,3460,1,2010-01-04,2011-05-16,346,0,0
SIJ0661,49335,240,49335,1,2010-01-04,2011-05-16,345,443,0
SJC0333,10034,153,10034,1,2010-01-04,2011-05-16,346,986,0
SJF0094,32870,170,32870,1,2010-01-04,2011-05-16,346,2803,0
SJO0209,50479,153,50479,1,2010-01-04,2011-05-16,353,2757,0
SJW0451,3460,133,3460,1,2010-01-04,2011-05-16,346,54,0
SKG0759,10034,113,10034,1,2010-01-04,2011-05-16,346,0,0
SLB0049,65740,279,65740,1,2010-01-04,2011-05-16,346,0,0
SLP0762,10034,213,10034,1,2010-01-04,2011-05-16,346,0,0
SLT0907,5017,145,5017,1,2010-01-04,2010-09-07,173,0,0
SMB0804,32870,97,32870,1,2010-01-04,2011-05-16,346,0,0
SMH0291,4800,151,4800,1,2010-01-02,2011-05-16,480,0,1270
SMW0084,32870,113,32870,1,2010-01-04,2011-05-16,346,377,0
SMY0792,32870,200,32870,1,2010-01-04,2011-05-16,346,0,0
SNC0187,8700,135,8700,1,2010-01-04,2011-03-10,300,865,0
SNS0129,39444,195,39444,1,2010-01-04,2011-05-16,346,4015,0
SOB0360,25764,199,25764,1,2010-01-04,2010-11-19,226,0,0
SOB0586,3460,106,3460,1,2010-01-04,2011-05-16,346,0,0
SOF0808,32870,195,32870,1,2010-01-04,2011-05-16,346,5083,0
SOG0411,32870,234,32870,1,2010-01-04,2011-05-16,346,314,0
SPA0141,37368,106,37368,1,2010-01-04,2011-05-16,346,4561,0
SRH0155,41040,131,41040,1,2010-01-04,2011-05-16,360,5428,1368
SRS0231,32870,210,32870,1,2010-01-04,2011-05-16,346,494,0
SSG0250,32775,176,32775,1,2010-01-04,2011-05-16,345,325,0
SSH0799,32870,166,32870,1,2010-01-04,2011-05-16,346,0,0
SSJ0784,13137,148,13137,1,2010-01-02,2011-05-16,453,310,2987
SSR0278,18620,284,18620,1,2010-01-04,2010-10-08,196,0,0
SSS0345,10034,172,10034,1,2010-01-04,2011-05-16,346,996,0
SVL0803,32870,271,32870,1,2010-01-04,2011-05-16,346,0,0
SVL0940,32870,247,32870,1,2010-01-04,2011-05-16,346,3612,0
SVS0871,56052,214,56052,1,2010-01-04,2011-05-16,346,2042,0
SXM0895,10034,132,10034,1,2010-01-04,2011-05-16,346,0,0
TAC0300,3450,96,3450,1,2010-01-04,2011-05-16,345,0,0
TAP0551,21377,285,21377,1,2010-01-04,2010-11-18,226,271,6
TBT0461,3460,120,3460,1,2010-01-04,2011-05-16,346,44,0
TCD0009,39444,212,39444,1,2010-01-04,2011-05-16,346,0,0
TDG0962,3450,164,3450,1,2010-01-04,2011-05-16,345,488,0
TDJ0998,32870,138,32870,1,2010-01-04,2011-05-16,346,1442,0
TDS0984,40850,210,40850,1,2010-01-03,2011-05-16,430,1928,7600
TEB0251,32870,181,32870,1,2010-01-04,2011-05-16,346,278,0
TEM0093,23465,155,23465,1,2010-01-04,2010-12-22,247,2181,0
TEM0977,39444,121,39444,1,2010-01-04,2011-05-16,346,348,0
TET0621,56052,195,56052,1,2010-01-04,2011-05-16,346,521,0
THD0448,3460,116,3460,1,2010-01-04,2011-05-16,346,37,0
THR0873,58820,293,58820,1,2010-01-04,2011-05-16,346,2804,0
TIW0299,3460,57,3460,1,2010-01-04,2011-05-16,346,0,0
TJB0302,3460,69,3460,1,2010-01-04,2011-05-16,346,0,0
TJD0996,32870,145,32870,1,2010-01-04,2011-05-16,346,1193,0
TJG0582,3450,90,3450,1,2010-01-04,2011-05-16,345,0,0
TLH0648,10034,182,10034,1,2010-01-04,2011-05-16,346,2144,0
TLK0993,32870,149,32870,1,2010-01-04,2011-05-16,346,6880,0
TLM0797,32870,246,32870,1,2010-01-04,2011-05-16,346,0,0
TMA0069,32870,301,32870,1,2010-01-04,2011-05-16,346,227,0
TNM0961,2525,129,2525,1,2010-01-04,2010-12-13,240,399,0
TOR0193,39330,240,39330,1,2010-01-04,2011-05-16,345,0,0
TPH0474,3460,104,3460,1,2010-01-04,2011-05-16,346,47,0
TQS0212,49478,179,49478,1,2010-01-04,2011-05-16,346,2673,0
TRK0914,32870,83,32870,1,2010-01-04,2011-05-16,346,2241,0
TSB0437,10034,139,10034,1,2010-01-04,2011-05-16,346,112,0
TSG0906,10005,68,10005,1,2010-01-04,2011-05-16,345,0,0
TSM0363,39400,142,39400,1,2010-01-04,2011-05-16,346,0,0
TSM0927,32870,224,32870,1,2010-01-04,2011-05-16,346,2186,0
TSR0676,34600,194,34600,1,2010-01-04,2011-05-16,346,406,0
TTD1000,32870,265,32870,1,2010-01-04,2011-05-16,346,1316,0
TUC0632,10034,203,10034,1,2010-01-04,2011-05-16,346,2151,0
TVS0006,98610,129,98610,1,2010-01-04,2011-05-16,346,0,0
TVS0050,65740,162,65740,1,2010-01-04,2011-05-16,346,10997,0
TYB0779,10034,117,10034,1,2010-01-04,2011-05-16,346,0,0
UAD0771,10034,181,10034,1,2010-01-04,2011-05-16,346,0,0
UBF0645,10005,164,10005,1,2010-01-04,2011-05-16,345,2091,0
UCH0519,8091,69,8091,1,2010-01-04,2011-02-09,279,0,0
UCS0227,32870,265,32870,1,2010-01-04,2011-05-16,346,528,0
UFK0208,49478,256,49478,1,2010-01-04,2011-05-16,346,2595,0
UIR0043,39375,303,39375,1,2010-01-04,2011-05-16,346,3736,0
UJC0737,56052,196,56052,1,2010-01-04,2011-05-16,346,507,0
USH0199,32870,291,32870,1,2010-01-04,2011-05-16,346,3093,0
VAA0087,32870,176,32870,1,2010-01-04,2011-05-16,346,1869,0
VCC0396,32870,363,32870,1,2010-01-04,2011-05-16,346,857,0
VCY0751,56052,112,56052,1,2010-01-04,2011-05-16,346,504,0
VEB0935,32870,148,32870,1,2010-01-04,2011-05-16,346,3782,0
VFM0814,22800,266,22800,1,2010-01-04,2010-12-13,240,3513,0
VIA0063,49478,246,49478,1,2010-01-04,2011-05-16,346,439,0
VLB0647,10034,115,10034,1,2010-01-04,2011-05-16,346,2200,0
VMJ0147,49478,191,49478,1,2010-01-04,2011-05-16,346,0,0
VMJ0546,32870,218,32870,1,2010-01-04,2011-05-16,346,256,0
VSA0230,28120,307,28120,1,2010-01-04,2011-03-04,296,517,0
VSS0154,24506,116,24506,1,2010-01-04,2010-11-03,214,0,0
VTT0385,32870,265,32870,1,2010-01-04,2011-05-16,346,437,0
WAB0143,24130,190,24130,1,2010-01-04,2011-01-05,254,2392,0
WAS0254,32870,304,32870,1,2010-01-04,2011-05-16,346,1708,0
WBC0192,51900,81,51900,1,2010-01-04,2011-05-16,346,5396,0
WBC0315,55728,158,55728,1,2010-01-04,2011-05-16,344,2672,0
WDD0366,34850,231,34850,1,2010-01-04,2011-03-22,306,102,0
WDO0870,58820,296,58820,1,2010-01-04,2011-05-16,346,3094,0
WDV0573,3114,91,3114,1,2010-01-04,2011-05-16,346,52,0
WGR0833,3460,92,3460,1,2010-01-04,2011-05-16,346,322,0
WGS0516,10034,169,10034,1,2010-01-04,2011-05-16,346,0,0
WIF0691,34600,388,34600,1,2010-01-04,2011-05-16,346,382,0
WIQ0567,41990,171,41990,1,2010-01-03,2011-05-16,442,0,8835
WJD0576,3460,179,3460,1,2010-01-04,2011-05-16,346,0,0
WKD0013,65740,189,65740,1,2010-01-04,2011-05-16,346,693,0
WKF0012,65740,217,65740,1,2010-01-04,2011-05-16,346,2747,0
WLV0566,32870,177,32870,1,2010-01-04,2011-05-16,346,0,0
WNB0908,10034,215,10034,1,2010-01-04,2011-05-16,346,0,0
WPE0538,10005,146,10005,1,2010-01-04,2011-05-16,345,0,0
WPR0368,48533,241,48533,1,2010-01-02,2011-05-16,426,0,8778
WRM0963,1740,96,1740,1,2010-01-04,2010-09-08,174,266,0
WSR0241,32870,184,32870,1,2010-01-04,2011-05-16,346,266,0
WTF0387,32775,222,32775,1,2010-01-04,2011-05-16,345,376,0
WTR0563,32870,203,32870,1,2010-01-04,2011-05-16,346,0,0
WVB0539,49478,285,49478,1,2010-01-04,2011-05-16,346,471,0
WXH0872,56052,226,56052,1,2010-01-04,2011-05-16,346,2267,0
XAA0104,32870,171,32870,1,2010-01-04,2011-05-16,346,3523,0
XBN0229,32870,169,32870,1,2010-01-04,2011-05-16,346,597,0
XHG0902,10034,167,10034,1,2010-01-04,2011-05-16,346,0,0
XHW0498,31690,264,31690,1,2010-01-04,2010-10-07,195,0,0
XLB0710,3460,52,3460,1,2010-01-04,2011-05-16,346,214,0
XRS0633,10034,130,10034,1,2010-01-04,2011-05-16,346,2236,0
XWD0923,23750,249,23750,1,2010-01-04,2010-12-29,250,1644,0
YCE0983,32870,176,32870,1,2010-01-04,2011-05-16,346,1240,0
YDN0198,39444,92,39444,1,2010-01-04,2011-05-16,346,3871,0
YEV0793,32870,175,32870,1,2010-01-04,2011-05-16,346,0,0
YIC0195,40128,160,40128,1,2010-01-02,2011-02-04,352,0,7980
YJF0532,10034,66,10034,1,2010-01-04,2011-05-16,346,0,0
YJV0699,3460,237,3460,1,2010-01-04,2011-05-16,346,204,0
YWW0660,7569,159,7569,1,2010-01-04,2011-01-14,261,1568,0
ZCF0590,3450,122,3450,1,2010-01-04,2011-05-16,345,0,0
ZDW0859,52938,158,52938,1,2010-01-04,2011-05-16,346,2418,0
ZFM0468,3460,145,3460,1,2010-01-04,2011-05-16,346,56,0
ZJE0857,59454,270,59454,1,2010-01-04,2011-05-16,367,2456,2430
ZJS0269,32870,101,32870,1,2010-01-04,2011-05-16,346,3193,0
ZKS0899,9976,142,9976,1,2010-01-04,2011-05-16,344,0,0
ZMC0284,32870,118,32870,1,2010-01-04,2011-05-16,346,0,0
ZSB0649,10034,112,10034,1,2010-01-04,2011-05-16,346,2191,0
ZSK0258,32870,210,32870,1,2010-01-04,2011-05-16,346,1510,0
ZSL0305,3450,198,3450,1,2010-01-04,2011-05-16,345,0,0
